<?xml version="1.0" encoding="UTF-8"?>
<gpx version="1.1" creator="MapNC sample (positions and elevation only; timestamps and sensor data removed)" xmlns="http://www.topografix.com/GPX/1/1">
 <trk>
  <name>Sierra Buttes Fire Lookout</name>
  <type>hiking</type>
  <trkseg>
   <trkpt lat="39.6107690" lon="-120.6558340"><ele>2044.4</ele></trkpt>
   <trkpt lat="39.6107690" lon="-120.6558340"><ele>2044.6</ele></trkpt>
   <trkpt lat="39.6107900" lon="-120.6558790"><ele>2044.6</ele></trkpt>
   <trkpt lat="39.6107880" lon="-120.6558990"><ele>2044.6</ele></trkpt>
   <trkpt lat="39.6107880" lon="-120.6559260"><ele>2044.8</ele></trkpt>
   <trkpt lat="39.6107880" lon="-120.6559760"><ele>2045.0</ele></trkpt>
   <trkpt lat="39.6107900" lon="-120.6560660"><ele>2045.0</ele></trkpt>
   <trkpt lat="39.6107860" lon="-120.6560900"><ele>2044.8</ele></trkpt>
   <trkpt lat="39.6107800" lon="-120.6561540"><ele>2044.4</ele></trkpt>
   <trkpt lat="39.6107710" lon="-120.6561790"><ele>2044.2</ele></trkpt>
   <trkpt lat="39.6107420" lon="-120.6562410"><ele>2044.4</ele></trkpt>
   <trkpt lat="39.6107260" lon="-120.6563250"><ele>2044.0</ele></trkpt>
   <trkpt lat="39.6107200" lon="-120.6563590"><ele>2044.0</ele></trkpt>
   <trkpt lat="39.6107110" lon="-120.6563940"><ele>2043.8</ele></trkpt>
   <trkpt lat="39.6107100" lon="-120.6564080"><ele>2043.6</ele></trkpt>
   <trkpt lat="39.6107060" lon="-120.6564170"><ele>2043.6</ele></trkpt>
   <trkpt lat="39.6107000" lon="-120.6564490"><ele>2043.4</ele></trkpt>
   <trkpt lat="39.6106950" lon="-120.6564610"><ele>2043.2</ele></trkpt>
   <trkpt lat="39.6106880" lon="-120.6564760"><ele>2043.0</ele></trkpt>
   <trkpt lat="39.6106320" lon="-120.6565430"><ele>2042.4</ele></trkpt>
   <trkpt lat="39.6106290" lon="-120.6565570"><ele>2042.4</ele></trkpt>
   <trkpt lat="39.6105930" lon="-120.6566370"><ele>2042.2</ele></trkpt>
   <trkpt lat="39.6105870" lon="-120.6566500"><ele>2042.2</ele></trkpt>
   <trkpt lat="39.6105610" lon="-120.6567080"><ele>2042.4</ele></trkpt>
   <trkpt lat="39.6105490" lon="-120.6567190"><ele>2042.4</ele></trkpt>
   <trkpt lat="39.6105150" lon="-120.6567460"><ele>2042.4</ele></trkpt>
   <trkpt lat="39.6104390" lon="-120.6567540"><ele>2042.0</ele></trkpt>
   <trkpt lat="39.6104310" lon="-120.6567500"><ele>2042.0</ele></trkpt>
   <trkpt lat="39.6103830" lon="-120.6567320"><ele>2042.2</ele></trkpt>
   <trkpt lat="39.6103650" lon="-120.6567180"><ele>2042.4</ele></trkpt>
   <trkpt lat="39.6102980" lon="-120.6566650"><ele>2041.4</ele></trkpt>
   <trkpt lat="39.6102880" lon="-120.6566540"><ele>2041.2</ele></trkpt>
   <trkpt lat="39.6102400" lon="-120.6566500"><ele>2040.6</ele></trkpt>
   <trkpt lat="39.6102300" lon="-120.6566560"><ele>2040.6</ele></trkpt>
   <trkpt lat="39.6101640" lon="-120.6567070"><ele>2040.6</ele></trkpt>
   <trkpt lat="39.6101020" lon="-120.6566780"><ele>2040.6</ele></trkpt>
   <trkpt lat="39.6100470" lon="-120.6566530"><ele>2040.6</ele></trkpt>
   <trkpt lat="39.6100160" lon="-120.6566360"><ele>2040.4</ele></trkpt>
   <trkpt lat="39.6100100" lon="-120.6566370"><ele>2040.2</ele></trkpt>
   <trkpt lat="39.6100050" lon="-120.6566380"><ele>2040.2</ele></trkpt>
   <trkpt lat="39.6099990" lon="-120.6566400"><ele>2040.2</ele></trkpt>
   <trkpt lat="39.6099720" lon="-120.6566410"><ele>2040.0</ele></trkpt>
   <trkpt lat="39.6099230" lon="-120.6566400"><ele>2040.0</ele></trkpt>
   <trkpt lat="39.6099090" lon="-120.6566420"><ele>2040.0</ele></trkpt>
   <trkpt lat="39.6098860" lon="-120.6566460"><ele>2040.2</ele></trkpt>
   <trkpt lat="39.6098700" lon="-120.6566460"><ele>2040.4</ele></trkpt>
   <trkpt lat="39.6098470" lon="-120.6566430"><ele>2040.6</ele></trkpt>
   <trkpt lat="39.6098320" lon="-120.6566400"><ele>2040.6</ele></trkpt>
   <trkpt lat="39.6097390" lon="-120.6566040"><ele>2040.6</ele></trkpt>
   <trkpt lat="39.6097110" lon="-120.6565960"><ele>2040.6</ele></trkpt>
   <trkpt lat="39.6096580" lon="-120.6565660"><ele>2041.2</ele></trkpt>
   <trkpt lat="39.6096380" lon="-120.6565560"><ele>2041.2</ele></trkpt>
   <trkpt lat="39.6096030" lon="-120.6565240"><ele>2041.4</ele></trkpt>
   <trkpt lat="39.6095940" lon="-120.6565190"><ele>2041.2</ele></trkpt>
   <trkpt lat="39.6094990" lon="-120.6565320"><ele>2040.8</ele></trkpt>
   <trkpt lat="39.6094300" lon="-120.6565550"><ele>2040.8</ele></trkpt>
   <trkpt lat="39.6093630" lon="-120.6565670"><ele>2041.2</ele></trkpt>
   <trkpt lat="39.6093110" lon="-120.6566060"><ele>2042.0</ele></trkpt>
   <trkpt lat="39.6093030" lon="-120.6566110"><ele>2042.0</ele></trkpt>
   <trkpt lat="39.6092830" lon="-120.6566180"><ele>2042.4</ele></trkpt>
   <trkpt lat="39.6092770" lon="-120.6566210"><ele>2042.6</ele></trkpt>
   <trkpt lat="39.6092500" lon="-120.6566270"><ele>2043.0</ele></trkpt>
   <trkpt lat="39.6091880" lon="-120.6566270"><ele>2043.4</ele></trkpt>
   <trkpt lat="39.6091780" lon="-120.6566300"><ele>2043.4</ele></trkpt>
   <trkpt lat="39.6091670" lon="-120.6566310"><ele>2043.8</ele></trkpt>
   <trkpt lat="39.6091600" lon="-120.6566320"><ele>2044.0</ele></trkpt>
   <trkpt lat="39.6091410" lon="-120.6566320"><ele>2044.2</ele></trkpt>
   <trkpt lat="39.6091190" lon="-120.6566350"><ele>2044.6</ele></trkpt>
   <trkpt lat="39.6091110" lon="-120.6566400"><ele>2044.8</ele></trkpt>
   <trkpt lat="39.6090820" lon="-120.6566550"><ele>2045.4</ele></trkpt>
   <trkpt lat="39.6090760" lon="-120.6566610"><ele>2045.6</ele></trkpt>
   <trkpt lat="39.6090660" lon="-120.6566680"><ele>2045.8</ele></trkpt>
   <trkpt lat="39.6090550" lon="-120.6566750"><ele>2046.0</ele></trkpt>
   <trkpt lat="39.6089930" lon="-120.6566740"><ele>2046.4</ele></trkpt>
   <trkpt lat="39.6089760" lon="-120.6566770"><ele>2046.6</ele></trkpt>
   <trkpt lat="39.6089650" lon="-120.6566830"><ele>2046.8</ele></trkpt>
   <trkpt lat="39.6089330" lon="-120.6566930"><ele>2047.8</ele></trkpt>
   <trkpt lat="39.6089220" lon="-120.6566930"><ele>2048.0</ele></trkpt>
   <trkpt lat="39.6088930" lon="-120.6566820"><ele>2048.4</ele></trkpt>
   <trkpt lat="39.6088820" lon="-120.6566790"><ele>2049.2</ele></trkpt>
   <trkpt lat="39.6088770" lon="-120.6566750"><ele>2049.4</ele></trkpt>
   <trkpt lat="39.6088590" lon="-120.6566670"><ele>2050.0</ele></trkpt>
   <trkpt lat="39.6088420" lon="-120.6566690"><ele>2050.4</ele></trkpt>
   <trkpt lat="39.6088320" lon="-120.6566700"><ele>2050.8</ele></trkpt>
   <trkpt lat="39.6088070" lon="-120.6566760"><ele>2051.4</ele></trkpt>
   <trkpt lat="39.6087850" lon="-120.6566840"><ele>2051.8</ele></trkpt>
   <trkpt lat="39.6087530" lon="-120.6567240"><ele>2051.8</ele></trkpt>
   <trkpt lat="39.6087170" lon="-120.6567910"><ele>2052.4</ele></trkpt>
   <trkpt lat="39.6087090" lon="-120.6568060"><ele>2052.6</ele></trkpt>
   <trkpt lat="39.6086760" lon="-120.6569420"><ele>2053.2</ele></trkpt>
   <trkpt lat="39.6086790" lon="-120.6569640"><ele>2053.6</ele></trkpt>
   <trkpt lat="39.6086570" lon="-120.6570860"><ele>2053.6</ele></trkpt>
   <trkpt lat="39.6086420" lon="-120.6571650"><ele>2052.6</ele></trkpt>
   <trkpt lat="39.6086260" lon="-120.6572340"><ele>2052.6</ele></trkpt>
   <trkpt lat="39.6085640" lon="-120.6573120"><ele>2052.8</ele></trkpt>
   <trkpt lat="39.6085540" lon="-120.6573210"><ele>2052.8</ele></trkpt>
   <trkpt lat="39.6085170" lon="-120.6573400"><ele>2052.8</ele></trkpt>
   <trkpt lat="39.6084930" lon="-120.6573620"><ele>2053.2</ele></trkpt>
   <trkpt lat="39.6084820" lon="-120.6574040"><ele>2053.6</ele></trkpt>
   <trkpt lat="39.6084610" lon="-120.6574660"><ele>2054.2</ele></trkpt>
   <trkpt lat="39.6084550" lon="-120.6574780"><ele>2054.4</ele></trkpt>
   <trkpt lat="39.6084240" lon="-120.6575210"><ele>2054.4</ele></trkpt>
   <trkpt lat="39.6083940" lon="-120.6575520"><ele>2054.6</ele></trkpt>
   <trkpt lat="39.6083560" lon="-120.6575930"><ele>2055.2</ele></trkpt>
   <trkpt lat="39.6083040" lon="-120.6576500"><ele>2055.6</ele></trkpt>
   <trkpt lat="39.6082870" lon="-120.6576650"><ele>2055.6</ele></trkpt>
   <trkpt lat="39.6082850" lon="-120.6576780"><ele>2055.8</ele></trkpt>
   <trkpt lat="39.6082870" lon="-120.6576800"><ele>2056.0</ele></trkpt>
   <trkpt lat="39.6083100" lon="-120.6576690"><ele>2056.6</ele></trkpt>
   <trkpt lat="39.6083270" lon="-120.6576660"><ele>2055.6</ele></trkpt>
   <trkpt lat="39.6083280" lon="-120.6576620"><ele>2055.2</ele></trkpt>
   <trkpt lat="39.6083250" lon="-120.6576660"><ele>2055.4</ele></trkpt>
   <trkpt lat="39.6083240" lon="-120.6576640"><ele>2056.2</ele></trkpt>
   <trkpt lat="39.6083240" lon="-120.6576640"><ele>2055.6</ele></trkpt>
   <trkpt lat="39.6083000" lon="-120.6576340"><ele>2055.4</ele></trkpt>
   <trkpt lat="39.6082960" lon="-120.6576180"><ele>2054.6</ele></trkpt>
   <trkpt lat="39.6082950" lon="-120.6576210"><ele>2054.6</ele></trkpt>
   <trkpt lat="39.6082540" lon="-120.6576230"><ele>2055.0</ele></trkpt>
   <trkpt lat="39.6082280" lon="-120.6576080"><ele>2055.2</ele></trkpt>
   <trkpt lat="39.6081980" lon="-120.6576180"><ele>2055.6</ele></trkpt>
   <trkpt lat="39.6081930" lon="-120.6576300"><ele>2055.8</ele></trkpt>
   <trkpt lat="39.6082470" lon="-120.6577170"><ele>2056.6</ele></trkpt>
   <trkpt lat="39.6082540" lon="-120.6577220"><ele>2056.8</ele></trkpt>
   <trkpt lat="39.6082710" lon="-120.6577320"><ele>2057.0</ele></trkpt>
   <trkpt lat="39.6083060" lon="-120.6577360"><ele>2057.4</ele></trkpt>
   <trkpt lat="39.6083470" lon="-120.6577420"><ele>2058.0</ele></trkpt>
   <trkpt lat="39.6083600" lon="-120.6577450"><ele>2058.0</ele></trkpt>
   <trkpt lat="39.6083700" lon="-120.6577440"><ele>2058.0</ele></trkpt>
   <trkpt lat="39.6084410" lon="-120.6577260"><ele>2058.4</ele></trkpt>
   <trkpt lat="39.6085090" lon="-120.6577270"><ele>2059.0</ele></trkpt>
   <trkpt lat="39.6085220" lon="-120.6577260"><ele>2059.2</ele></trkpt>
   <trkpt lat="39.6086080" lon="-120.6577240"><ele>2059.8</ele></trkpt>
   <trkpt lat="39.6086490" lon="-120.6577180"><ele>2060.0</ele></trkpt>
   <trkpt lat="39.6086760" lon="-120.6577080"><ele>2060.2</ele></trkpt>
   <trkpt lat="39.6087440" lon="-120.6577010"><ele>2060.6</ele></trkpt>
   <trkpt lat="39.6087550" lon="-120.6576980"><ele>2060.6</ele></trkpt>
   <trkpt lat="39.6087640" lon="-120.6576950"><ele>2060.6</ele></trkpt>
   <trkpt lat="39.6087800" lon="-120.6576950"><ele>2060.8</ele></trkpt>
   <trkpt lat="39.6087920" lon="-120.6576900"><ele>2060.8</ele></trkpt>
   <trkpt lat="39.6087970" lon="-120.6576850"><ele>2060.8</ele></trkpt>
   <trkpt lat="39.6088260" lon="-120.6576690"><ele>2061.0</ele></trkpt>
   <trkpt lat="39.6088360" lon="-120.6576650"><ele>2061.0</ele></trkpt>
   <trkpt lat="39.6088470" lon="-120.6576640"><ele>2061.0</ele></trkpt>
   <trkpt lat="39.6088900" lon="-120.6576610"><ele>2061.0</ele></trkpt>
   <trkpt lat="39.6088990" lon="-120.6576600"><ele>2061.0</ele></trkpt>
   <trkpt lat="39.6089230" lon="-120.6576610"><ele>2061.0</ele></trkpt>
   <trkpt lat="39.6089420" lon="-120.6576470"><ele>2061.2</ele></trkpt>
   <trkpt lat="39.6089740" lon="-120.6576200"><ele>2061.6</ele></trkpt>
   <trkpt lat="39.6090330" lon="-120.6575800"><ele>2061.2</ele></trkpt>
   <trkpt lat="39.6090970" lon="-120.6575200"><ele>2061.2</ele></trkpt>
   <trkpt lat="39.6091290" lon="-120.6574960"><ele>2060.8</ele></trkpt>
   <trkpt lat="39.6091400" lon="-120.6574930"><ele>2060.8</ele></trkpt>
   <trkpt lat="39.6091980" lon="-120.6574870"><ele>2061.2</ele></trkpt>
   <trkpt lat="39.6092430" lon="-120.6574710"><ele>2061.4</ele></trkpt>
   <trkpt lat="39.6092670" lon="-120.6574620"><ele>2061.4</ele></trkpt>
   <trkpt lat="39.6092810" lon="-120.6574570"><ele>2061.4</ele></trkpt>
   <trkpt lat="39.6093380" lon="-120.6574750"><ele>2061.6</ele></trkpt>
   <trkpt lat="39.6093280" lon="-120.6574910"><ele>2061.6</ele></trkpt>
   <trkpt lat="39.6093110" lon="-120.6575040"><ele>2061.8</ele></trkpt>
   <trkpt lat="39.6093020" lon="-120.6575050"><ele>2062.2</ele></trkpt>
   <trkpt lat="39.6092930" lon="-120.6575090"><ele>2062.6</ele></trkpt>
   <trkpt lat="39.6092760" lon="-120.6575120"><ele>2063.2</ele></trkpt>
   <trkpt lat="39.6092670" lon="-120.6575240"><ele>2063.4</ele></trkpt>
   <trkpt lat="39.6092030" lon="-120.6575450"><ele>2064.2</ele></trkpt>
   <trkpt lat="39.6091950" lon="-120.6575490"><ele>2064.4</ele></trkpt>
   <trkpt lat="39.6091790" lon="-120.6575560"><ele>2064.6</ele></trkpt>
   <trkpt lat="39.6091620" lon="-120.6575610"><ele>2064.8</ele></trkpt>
   <trkpt lat="39.6091320" lon="-120.6575810"><ele>2065.6</ele></trkpt>
   <trkpt lat="39.6090950" lon="-120.6576120"><ele>2066.0</ele></trkpt>
   <trkpt lat="39.6090910" lon="-120.6576140"><ele>2065.8</ele></trkpt>
   <trkpt lat="39.6090880" lon="-120.6576150"><ele>2065.8</ele></trkpt>
   <trkpt lat="39.6090850" lon="-120.6576160"><ele>2065.8</ele></trkpt>
   <trkpt lat="39.6090770" lon="-120.6576170"><ele>2065.6</ele></trkpt>
   <trkpt lat="39.6090720" lon="-120.6576200"><ele>2065.8</ele></trkpt>
   <trkpt lat="39.6090710" lon="-120.6576030"><ele>2065.8</ele></trkpt>
   <trkpt lat="39.6090680" lon="-120.6576100"><ele>2065.6</ele></trkpt>
   <trkpt lat="39.6090710" lon="-120.6576130"><ele>2065.4</ele></trkpt>
   <trkpt lat="39.6090710" lon="-120.6576210"><ele>2065.4</ele></trkpt>
   <trkpt lat="39.6090700" lon="-120.6576200"><ele>2065.0</ele></trkpt>
   <trkpt lat="39.6090650" lon="-120.6576210"><ele>2064.6</ele></trkpt>
   <trkpt lat="39.6090670" lon="-120.6576160"><ele>2064.6</ele></trkpt>
   <trkpt lat="39.6090660" lon="-120.6576120"><ele>2064.4</ele></trkpt>
   <trkpt lat="39.6090630" lon="-120.6576130"><ele>2064.6</ele></trkpt>
   <trkpt lat="39.6090520" lon="-120.6576100"><ele>2064.6</ele></trkpt>
   <trkpt lat="39.6090630" lon="-120.6576590"><ele>2064.8</ele></trkpt>
   <trkpt lat="39.6090570" lon="-120.6576460"><ele>2063.6</ele></trkpt>
   <trkpt lat="39.6090520" lon="-120.6576460"><ele>2063.4</ele></trkpt>
   <trkpt lat="39.6090490" lon="-120.6576460"><ele>2063.4</ele></trkpt>
   <trkpt lat="39.6090490" lon="-120.6576470"><ele>2063.4</ele></trkpt>
   <trkpt lat="39.6090480" lon="-120.6576420"><ele>2063.4</ele></trkpt>
   <trkpt lat="39.6090430" lon="-120.6576300"><ele>2065.0</ele></trkpt>
   <trkpt lat="39.6090510" lon="-120.6576240"><ele>2066.0</ele></trkpt>
   <trkpt lat="39.6090520" lon="-120.6576160"><ele>2066.0</ele></trkpt>
   <trkpt lat="39.6090560" lon="-120.6576140"><ele>2065.2</ele></trkpt>
   <trkpt lat="39.6090550" lon="-120.6576200"><ele>2064.6</ele></trkpt>
   <trkpt lat="39.6090470" lon="-120.6576220"><ele>2065.0</ele></trkpt>
   <trkpt lat="39.6090430" lon="-120.6576250"><ele>2065.0</ele></trkpt>
   <trkpt lat="39.6090500" lon="-120.6576400"><ele>2065.8</ele></trkpt>
   <trkpt lat="39.6090520" lon="-120.6576420"><ele>2065.6</ele></trkpt>
   <trkpt lat="39.6090540" lon="-120.6576470"><ele>2065.8</ele></trkpt>
   <trkpt lat="39.6090560" lon="-120.6576490"><ele>2064.8</ele></trkpt>
   <trkpt lat="39.6090530" lon="-120.6576450"><ele>2065.0</ele></trkpt>
   <trkpt lat="39.6090460" lon="-120.6576520"><ele>2065.0</ele></trkpt>
   <trkpt lat="39.6089920" lon="-120.6577120"><ele>2065.0</ele></trkpt>
   <trkpt lat="39.6089420" lon="-120.6577530"><ele>2065.2</ele></trkpt>
   <trkpt lat="39.6089280" lon="-120.6577850"><ele>2066.0</ele></trkpt>
   <trkpt lat="39.6089260" lon="-120.6577910"><ele>2066.4</ele></trkpt>
   <trkpt lat="39.6089100" lon="-120.6578240"><ele>2067.0</ele></trkpt>
   <trkpt lat="39.6088530" lon="-120.6578790"><ele>2068.0</ele></trkpt>
   <trkpt lat="39.6088460" lon="-120.6578860"><ele>2068.2</ele></trkpt>
   <trkpt lat="39.6088370" lon="-120.6578970"><ele>2068.6</ele></trkpt>
   <trkpt lat="39.6088220" lon="-120.6579040"><ele>2069.0</ele></trkpt>
   <trkpt lat="39.6088150" lon="-120.6579110"><ele>2069.2</ele></trkpt>
   <trkpt lat="39.6088020" lon="-120.6579240"><ele>2069.6</ele></trkpt>
   <trkpt lat="39.6087840" lon="-120.6579430"><ele>2069.8</ele></trkpt>
   <trkpt lat="39.6087720" lon="-120.6579550"><ele>2069.8</ele></trkpt>
   <trkpt lat="39.6087640" lon="-120.6579930"><ele>2070.4</ele></trkpt>
   <trkpt lat="39.6087720" lon="-120.6580200"><ele>2070.6</ele></trkpt>
   <trkpt lat="39.6087800" lon="-120.6580320"><ele>2071.2</ele></trkpt>
   <trkpt lat="39.6087900" lon="-120.6580250"><ele>2071.4</ele></trkpt>
   <trkpt lat="39.6088000" lon="-120.6580220"><ele>2071.6</ele></trkpt>
   <trkpt lat="39.6088130" lon="-120.6580040"><ele>2071.8</ele></trkpt>
   <trkpt lat="39.6088340" lon="-120.6580060"><ele>2072.6</ele></trkpt>
   <trkpt lat="39.6088430" lon="-120.6579980"><ele>2072.6</ele></trkpt>
   <trkpt lat="39.6089340" lon="-120.6580110"><ele>2073.6</ele></trkpt>
   <trkpt lat="39.6089640" lon="-120.6580220"><ele>2073.8</ele></trkpt>
   <trkpt lat="39.6090080" lon="-120.6580250"><ele>2073.6</ele></trkpt>
   <trkpt lat="39.6091140" lon="-120.6580480"><ele>2074.2</ele></trkpt>
   <trkpt lat="39.6092480" lon="-120.6579670"><ele>2074.2</ele></trkpt>
   <trkpt lat="39.6092800" lon="-120.6579520"><ele>2074.0</ele></trkpt>
   <trkpt lat="39.6093640" lon="-120.6579070"><ele>2074.2</ele></trkpt>
   <trkpt lat="39.6093890" lon="-120.6578990"><ele>2074.2</ele></trkpt>
   <trkpt lat="39.6094700" lon="-120.6578950"><ele>2074.8</ele></trkpt>
   <trkpt lat="39.6094860" lon="-120.6578890"><ele>2075.2</ele></trkpt>
   <trkpt lat="39.6095150" lon="-120.6578830"><ele>2075.8</ele></trkpt>
   <trkpt lat="39.6095280" lon="-120.6578800"><ele>2075.8</ele></trkpt>
   <trkpt lat="39.6095520" lon="-120.6578760"><ele>2076.0</ele></trkpt>
   <trkpt lat="39.6096070" lon="-120.6578780"><ele>2076.0</ele></trkpt>
   <trkpt lat="39.6096440" lon="-120.6578860"><ele>2076.0</ele></trkpt>
   <trkpt lat="39.6096850" lon="-120.6579020"><ele>2076.6</ele></trkpt>
   <trkpt lat="39.6096950" lon="-120.6578960"><ele>2076.8</ele></trkpt>
   <trkpt lat="39.6097070" lon="-120.6578940"><ele>2077.0</ele></trkpt>
   <trkpt lat="39.6097550" lon="-120.6578940"><ele>2077.2</ele></trkpt>
   <trkpt lat="39.6097800" lon="-120.6579020"><ele>2077.2</ele></trkpt>
   <trkpt lat="39.6097880" lon="-120.6579030"><ele>2077.2</ele></trkpt>
   <trkpt lat="39.6097970" lon="-120.6579040"><ele>2077.2</ele></trkpt>
   <trkpt lat="39.6098940" lon="-120.6578800"><ele>2077.8</ele></trkpt>
   <trkpt lat="39.6099050" lon="-120.6578770"><ele>2077.8</ele></trkpt>
   <trkpt lat="39.6099390" lon="-120.6578590"><ele>2078.0</ele></trkpt>
   <trkpt lat="39.6100030" lon="-120.6578360"><ele>2078.0</ele></trkpt>
   <trkpt lat="39.6100280" lon="-120.6578290"><ele>2077.8</ele></trkpt>
   <trkpt lat="39.6101550" lon="-120.6578100"><ele>2078.0</ele></trkpt>
   <trkpt lat="39.6101700" lon="-120.6578020"><ele>2078.2</ele></trkpt>
   <trkpt lat="39.6102670" lon="-120.6578000"><ele>2078.6</ele></trkpt>
   <trkpt lat="39.6102840" lon="-120.6578050"><ele>2078.6</ele></trkpt>
   <trkpt lat="39.6103610" lon="-120.6578680"><ele>2078.4</ele></trkpt>
   <trkpt lat="39.6103770" lon="-120.6579020"><ele>2078.4</ele></trkpt>
   <trkpt lat="39.6103910" lon="-120.6579250"><ele>2078.4</ele></trkpt>
   <trkpt lat="39.6104000" lon="-120.6579500"><ele>2078.2</ele></trkpt>
   <trkpt lat="39.6104120" lon="-120.6580170"><ele>2078.6</ele></trkpt>
   <trkpt lat="39.6104130" lon="-120.6581070"><ele>2079.0</ele></trkpt>
   <trkpt lat="39.6104120" lon="-120.6581410"><ele>2079.2</ele></trkpt>
   <trkpt lat="39.6103950" lon="-120.6582020"><ele>2079.0</ele></trkpt>
   <trkpt lat="39.6103800" lon="-120.6582690"><ele>2078.8</ele></trkpt>
   <trkpt lat="39.6103770" lon="-120.6583250"><ele>2079.2</ele></trkpt>
   <trkpt lat="39.6103830" lon="-120.6583540"><ele>2079.6</ele></trkpt>
   <trkpt lat="39.6103910" lon="-120.6583790"><ele>2079.8</ele></trkpt>
   <trkpt lat="39.6103990" lon="-120.6583920"><ele>2079.8</ele></trkpt>
   <trkpt lat="39.6104210" lon="-120.6584220"><ele>2080.2</ele></trkpt>
   <trkpt lat="39.6104710" lon="-120.6585260"><ele>2080.4</ele></trkpt>
   <trkpt lat="39.6105120" lon="-120.6586110"><ele>2080.4</ele></trkpt>
   <trkpt lat="39.6105600" lon="-120.6586960"><ele>2080.4</ele></trkpt>
   <trkpt lat="39.6105660" lon="-120.6587080"><ele>2080.4</ele></trkpt>
   <trkpt lat="39.6105810" lon="-120.6587230"><ele>2080.6</ele></trkpt>
   <trkpt lat="39.6106030" lon="-120.6587500"><ele>2081.0</ele></trkpt>
   <trkpt lat="39.6106090" lon="-120.6587580"><ele>2081.0</ele></trkpt>
   <trkpt lat="39.6106190" lon="-120.6587630"><ele>2081.2</ele></trkpt>
   <trkpt lat="39.6106300" lon="-120.6587730"><ele>2081.2</ele></trkpt>
   <trkpt lat="39.6106480" lon="-120.6588120"><ele>2081.8</ele></trkpt>
   <trkpt lat="39.6106790" lon="-120.6588780"><ele>2082.4</ele></trkpt>
   <trkpt lat="39.6107380" lon="-120.6589900"><ele>2083.2</ele></trkpt>
   <trkpt lat="39.6107660" lon="-120.6590280"><ele>2083.4</ele></trkpt>
   <trkpt lat="39.6107800" lon="-120.6590630"><ele>2083.4</ele></trkpt>
   <trkpt lat="39.6107850" lon="-120.6590680"><ele>2083.4</ele></trkpt>
   <trkpt lat="39.6107790" lon="-120.6590870"><ele>2083.0</ele></trkpt>
   <trkpt lat="39.6107920" lon="-120.6592210"><ele>2082.2</ele></trkpt>
   <trkpt lat="39.6107860" lon="-120.6592650"><ele>2081.8</ele></trkpt>
   <trkpt lat="39.6107590" lon="-120.6593800"><ele>2082.4</ele></trkpt>
   <trkpt lat="39.6107410" lon="-120.6594280"><ele>2082.8</ele></trkpt>
   <trkpt lat="39.6107250" lon="-120.6594780"><ele>2083.2</ele></trkpt>
   <trkpt lat="39.6107110" lon="-120.6595100"><ele>2083.4</ele></trkpt>
   <trkpt lat="39.6106770" lon="-120.6595910"><ele>2083.4</ele></trkpt>
   <trkpt lat="39.6106720" lon="-120.6596520"><ele>2083.6</ele></trkpt>
   <trkpt lat="39.6106700" lon="-120.6596780"><ele>2083.8</ele></trkpt>
   <trkpt lat="39.6106550" lon="-120.6597230"><ele>2084.2</ele></trkpt>
   <trkpt lat="39.6106690" lon="-120.6598370"><ele>2084.6</ele></trkpt>
   <trkpt lat="39.6106620" lon="-120.6599390"><ele>2085.4</ele></trkpt>
   <trkpt lat="39.6106680" lon="-120.6599970"><ele>2085.6</ele></trkpt>
   <trkpt lat="39.6106680" lon="-120.6600090"><ele>2085.8</ele></trkpt>
   <trkpt lat="39.6106600" lon="-120.6600560"><ele>2086.4</ele></trkpt>
   <trkpt lat="39.6106460" lon="-120.6600920"><ele>2086.6</ele></trkpt>
   <trkpt lat="39.6106280" lon="-120.6601010"><ele>2086.8</ele></trkpt>
   <trkpt lat="39.6106250" lon="-120.6600920"><ele>2087.0</ele></trkpt>
   <trkpt lat="39.6106180" lon="-120.6600750"><ele>2087.2</ele></trkpt>
   <trkpt lat="39.6106000" lon="-120.6600520"><ele>2087.2</ele></trkpt>
   <trkpt lat="39.6105870" lon="-120.6600370"><ele>2087.2</ele></trkpt>
   <trkpt lat="39.6105820" lon="-120.6600270"><ele>2087.2</ele></trkpt>
   <trkpt lat="39.6105680" lon="-120.6599810"><ele>2087.2</ele></trkpt>
   <trkpt lat="39.6105600" lon="-120.6599080"><ele>2087.8</ele></trkpt>
   <trkpt lat="39.6105560" lon="-120.6598740"><ele>2088.0</ele></trkpt>
   <trkpt lat="39.6105170" lon="-120.6597690"><ele>2088.4</ele></trkpt>
   <trkpt lat="39.6105150" lon="-120.6597570"><ele>2088.4</ele></trkpt>
   <trkpt lat="39.6105080" lon="-120.6597000"><ele>2088.8</ele></trkpt>
   <trkpt lat="39.6105110" lon="-120.6595940"><ele>2089.2</ele></trkpt>
   <trkpt lat="39.6105140" lon="-120.6595780"><ele>2089.2</ele></trkpt>
   <trkpt lat="39.6105210" lon="-120.6595600"><ele>2089.4</ele></trkpt>
   <trkpt lat="39.6105260" lon="-120.6595450"><ele>2089.4</ele></trkpt>
   <trkpt lat="39.6105260" lon="-120.6594890"><ele>2089.8</ele></trkpt>
   <trkpt lat="39.6105310" lon="-120.6593420"><ele>2090.6</ele></trkpt>
   <trkpt lat="39.6105290" lon="-120.6593250"><ele>2090.6</ele></trkpt>
   <trkpt lat="39.6105260" lon="-120.6593100"><ele>2090.6</ele></trkpt>
   <trkpt lat="39.6105210" lon="-120.6592970"><ele>2090.8</ele></trkpt>
   <trkpt lat="39.6105020" lon="-120.6592550"><ele>2090.8</ele></trkpt>
   <trkpt lat="39.6104750" lon="-120.6592170"><ele>2091.2</ele></trkpt>
   <trkpt lat="39.6104630" lon="-120.6591890"><ele>2091.2</ele></trkpt>
   <trkpt lat="39.6104540" lon="-120.6591730"><ele>2091.4</ele></trkpt>
   <trkpt lat="39.6104390" lon="-120.6591370"><ele>2091.6</ele></trkpt>
   <trkpt lat="39.6104310" lon="-120.6591210"><ele>2091.6</ele></trkpt>
   <trkpt lat="39.6104170" lon="-120.6590830"><ele>2091.4</ele></trkpt>
   <trkpt lat="39.6103980" lon="-120.6590540"><ele>2092.0</ele></trkpt>
   <trkpt lat="39.6103880" lon="-120.6590200"><ele>2092.2</ele></trkpt>
   <trkpt lat="39.6103860" lon="-120.6590060"><ele>2092.2</ele></trkpt>
   <trkpt lat="39.6103900" lon="-120.6589770"><ele>2092.2</ele></trkpt>
   <trkpt lat="39.6103810" lon="-120.6589300"><ele>2092.2</ele></trkpt>
   <trkpt lat="39.6103480" lon="-120.6588400"><ele>2092.0</ele></trkpt>
   <trkpt lat="39.6103420" lon="-120.6588260"><ele>2092.0</ele></trkpt>
   <trkpt lat="39.6103340" lon="-120.6587830"><ele>2091.8</ele></trkpt>
   <trkpt lat="39.6103310" lon="-120.6587670"><ele>2091.6</ele></trkpt>
   <trkpt lat="39.6102590" lon="-120.6586810"><ele>2092.2</ele></trkpt>
   <trkpt lat="39.6102390" lon="-120.6586700"><ele>2092.2</ele></trkpt>
   <trkpt lat="39.6102280" lon="-120.6586650"><ele>2092.2</ele></trkpt>
   <trkpt lat="39.6101720" lon="-120.6586320"><ele>2092.8</ele></trkpt>
   <trkpt lat="39.6101380" lon="-120.6586140"><ele>2093.0</ele></trkpt>
   <trkpt lat="39.6101010" lon="-120.6585930"><ele>2094.0</ele></trkpt>
   <trkpt lat="39.6100550" lon="-120.6585650"><ele>2095.0</ele></trkpt>
   <trkpt lat="39.6100440" lon="-120.6585560"><ele>2095.0</ele></trkpt>
   <trkpt lat="39.6100050" lon="-120.6585240"><ele>2095.6</ele></trkpt>
   <trkpt lat="39.6099950" lon="-120.6585160"><ele>2095.8</ele></trkpt>
   <trkpt lat="39.6099850" lon="-120.6585110"><ele>2096.0</ele></trkpt>
   <trkpt lat="39.6099750" lon="-120.6585050"><ele>2096.4</ele></trkpt>
   <trkpt lat="39.6099640" lon="-120.6585000"><ele>2096.6</ele></trkpt>
   <trkpt lat="39.6099330" lon="-120.6584860"><ele>2097.0</ele></trkpt>
   <trkpt lat="39.6099070" lon="-120.6584780"><ele>2097.2</ele></trkpt>
   <trkpt lat="39.6098960" lon="-120.6584730"><ele>2097.4</ele></trkpt>
   <trkpt lat="39.6098710" lon="-120.6584640"><ele>2097.6</ele></trkpt>
   <trkpt lat="39.6098610" lon="-120.6584640"><ele>2097.8</ele></trkpt>
   <trkpt lat="39.6098480" lon="-120.6584630"><ele>2097.8</ele></trkpt>
   <trkpt lat="39.6098330" lon="-120.6584630"><ele>2098.0</ele></trkpt>
   <trkpt lat="39.6098190" lon="-120.6584560"><ele>2098.0</ele></trkpt>
   <trkpt lat="39.6098070" lon="-120.6584540"><ele>2098.2</ele></trkpt>
   <trkpt lat="39.6097970" lon="-120.6584520"><ele>2098.4</ele></trkpt>
   <trkpt lat="39.6097600" lon="-120.6584720"><ele>2098.6</ele></trkpt>
   <trkpt lat="39.6097600" lon="-120.6584820"><ele>2098.6</ele></trkpt>
   <trkpt lat="39.6097670" lon="-120.6585000"><ele>2098.6</ele></trkpt>
   <trkpt lat="39.6097760" lon="-120.6585340"><ele>2099.0</ele></trkpt>
   <trkpt lat="39.6097920" lon="-120.6585500"><ele>2099.4</ele></trkpt>
   <trkpt lat="39.6097950" lon="-120.6585550"><ele>2099.6</ele></trkpt>
   <trkpt lat="39.6098160" lon="-120.6585920"><ele>2100.0</ele></trkpt>
   <trkpt lat="39.6098250" lon="-120.6586090"><ele>2100.0</ele></trkpt>
   <trkpt lat="39.6098250" lon="-120.6586090"><ele>2099.8</ele></trkpt>
   <trkpt lat="39.6098400" lon="-120.6586360"><ele>2099.6</ele></trkpt>
   <trkpt lat="39.6098480" lon="-120.6586510"><ele>2099.4</ele></trkpt>
   <trkpt lat="39.6098670" lon="-120.6586830"><ele>2099.4</ele></trkpt>
   <trkpt lat="39.6098840" lon="-120.6587360"><ele>2099.4</ele></trkpt>
   <trkpt lat="39.6099000" lon="-120.6587620"><ele>2099.4</ele></trkpt>
   <trkpt lat="39.6099000" lon="-120.6587620"><ele>2100.0</ele></trkpt>
   <trkpt lat="39.6099050" lon="-120.6589250"><ele>2100.4</ele></trkpt>
   <trkpt lat="39.6099100" lon="-120.6589420"><ele>2100.8</ele></trkpt>
   <trkpt lat="39.6099100" lon="-120.6589420"><ele>2100.8</ele></trkpt>
   <trkpt lat="39.6101350" lon="-120.6589790"><ele>2101.0</ele></trkpt>
   <trkpt lat="39.6101410" lon="-120.6589540"><ele>2101.4</ele></trkpt>
   <trkpt lat="39.6101270" lon="-120.6590100"><ele>2101.8</ele></trkpt>
   <trkpt lat="39.6101220" lon="-120.6590350"><ele>2102.0</ele></trkpt>
   <trkpt lat="39.6101150" lon="-120.6590480"><ele>2102.2</ele></trkpt>
   <trkpt lat="39.6101130" lon="-120.6590640"><ele>2102.2</ele></trkpt>
   <trkpt lat="39.6101150" lon="-120.6590830"><ele>2102.2</ele></trkpt>
   <trkpt lat="39.6101050" lon="-120.6591070"><ele>2102.4</ele></trkpt>
   <trkpt lat="39.6100910" lon="-120.6591290"><ele>2102.6</ele></trkpt>
   <trkpt lat="39.6100850" lon="-120.6591470"><ele>2102.8</ele></trkpt>
   <trkpt lat="39.6100730" lon="-120.6591640"><ele>2102.8</ele></trkpt>
   <trkpt lat="39.6100640" lon="-120.6592010"><ele>2103.2</ele></trkpt>
   <trkpt lat="39.6100320" lon="-120.6592950"><ele>2103.8</ele></trkpt>
   <trkpt lat="39.6100300" lon="-120.6593140"><ele>2103.8</ele></trkpt>
   <trkpt lat="39.6100220" lon="-120.6593580"><ele>2104.2</ele></trkpt>
   <trkpt lat="39.6100050" lon="-120.6594050"><ele>2104.6</ele></trkpt>
   <trkpt lat="39.6099910" lon="-120.6594350"><ele>2104.8</ele></trkpt>
   <trkpt lat="39.6099790" lon="-120.6594590"><ele>2105.0</ele></trkpt>
   <trkpt lat="39.6099650" lon="-120.6595050"><ele>2105.6</ele></trkpt>
   <trkpt lat="39.6099550" lon="-120.6595300"><ele>2106.0</ele></trkpt>
   <trkpt lat="39.6099400" lon="-120.6595450"><ele>2106.2</ele></trkpt>
   <trkpt lat="39.6099320" lon="-120.6595760"><ele>2106.6</ele></trkpt>
   <trkpt lat="39.6099300" lon="-120.6595890"><ele>2107.0</ele></trkpt>
   <trkpt lat="39.6099340" lon="-120.6596580"><ele>2107.6</ele></trkpt>
   <trkpt lat="39.6099230" lon="-120.6596600"><ele>2108.2</ele></trkpt>
   <trkpt lat="39.6099220" lon="-120.6596550"><ele>2108.2</ele></trkpt>
   <trkpt lat="39.6099160" lon="-120.6596350"><ele>2108.6</ele></trkpt>
   <trkpt lat="39.6099190" lon="-120.6596220"><ele>2108.8</ele></trkpt>
   <trkpt lat="39.6099210" lon="-120.6595970"><ele>2109.2</ele></trkpt>
   <trkpt lat="39.6099220" lon="-120.6595560"><ele>2109.8</ele></trkpt>
   <trkpt lat="39.6099230" lon="-120.6595410"><ele>2110.0</ele></trkpt>
   <trkpt lat="39.6099210" lon="-120.6595270"><ele>2110.4</ele></trkpt>
   <trkpt lat="39.6099130" lon="-120.6594900"><ele>2110.8</ele></trkpt>
   <trkpt lat="39.6099150" lon="-120.6594710"><ele>2110.8</ele></trkpt>
   <trkpt lat="39.6099470" lon="-120.6593780"><ele>2111.4</ele></trkpt>
   <trkpt lat="39.6099510" lon="-120.6593590"><ele>2111.6</ele></trkpt>
   <trkpt lat="39.6099470" lon="-120.6592420"><ele>2112.0</ele></trkpt>
   <trkpt lat="39.6099450" lon="-120.6592320"><ele>2111.8</ele></trkpt>
   <trkpt lat="39.6099210" lon="-120.6592090"><ele>2111.4</ele></trkpt>
   <trkpt lat="39.6099110" lon="-120.6592000"><ele>2111.4</ele></trkpt>
   <trkpt lat="39.6098530" lon="-120.6591950"><ele>2111.8</ele></trkpt>
   <trkpt lat="39.6098490" lon="-120.6592020"><ele>2112.0</ele></trkpt>
   <trkpt lat="39.6098490" lon="-120.6592340"><ele>2112.4</ele></trkpt>
   <trkpt lat="39.6098520" lon="-120.6592400"><ele>2112.6</ele></trkpt>
   <trkpt lat="39.6098510" lon="-120.6592600"><ele>2113.2</ele></trkpt>
   <trkpt lat="39.6098310" lon="-120.6592880"><ele>2113.6</ele></trkpt>
   <trkpt lat="39.6098000" lon="-120.6593580"><ele>2114.6</ele></trkpt>
   <trkpt lat="39.6097940" lon="-120.6593690"><ele>2114.6</ele></trkpt>
   <trkpt lat="39.6097810" lon="-120.6593930"><ele>2114.6</ele></trkpt>
   <trkpt lat="39.6097500" lon="-120.6595400"><ele>2115.4</ele></trkpt>
   <trkpt lat="39.6097480" lon="-120.6595700"><ele>2115.6</ele></trkpt>
   <trkpt lat="39.6097310" lon="-120.6596270"><ele>2116.4</ele></trkpt>
   <trkpt lat="39.6097080" lon="-120.6597030"><ele>2116.6</ele></trkpt>
   <trkpt lat="39.6096940" lon="-120.6597240"><ele>2116.6</ele></trkpt>
   <trkpt lat="39.6096280" lon="-120.6598340"><ele>2116.8</ele></trkpt>
   <trkpt lat="39.6095940" lon="-120.6598560"><ele>2117.0</ele></trkpt>
   <trkpt lat="39.6095660" lon="-120.6598900"><ele>2117.2</ele></trkpt>
   <trkpt lat="39.6095280" lon="-120.6599950"><ele>2117.4</ele></trkpt>
   <trkpt lat="39.6095070" lon="-120.6600300"><ele>2117.4</ele></trkpt>
   <trkpt lat="39.6094720" lon="-120.6601010"><ele>2117.8</ele></trkpt>
   <trkpt lat="39.6094530" lon="-120.6601390"><ele>2118.2</ele></trkpt>
   <trkpt lat="39.6094430" lon="-120.6601720"><ele>2118.4</ele></trkpt>
   <trkpt lat="39.6094260" lon="-120.6602120"><ele>2118.8</ele></trkpt>
   <trkpt lat="39.6094080" lon="-120.6602440"><ele>2119.4</ele></trkpt>
   <trkpt lat="39.6093790" lon="-120.6602830"><ele>2119.8</ele></trkpt>
   <trkpt lat="39.6093700" lon="-120.6602910"><ele>2119.8</ele></trkpt>
   <trkpt lat="39.6093440" lon="-120.6603260"><ele>2120.6</ele></trkpt>
   <trkpt lat="39.6093360" lon="-120.6603350"><ele>2121.0</ele></trkpt>
   <trkpt lat="39.6093250" lon="-120.6603550"><ele>2121.0</ele></trkpt>
   <trkpt lat="39.6093090" lon="-120.6603750"><ele>2121.0</ele></trkpt>
   <trkpt lat="39.6092770" lon="-120.6604200"><ele>2120.6</ele></trkpt>
   <trkpt lat="39.6092730" lon="-120.6604290"><ele>2120.6</ele></trkpt>
   <trkpt lat="39.6092420" lon="-120.6604870"><ele>2121.4</ele></trkpt>
   <trkpt lat="39.6091780" lon="-120.6606120"><ele>2121.4</ele></trkpt>
   <trkpt lat="39.6091430" lon="-120.6607310"><ele>2122.0</ele></trkpt>
   <trkpt lat="39.6090950" lon="-120.6607720"><ele>2122.6</ele></trkpt>
   <trkpt lat="39.6090770" lon="-120.6607570"><ele>2123.0</ele></trkpt>
   <trkpt lat="39.6090730" lon="-120.6607420"><ele>2123.8</ele></trkpt>
   <trkpt lat="39.6090760" lon="-120.6607340"><ele>2124.0</ele></trkpt>
   <trkpt lat="39.6090790" lon="-120.6607220"><ele>2124.4</ele></trkpt>
   <trkpt lat="39.6090920" lon="-120.6606670"><ele>2125.0</ele></trkpt>
   <trkpt lat="39.6091070" lon="-120.6606530"><ele>2125.2</ele></trkpt>
   <trkpt lat="39.6091550" lon="-120.6605880"><ele>2125.2</ele></trkpt>
   <trkpt lat="39.6091730" lon="-120.6605520"><ele>2125.4</ele></trkpt>
   <trkpt lat="39.6092070" lon="-120.6605090"><ele>2126.2</ele></trkpt>
   <trkpt lat="39.6092250" lon="-120.6604890"><ele>2126.2</ele></trkpt>
   <trkpt lat="39.6092570" lon="-120.6604460"><ele>2126.0</ele></trkpt>
   <trkpt lat="39.6092940" lon="-120.6603260"><ele>2126.2</ele></trkpt>
   <trkpt lat="39.6093220" lon="-120.6602240"><ele>2126.0</ele></trkpt>
   <trkpt lat="39.6093190" lon="-120.6602060"><ele>2126.2</ele></trkpt>
   <trkpt lat="39.6093150" lon="-120.6601760"><ele>2126.2</ele></trkpt>
   <trkpt lat="39.6093270" lon="-120.6601090"><ele>2125.8</ele></trkpt>
   <trkpt lat="39.6093620" lon="-120.6600280"><ele>2125.2</ele></trkpt>
   <trkpt lat="39.6093740" lon="-120.6599740"><ele>2125.0</ele></trkpt>
   <trkpt lat="39.6093860" lon="-120.6599130"><ele>2125.4</ele></trkpt>
   <trkpt lat="39.6093870" lon="-120.6598770"><ele>2125.8</ele></trkpt>
   <trkpt lat="39.6093930" lon="-120.6598530"><ele>2126.2</ele></trkpt>
   <trkpt lat="39.6094000" lon="-120.6598070"><ele>2126.6</ele></trkpt>
   <trkpt lat="39.6094030" lon="-120.6597600"><ele>2127.4</ele></trkpt>
   <trkpt lat="39.6094040" lon="-120.6597270"><ele>2128.4</ele></trkpt>
   <trkpt lat="39.6094060" lon="-120.6596690"><ele>2129.6</ele></trkpt>
   <trkpt lat="39.6094200" lon="-120.6596310"><ele>2130.2</ele></trkpt>
   <trkpt lat="39.6094420" lon="-120.6595680"><ele>2130.4</ele></trkpt>
   <trkpt lat="39.6094360" lon="-120.6595640"><ele>2130.4</ele></trkpt>
   <trkpt lat="39.6094240" lon="-120.6595440"><ele>2130.6</ele></trkpt>
   <trkpt lat="39.6094080" lon="-120.6595260"><ele>2130.8</ele></trkpt>
   <trkpt lat="39.6093930" lon="-120.6595040"><ele>2131.6</ele></trkpt>
   <trkpt lat="39.6093650" lon="-120.6595240"><ele>2132.0</ele></trkpt>
   <trkpt lat="39.6092890" lon="-120.6596460"><ele>2132.2</ele></trkpt>
   <trkpt lat="39.6092760" lon="-120.6596590"><ele>2132.2</ele></trkpt>
   <trkpt lat="39.6092230" lon="-120.6597130"><ele>2132.0</ele></trkpt>
   <trkpt lat="39.6091970" lon="-120.6597690"><ele>2132.8</ele></trkpt>
   <trkpt lat="39.6091900" lon="-120.6597800"><ele>2132.8</ele></trkpt>
   <trkpt lat="39.6091800" lon="-120.6598020"><ele>2133.0</ele></trkpt>
   <trkpt lat="39.6091500" lon="-120.6598600"><ele>2133.6</ele></trkpt>
   <trkpt lat="39.6091170" lon="-120.6599200"><ele>2133.8</ele></trkpt>
   <trkpt lat="39.6091080" lon="-120.6599600"><ele>2134.2</ele></trkpt>
   <trkpt lat="39.6090490" lon="-120.6600620"><ele>2134.6</ele></trkpt>
   <trkpt lat="39.6089430" lon="-120.6602600"><ele>2135.2</ele></trkpt>
   <trkpt lat="39.6089360" lon="-120.6602820"><ele>2135.6</ele></trkpt>
   <trkpt lat="39.6088970" lon="-120.6603420"><ele>2136.2</ele></trkpt>
   <trkpt lat="39.6088770" lon="-120.6603680"><ele>2136.2</ele></trkpt>
   <trkpt lat="39.6088700" lon="-120.6603760"><ele>2136.2</ele></trkpt>
   <trkpt lat="39.6087660" lon="-120.6604640"><ele>2136.8</ele></trkpt>
   <trkpt lat="39.6086370" lon="-120.6605380"><ele>2137.0</ele></trkpt>
   <trkpt lat="39.6085980" lon="-120.6605610"><ele>2137.2</ele></trkpt>
   <trkpt lat="39.6084970" lon="-120.6606150"><ele>2138.4</ele></trkpt>
   <trkpt lat="39.6084690" lon="-120.6606240"><ele>2138.6</ele></trkpt>
   <trkpt lat="39.6084090" lon="-120.6606410"><ele>2139.4</ele></trkpt>
   <trkpt lat="39.6083630" lon="-120.6606760"><ele>2140.0</ele></trkpt>
   <trkpt lat="39.6083070" lon="-120.6606990"><ele>2140.4</ele></trkpt>
   <trkpt lat="39.6082350" lon="-120.6607460"><ele>2141.2</ele></trkpt>
   <trkpt lat="39.6081970" lon="-120.6607660"><ele>2141.2</ele></trkpt>
   <trkpt lat="39.6081120" lon="-120.6608130"><ele>2141.6</ele></trkpt>
   <trkpt lat="39.6081040" lon="-120.6608150"><ele>2141.6</ele></trkpt>
   <trkpt lat="39.6080400" lon="-120.6608360"><ele>2142.0</ele></trkpt>
   <trkpt lat="39.6079970" lon="-120.6608860"><ele>2142.6</ele></trkpt>
   <trkpt lat="39.6079830" lon="-120.6609010"><ele>2142.8</ele></trkpt>
   <trkpt lat="39.6079100" lon="-120.6609460"><ele>2143.6</ele></trkpt>
   <trkpt lat="39.6078730" lon="-120.6609700"><ele>2143.8</ele></trkpt>
   <trkpt lat="39.6077210" lon="-120.6609890"><ele>2144.6</ele></trkpt>
   <trkpt lat="39.6077130" lon="-120.6609870"><ele>2144.6</ele></trkpt>
   <trkpt lat="39.6076070" lon="-120.6609740"><ele>2145.2</ele></trkpt>
   <trkpt lat="39.6075590" lon="-120.6609530"><ele>2145.2</ele></trkpt>
   <trkpt lat="39.6075270" lon="-120.6609390"><ele>2145.2</ele></trkpt>
   <trkpt lat="39.6075150" lon="-120.6609340"><ele>2145.4</ele></trkpt>
   <trkpt lat="39.6074550" lon="-120.6609260"><ele>2145.4</ele></trkpt>
   <trkpt lat="39.6073780" lon="-120.6609290"><ele>2144.0</ele></trkpt>
   <trkpt lat="39.6072660" lon="-120.6609400"><ele>2144.6</ele></trkpt>
   <trkpt lat="39.6072420" lon="-120.6609430"><ele>2144.6</ele></trkpt>
   <trkpt lat="39.6072010" lon="-120.6609380"><ele>2144.8</ele></trkpt>
   <trkpt lat="39.6071380" lon="-120.6609430"><ele>2145.0</ele></trkpt>
   <trkpt lat="39.6070870" lon="-120.6609510"><ele>2145.8</ele></trkpt>
   <trkpt lat="39.6070210" lon="-120.6609580"><ele>2146.6</ele></trkpt>
   <trkpt lat="39.6070120" lon="-120.6609610"><ele>2146.8</ele></trkpt>
   <trkpt lat="39.6069760" lon="-120.6609690"><ele>2147.2</ele></trkpt>
   <trkpt lat="39.6069550" lon="-120.6609700"><ele>2147.4</ele></trkpt>
   <trkpt lat="39.6069420" lon="-120.6609710"><ele>2147.6</ele></trkpt>
   <trkpt lat="39.6069320" lon="-120.6609710"><ele>2147.8</ele></trkpt>
   <trkpt lat="39.6068890" lon="-120.6609760"><ele>2148.6</ele></trkpt>
   <trkpt lat="39.6068470" lon="-120.6609720"><ele>2148.8</ele></trkpt>
   <trkpt lat="39.6068330" lon="-120.6609730"><ele>2148.8</ele></trkpt>
   <trkpt lat="39.6067810" lon="-120.6609760"><ele>2149.0</ele></trkpt>
   <trkpt lat="39.6067160" lon="-120.6609820"><ele>2149.6</ele></trkpt>
   <trkpt lat="39.6067070" lon="-120.6609820"><ele>2149.8</ele></trkpt>
   <trkpt lat="39.6066590" lon="-120.6609810"><ele>2150.6</ele></trkpt>
   <trkpt lat="39.6066240" lon="-120.6609830"><ele>2151.0</ele></trkpt>
   <trkpt lat="39.6065660" lon="-120.6609920"><ele>2152.0</ele></trkpt>
   <trkpt lat="39.6065570" lon="-120.6609960"><ele>2152.2</ele></trkpt>
   <trkpt lat="39.6065380" lon="-120.6610010"><ele>2152.8</ele></trkpt>
   <trkpt lat="39.6065240" lon="-120.6609960"><ele>2153.0</ele></trkpt>
   <trkpt lat="39.6065050" lon="-120.6609920"><ele>2153.2</ele></trkpt>
   <trkpt lat="39.6064890" lon="-120.6609830"><ele>2153.4</ele></trkpt>
   <trkpt lat="39.6064110" lon="-120.6609580"><ele>2153.8</ele></trkpt>
   <trkpt lat="39.6063860" lon="-120.6609500"><ele>2154.2</ele></trkpt>
   <trkpt lat="39.6063770" lon="-120.6609490"><ele>2154.4</ele></trkpt>
   <trkpt lat="39.6063290" lon="-120.6609550"><ele>2155.2</ele></trkpt>
   <trkpt lat="39.6062880" lon="-120.6609190"><ele>2155.4</ele></trkpt>
   <trkpt lat="39.6062020" lon="-120.6608390"><ele>2154.8</ele></trkpt>
   <trkpt lat="39.6061800" lon="-120.6608230"><ele>2154.6</ele></trkpt>
   <trkpt lat="39.6061220" lon="-120.6607750"><ele>2155.0</ele></trkpt>
   <trkpt lat="39.6060780" lon="-120.6607580"><ele>2155.0</ele></trkpt>
   <trkpt lat="39.6060130" lon="-120.6607630"><ele>2155.4</ele></trkpt>
   <trkpt lat="39.6059450" lon="-120.6607740"><ele>2155.8</ele></trkpt>
   <trkpt lat="39.6059130" lon="-120.6607740"><ele>2156.2</ele></trkpt>
   <trkpt lat="39.6058900" lon="-120.6607780"><ele>2156.6</ele></trkpt>
   <trkpt lat="39.6058370" lon="-120.6607820"><ele>2157.6</ele></trkpt>
   <trkpt lat="39.6058100" lon="-120.6608010"><ele>2157.8</ele></trkpt>
   <trkpt lat="39.6057870" lon="-120.6608220"><ele>2157.6</ele></trkpt>
   <trkpt lat="39.6057510" lon="-120.6608590"><ele>2157.4</ele></trkpt>
   <trkpt lat="39.6057250" lon="-120.6608800"><ele>2157.6</ele></trkpt>
   <trkpt lat="39.6056590" lon="-120.6610040"><ele>2158.6</ele></trkpt>
   <trkpt lat="39.6056560" lon="-120.6610140"><ele>2158.6</ele></trkpt>
   <trkpt lat="39.6056490" lon="-120.6610320"><ele>2158.6</ele></trkpt>
   <trkpt lat="39.6056390" lon="-120.6610900"><ele>2159.2</ele></trkpt>
   <trkpt lat="39.6056530" lon="-120.6611040"><ele>2159.6</ele></trkpt>
   <trkpt lat="39.6056620" lon="-120.6611120"><ele>2159.8</ele></trkpt>
   <trkpt lat="39.6056660" lon="-120.6611140"><ele>2160.0</ele></trkpt>
   <trkpt lat="39.6056820" lon="-120.6611170"><ele>2160.8</ele></trkpt>
   <trkpt lat="39.6056880" lon="-120.6611180"><ele>2161.0</ele></trkpt>
   <trkpt lat="39.6057030" lon="-120.6611030"><ele>2161.6</ele></trkpt>
   <trkpt lat="39.6057210" lon="-120.6610920"><ele>2162.0</ele></trkpt>
   <trkpt lat="39.6057320" lon="-120.6610890"><ele>2162.2</ele></trkpt>
   <trkpt lat="39.6057600" lon="-120.6610630"><ele>2163.0</ele></trkpt>
   <trkpt lat="39.6057670" lon="-120.6610550"><ele>2163.0</ele></trkpt>
   <trkpt lat="39.6057960" lon="-120.6610500"><ele>2163.4</ele></trkpt>
   <trkpt lat="39.6058240" lon="-120.6610430"><ele>2163.8</ele></trkpt>
   <trkpt lat="39.6058290" lon="-120.6610360"><ele>2164.0</ele></trkpt>
   <trkpt lat="39.6058350" lon="-120.6610280"><ele>2164.2</ele></trkpt>
   <trkpt lat="39.6058440" lon="-120.6610170"><ele>2164.6</ele></trkpt>
   <trkpt lat="39.6058480" lon="-120.6610130"><ele>2164.6</ele></trkpt>
   <trkpt lat="39.6058690" lon="-120.6610090"><ele>2165.0</ele></trkpt>
   <trkpt lat="39.6058720" lon="-120.6610230"><ele>2165.2</ele></trkpt>
   <trkpt lat="39.6058480" lon="-120.6610620"><ele>2165.4</ele></trkpt>
   <trkpt lat="39.6058190" lon="-120.6610760"><ele>2165.8</ele></trkpt>
   <trkpt lat="39.6058080" lon="-120.6610770"><ele>2166.4</ele></trkpt>
   <trkpt lat="39.6058050" lon="-120.6610810"><ele>2166.8</ele></trkpt>
   <trkpt lat="39.6057970" lon="-120.6610860"><ele>2166.6</ele></trkpt>
   <trkpt lat="39.6057960" lon="-120.6610910"><ele>2166.4</ele></trkpt>
   <trkpt lat="39.6057970" lon="-120.6610910"><ele>2166.6</ele></trkpt>
   <trkpt lat="39.6057970" lon="-120.6610860"><ele>2167.4</ele></trkpt>
   <trkpt lat="39.6057970" lon="-120.6610840"><ele>2167.4</ele></trkpt>
   <trkpt lat="39.6057980" lon="-120.6610820"><ele>2167.6</ele></trkpt>
   <trkpt lat="39.6057990" lon="-120.6610810"><ele>2167.6</ele></trkpt>
   <trkpt lat="39.6057990" lon="-120.6610790"><ele>2167.4</ele></trkpt>
   <trkpt lat="39.6057960" lon="-120.6610730"><ele>2167.4</ele></trkpt>
   <trkpt lat="39.6057890" lon="-120.6610660"><ele>2167.6</ele></trkpt>
   <trkpt lat="39.6057870" lon="-120.6610650"><ele>2167.6</ele></trkpt>
   <trkpt lat="39.6057780" lon="-120.6610650"><ele>2166.8</ele></trkpt>
   <trkpt lat="39.6057550" lon="-120.6610880"><ele>2166.6</ele></trkpt>
   <trkpt lat="39.6057460" lon="-120.6611110"><ele>2166.4</ele></trkpt>
   <trkpt lat="39.6057320" lon="-120.6611300"><ele>2166.4</ele></trkpt>
   <trkpt lat="39.6056900" lon="-120.6611700"><ele>2166.8</ele></trkpt>
   <trkpt lat="39.6056700" lon="-120.6611960"><ele>2166.8</ele></trkpt>
   <trkpt lat="39.6056270" lon="-120.6612510"><ele>2166.8</ele></trkpt>
   <trkpt lat="39.6055390" lon="-120.6613250"><ele>2167.2</ele></trkpt>
   <trkpt lat="39.6054730" lon="-120.6613510"><ele>2167.0</ele></trkpt>
   <trkpt lat="39.6054360" lon="-120.6613720"><ele>2167.6</ele></trkpt>
   <trkpt lat="39.6054300" lon="-120.6613770"><ele>2167.8</ele></trkpt>
   <trkpt lat="39.6053310" lon="-120.6614770"><ele>2168.4</ele></trkpt>
   <trkpt lat="39.6053130" lon="-120.6614880"><ele>2168.6</ele></trkpt>
   <trkpt lat="39.6052850" lon="-120.6614960"><ele>2169.2</ele></trkpt>
   <trkpt lat="39.6052380" lon="-120.6614960"><ele>2169.2</ele></trkpt>
   <trkpt lat="39.6052320" lon="-120.6615050"><ele>2169.2</ele></trkpt>
   <trkpt lat="39.6052190" lon="-120.6615060"><ele>2169.2</ele></trkpt>
   <trkpt lat="39.6052020" lon="-120.6615100"><ele>2169.2</ele></trkpt>
   <trkpt lat="39.6051700" lon="-120.6615320"><ele>2169.4</ele></trkpt>
   <trkpt lat="39.6051320" lon="-120.6615340"><ele>2169.4</ele></trkpt>
   <trkpt lat="39.6051020" lon="-120.6615250"><ele>2169.8</ele></trkpt>
   <trkpt lat="39.6049910" lon="-120.6615170"><ele>2170.0</ele></trkpt>
   <trkpt lat="39.6049040" lon="-120.6614800"><ele>2170.2</ele></trkpt>
   <trkpt lat="39.6048530" lon="-120.6614710"><ele>2169.8</ele></trkpt>
   <trkpt lat="39.6048270" lon="-120.6614680"><ele>2170.0</ele></trkpt>
   <trkpt lat="39.6047650" lon="-120.6614670"><ele>2170.6</ele></trkpt>
   <trkpt lat="39.6047550" lon="-120.6614640"><ele>2171.0</ele></trkpt>
   <trkpt lat="39.6046890" lon="-120.6614340"><ele>2171.6</ele></trkpt>
   <trkpt lat="39.6046620" lon="-120.6614260"><ele>2172.0</ele></trkpt>
   <trkpt lat="39.6046050" lon="-120.6614030"><ele>2172.2</ele></trkpt>
   <trkpt lat="39.6045780" lon="-120.6613910"><ele>2171.4</ele></trkpt>
   <trkpt lat="39.6044800" lon="-120.6613570"><ele>2171.8</ele></trkpt>
   <trkpt lat="39.6044550" lon="-120.6613500"><ele>2172.2</ele></trkpt>
   <trkpt lat="39.6043930" lon="-120.6613280"><ele>2173.2</ele></trkpt>
   <trkpt lat="39.6043140" lon="-120.6613080"><ele>2174.0</ele></trkpt>
   <trkpt lat="39.6043040" lon="-120.6613030"><ele>2174.2</ele></trkpt>
   <trkpt lat="39.6041840" lon="-120.6612850"><ele>2174.6</ele></trkpt>
   <trkpt lat="39.6041620" lon="-120.6612820"><ele>2174.6</ele></trkpt>
   <trkpt lat="39.6040880" lon="-120.6612880"><ele>2175.0</ele></trkpt>
   <trkpt lat="39.6040720" lon="-120.6612910"><ele>2175.2</ele></trkpt>
   <trkpt lat="39.6040560" lon="-120.6612840"><ele>2175.4</ele></trkpt>
   <trkpt lat="39.6040190" lon="-120.6612890"><ele>2176.0</ele></trkpt>
   <trkpt lat="39.6040090" lon="-120.6612910"><ele>2176.4</ele></trkpt>
   <trkpt lat="39.6039710" lon="-120.6612960"><ele>2177.6</ele></trkpt>
   <trkpt lat="39.6039560" lon="-120.6613040"><ele>2177.8</ele></trkpt>
   <trkpt lat="39.6039470" lon="-120.6613210"><ele>2178.2</ele></trkpt>
   <trkpt lat="39.6039730" lon="-120.6613400"><ele>2178.4</ele></trkpt>
   <trkpt lat="39.6039820" lon="-120.6613460"><ele>2178.6</ele></trkpt>
   <trkpt lat="39.6039950" lon="-120.6613540"><ele>2178.8</ele></trkpt>
   <trkpt lat="39.6040130" lon="-120.6613690"><ele>2179.4</ele></trkpt>
   <trkpt lat="39.6040460" lon="-120.6613880"><ele>2179.8</ele></trkpt>
   <trkpt lat="39.6040980" lon="-120.6614190"><ele>2179.8</ele></trkpt>
   <trkpt lat="39.6041650" lon="-120.6614480"><ele>2180.0</ele></trkpt>
   <trkpt lat="39.6041760" lon="-120.6614540"><ele>2180.0</ele></trkpt>
   <trkpt lat="39.6042370" lon="-120.6615090"><ele>2180.4</ele></trkpt>
   <trkpt lat="39.6042530" lon="-120.6615170"><ele>2181.2</ele></trkpt>
   <trkpt lat="39.6042960" lon="-120.6615330"><ele>2182.2</ele></trkpt>
   <trkpt lat="39.6043360" lon="-120.6615520"><ele>2183.6</ele></trkpt>
   <trkpt lat="39.6043700" lon="-120.6615570"><ele>2184.4</ele></trkpt>
   <trkpt lat="39.6044280" lon="-120.6615850"><ele>2184.6</ele></trkpt>
   <trkpt lat="39.6044560" lon="-120.6616160"><ele>2185.4</ele></trkpt>
   <trkpt lat="39.6044680" lon="-120.6616300"><ele>2185.8</ele></trkpt>
   <trkpt lat="39.6045700" lon="-120.6616800"><ele>2185.8</ele></trkpt>
   <trkpt lat="39.6045810" lon="-120.6616850"><ele>2185.8</ele></trkpt>
   <trkpt lat="39.6047150" lon="-120.6617150"><ele>2185.0</ele></trkpt>
   <trkpt lat="39.6047220" lon="-120.6617180"><ele>2185.0</ele></trkpt>
   <trkpt lat="39.6048100" lon="-120.6617670"><ele>2185.4</ele></trkpt>
   <trkpt lat="39.6048190" lon="-120.6617730"><ele>2185.6</ele></trkpt>
   <trkpt lat="39.6048930" lon="-120.6617970"><ele>2186.2</ele></trkpt>
   <trkpt lat="39.6049470" lon="-120.6618060"><ele>2186.2</ele></trkpt>
   <trkpt lat="39.6049660" lon="-120.6618100"><ele>2186.4</ele></trkpt>
   <trkpt lat="39.6050020" lon="-120.6618270"><ele>2186.6</ele></trkpt>
   <trkpt lat="39.6050110" lon="-120.6618270"><ele>2186.8</ele></trkpt>
   <trkpt lat="39.6051250" lon="-120.6618710"><ele>2187.6</ele></trkpt>
   <trkpt lat="39.6052140" lon="-120.6619200"><ele>2187.4</ele></trkpt>
   <trkpt lat="39.6052450" lon="-120.6619460"><ele>2187.6</ele></trkpt>
   <trkpt lat="39.6052610" lon="-120.6619770"><ele>2188.0</ele></trkpt>
   <trkpt lat="39.6053030" lon="-120.6620010"><ele>2188.4</ele></trkpt>
   <trkpt lat="39.6053350" lon="-120.6619950"><ele>2188.4</ele></trkpt>
   <trkpt lat="39.6053530" lon="-120.6619820"><ele>2188.6</ele></trkpt>
   <trkpt lat="39.6053900" lon="-120.6619740"><ele>2189.0</ele></trkpt>
   <trkpt lat="39.6054790" lon="-120.6619730"><ele>2190.2</ele></trkpt>
   <trkpt lat="39.6055460" lon="-120.6619730"><ele>2191.0</ele></trkpt>
   <trkpt lat="39.6055590" lon="-120.6619670"><ele>2191.2</ele></trkpt>
   <trkpt lat="39.6057110" lon="-120.6619410"><ele>2192.0</ele></trkpt>
   <trkpt lat="39.6057220" lon="-120.6619400"><ele>2192.0</ele></trkpt>
   <trkpt lat="39.6057340" lon="-120.6619410"><ele>2192.0</ele></trkpt>
   <trkpt lat="39.6057500" lon="-120.6619530"><ele>2192.2</ele></trkpt>
   <trkpt lat="39.6057720" lon="-120.6619610"><ele>2192.6</ele></trkpt>
   <trkpt lat="39.6057950" lon="-120.6619640"><ele>2192.8</ele></trkpt>
   <trkpt lat="39.6058430" lon="-120.6619700"><ele>2192.6</ele></trkpt>
   <trkpt lat="39.6058830" lon="-120.6619580"><ele>2192.8</ele></trkpt>
   <trkpt lat="39.6059230" lon="-120.6619630"><ele>2193.4</ele></trkpt>
   <trkpt lat="39.6059230" lon="-120.6619750"><ele>2193.6</ele></trkpt>
   <trkpt lat="39.6059160" lon="-120.6619830"><ele>2194.2</ele></trkpt>
   <trkpt lat="39.6059150" lon="-120.6619840"><ele>2194.6</ele></trkpt>
   <trkpt lat="39.6059130" lon="-120.6619890"><ele>2194.8</ele></trkpt>
   <trkpt lat="39.6059130" lon="-120.6619910"><ele>2195.0</ele></trkpt>
   <trkpt lat="39.6058700" lon="-120.6620050"><ele>2195.2</ele></trkpt>
   <trkpt lat="39.6058610" lon="-120.6620070"><ele>2195.2</ele></trkpt>
   <trkpt lat="39.6058240" lon="-120.6620190"><ele>2195.0</ele></trkpt>
   <trkpt lat="39.6058000" lon="-120.6620380"><ele>2194.8</ele></trkpt>
   <trkpt lat="39.6057730" lon="-120.6620450"><ele>2194.8</ele></trkpt>
   <trkpt lat="39.6057650" lon="-120.6620470"><ele>2195.0</ele></trkpt>
   <trkpt lat="39.6057430" lon="-120.6620570"><ele>2195.2</ele></trkpt>
   <trkpt lat="39.6057240" lon="-120.6620690"><ele>2195.2</ele></trkpt>
   <trkpt lat="39.6057010" lon="-120.6620830"><ele>2195.2</ele></trkpt>
   <trkpt lat="39.6056890" lon="-120.6621020"><ele>2195.4</ele></trkpt>
   <trkpt lat="39.6056740" lon="-120.6621240"><ele>2195.4</ele></trkpt>
   <trkpt lat="39.6056650" lon="-120.6621320"><ele>2195.8</ele></trkpt>
   <trkpt lat="39.6055720" lon="-120.6621820"><ele>2196.6</ele></trkpt>
   <trkpt lat="39.6055360" lon="-120.6621850"><ele>2196.8</ele></trkpt>
   <trkpt lat="39.6054750" lon="-120.6622080"><ele>2197.0</ele></trkpt>
   <trkpt lat="39.6054200" lon="-120.6622180"><ele>2197.4</ele></trkpt>
   <trkpt lat="39.6053000" lon="-120.6622260"><ele>2197.4</ele></trkpt>
   <trkpt lat="39.6052820" lon="-120.6622270"><ele>2197.6</ele></trkpt>
   <trkpt lat="39.6052600" lon="-120.6622320"><ele>2197.8</ele></trkpt>
   <trkpt lat="39.6052500" lon="-120.6622330"><ele>2197.8</ele></trkpt>
   <trkpt lat="39.6051970" lon="-120.6622380"><ele>2198.8</ele></trkpt>
   <trkpt lat="39.6051190" lon="-120.6622370"><ele>2199.8</ele></trkpt>
   <trkpt lat="39.6051080" lon="-120.6622360"><ele>2200.0</ele></trkpt>
   <trkpt lat="39.6050580" lon="-120.6622280"><ele>2201.0</ele></trkpt>
   <trkpt lat="39.6050340" lon="-120.6622120"><ele>2201.4</ele></trkpt>
   <trkpt lat="39.6049860" lon="-120.6621920"><ele>2201.8</ele></trkpt>
   <trkpt lat="39.6049420" lon="-120.6621760"><ele>2201.8</ele></trkpt>
   <trkpt lat="39.6049200" lon="-120.6621690"><ele>2201.8</ele></trkpt>
   <trkpt lat="39.6048190" lon="-120.6621650"><ele>2202.0</ele></trkpt>
   <trkpt lat="39.6046920" lon="-120.6621530"><ele>2203.0</ele></trkpt>
   <trkpt lat="39.6046680" lon="-120.6621470"><ele>2203.2</ele></trkpt>
   <trkpt lat="39.6046250" lon="-120.6621430"><ele>2203.6</ele></trkpt>
   <trkpt lat="39.6046060" lon="-120.6621480"><ele>2203.6</ele></trkpt>
   <trkpt lat="39.6045820" lon="-120.6621610"><ele>2203.8</ele></trkpt>
   <trkpt lat="39.6045580" lon="-120.6621690"><ele>2204.0</ele></trkpt>
   <trkpt lat="39.6045480" lon="-120.6621700"><ele>2204.0</ele></trkpt>
   <trkpt lat="39.6045170" lon="-120.6621670"><ele>2204.2</ele></trkpt>
   <trkpt lat="39.6044450" lon="-120.6621550"><ele>2204.6</ele></trkpt>
   <trkpt lat="39.6044160" lon="-120.6621410"><ele>2204.8</ele></trkpt>
   <trkpt lat="39.6043140" lon="-120.6621010"><ele>2204.2</ele></trkpt>
   <trkpt lat="39.6043050" lon="-120.6620950"><ele>2204.2</ele></trkpt>
   <trkpt lat="39.6041980" lon="-120.6620370"><ele>2204.2</ele></trkpt>
   <trkpt lat="39.6041890" lon="-120.6620280"><ele>2204.0</ele></trkpt>
   <trkpt lat="39.6040590" lon="-120.6619460"><ele>2205.2</ele></trkpt>
   <trkpt lat="39.6040470" lon="-120.6619360"><ele>2205.2</ele></trkpt>
   <trkpt lat="39.6039470" lon="-120.6618730"><ele>2205.4</ele></trkpt>
   <trkpt lat="39.6038480" lon="-120.6618470"><ele>2205.4</ele></trkpt>
   <trkpt lat="39.6038110" lon="-120.6618400"><ele>2206.2</ele></trkpt>
   <trkpt lat="39.6037250" lon="-120.6618040"><ele>2206.6</ele></trkpt>
   <trkpt lat="39.6036250" lon="-120.6617500"><ele>2207.0</ele></trkpt>
   <trkpt lat="39.6036080" lon="-120.6617350"><ele>2207.2</ele></trkpt>
   <trkpt lat="39.6034980" lon="-120.6616920"><ele>2208.2</ele></trkpt>
   <trkpt lat="39.6033620" lon="-120.6616640"><ele>2209.0</ele></trkpt>
   <trkpt lat="39.6033280" lon="-120.6616580"><ele>2209.2</ele></trkpt>
   <trkpt lat="39.6033110" lon="-120.6616530"><ele>2209.2</ele></trkpt>
   <trkpt lat="39.6032990" lon="-120.6616530"><ele>2209.4</ele></trkpt>
   <trkpt lat="39.6032380" lon="-120.6616340"><ele>2209.6</ele></trkpt>
   <trkpt lat="39.6031350" lon="-120.6616050"><ele>2210.0</ele></trkpt>
   <trkpt lat="39.6030990" lon="-120.6615840"><ele>2210.0</ele></trkpt>
   <trkpt lat="39.6030480" lon="-120.6615600"><ele>2209.6</ele></trkpt>
   <trkpt lat="39.6029830" lon="-120.6615620"><ele>2209.4</ele></trkpt>
   <trkpt lat="39.6029560" lon="-120.6615420"><ele>2209.6</ele></trkpt>
   <trkpt lat="39.6029340" lon="-120.6615210"><ele>2209.4</ele></trkpt>
   <trkpt lat="39.6029040" lon="-120.6615130"><ele>2208.8</ele></trkpt>
   <trkpt lat="39.6028340" lon="-120.6614890"><ele>2209.2</ele></trkpt>
   <trkpt lat="39.6027520" lon="-120.6614760"><ele>2209.2</ele></trkpt>
   <trkpt lat="39.6026150" lon="-120.6614470"><ele>2210.0</ele></trkpt>
   <trkpt lat="39.6025780" lon="-120.6614290"><ele>2210.4</ele></trkpt>
   <trkpt lat="39.6025110" lon="-120.6613860"><ele>2211.4</ele></trkpt>
   <trkpt lat="39.6024860" lon="-120.6613670"><ele>2211.8</ele></trkpt>
   <trkpt lat="39.6024770" lon="-120.6613640"><ele>2211.8</ele></trkpt>
   <trkpt lat="39.6024600" lon="-120.6613600"><ele>2212.0</ele></trkpt>
   <trkpt lat="39.6024410" lon="-120.6613550"><ele>2212.2</ele></trkpt>
   <trkpt lat="39.6024150" lon="-120.6613470"><ele>2212.6</ele></trkpt>
   <trkpt lat="39.6024050" lon="-120.6613460"><ele>2212.6</ele></trkpt>
   <trkpt lat="39.6023870" lon="-120.6613390"><ele>2212.6</ele></trkpt>
   <trkpt lat="39.6023350" lon="-120.6613320"><ele>2212.4</ele></trkpt>
   <trkpt lat="39.6023230" lon="-120.6613300"><ele>2212.2</ele></trkpt>
   <trkpt lat="39.6022680" lon="-120.6613100"><ele>2212.2</ele></trkpt>
   <trkpt lat="39.6022270" lon="-120.6612990"><ele>2212.0</ele></trkpt>
   <trkpt lat="39.6021660" lon="-120.6612990"><ele>2211.8</ele></trkpt>
   <trkpt lat="39.6021520" lon="-120.6613090"><ele>2212.2</ele></trkpt>
   <trkpt lat="39.6021410" lon="-120.6613160"><ele>2212.2</ele></trkpt>
   <trkpt lat="39.6021060" lon="-120.6613300"><ele>2212.2</ele></trkpt>
   <trkpt lat="39.6020420" lon="-120.6613510"><ele>2213.2</ele></trkpt>
   <trkpt lat="39.6019880" lon="-120.6613470"><ele>2213.6</ele></trkpt>
   <trkpt lat="39.6019550" lon="-120.6613540"><ele>2214.0</ele></trkpt>
   <trkpt lat="39.6018870" lon="-120.6613440"><ele>2214.2</ele></trkpt>
   <trkpt lat="39.6018630" lon="-120.6613410"><ele>2214.4</ele></trkpt>
   <trkpt lat="39.6018320" lon="-120.6613420"><ele>2214.6</ele></trkpt>
   <trkpt lat="39.6017940" lon="-120.6613370"><ele>2214.8</ele></trkpt>
   <trkpt lat="39.6017350" lon="-120.6613140"><ele>2214.6</ele></trkpt>
   <trkpt lat="39.6017310" lon="-120.6613110"><ele>2214.6</ele></trkpt>
   <trkpt lat="39.6016620" lon="-120.6612770"><ele>2214.4</ele></trkpt>
   <trkpt lat="39.6016520" lon="-120.6612750"><ele>2214.4</ele></trkpt>
   <trkpt lat="39.6016370" lon="-120.6612640"><ele>2214.6</ele></trkpt>
   <trkpt lat="39.6016210" lon="-120.6612630"><ele>2215.2</ele></trkpt>
   <trkpt lat="39.6016010" lon="-120.6612630"><ele>2215.6</ele></trkpt>
   <trkpt lat="39.6015930" lon="-120.6612620"><ele>2215.8</ele></trkpt>
   <trkpt lat="39.6015550" lon="-120.6612590"><ele>2216.4</ele></trkpt>
   <trkpt lat="39.6015440" lon="-120.6612600"><ele>2216.6</ele></trkpt>
   <trkpt lat="39.6015370" lon="-120.6612630"><ele>2216.6</ele></trkpt>
   <trkpt lat="39.6015160" lon="-120.6612640"><ele>2216.8</ele></trkpt>
   <trkpt lat="39.6014760" lon="-120.6612700"><ele>2217.0</ele></trkpt>
   <trkpt lat="39.6014640" lon="-120.6612710"><ele>2217.0</ele></trkpt>
   <trkpt lat="39.6014050" lon="-120.6612840"><ele>2217.4</ele></trkpt>
   <trkpt lat="39.6013680" lon="-120.6612940"><ele>2218.0</ele></trkpt>
   <trkpt lat="39.6012980" lon="-120.6613050"><ele>2218.0</ele></trkpt>
   <trkpt lat="39.6012940" lon="-120.6613060"><ele>2218.2</ele></trkpt>
   <trkpt lat="39.6012970" lon="-120.6613180"><ele>2218.2</ele></trkpt>
   <trkpt lat="39.6013110" lon="-120.6612990"><ele>2218.8</ele></trkpt>
   <trkpt lat="39.6013170" lon="-120.6613040"><ele>2219.0</ele></trkpt>
   <trkpt lat="39.6013300" lon="-120.6613180"><ele>2220.2</ele></trkpt>
   <trkpt lat="39.6013480" lon="-120.6613540"><ele>2221.4</ele></trkpt>
   <trkpt lat="39.6013730" lon="-120.6613770"><ele>2222.0</ele></trkpt>
   <trkpt lat="39.6013930" lon="-120.6613820"><ele>2222.0</ele></trkpt>
   <trkpt lat="39.6014140" lon="-120.6613910"><ele>2222.6</ele></trkpt>
   <trkpt lat="39.6014350" lon="-120.6614010"><ele>2223.2</ele></trkpt>
   <trkpt lat="39.6014540" lon="-120.6614110"><ele>2223.4</ele></trkpt>
   <trkpt lat="39.6014720" lon="-120.6614150"><ele>2223.8</ele></trkpt>
   <trkpt lat="39.6015040" lon="-120.6614360"><ele>2224.4</ele></trkpt>
   <trkpt lat="39.6015190" lon="-120.6614490"><ele>2224.6</ele></trkpt>
   <trkpt lat="39.6015270" lon="-120.6614570"><ele>2224.8</ele></trkpt>
   <trkpt lat="39.6015720" lon="-120.6614890"><ele>2225.0</ele></trkpt>
   <trkpt lat="39.6016200" lon="-120.6615160"><ele>2225.8</ele></trkpt>
   <trkpt lat="39.6016490" lon="-120.6615350"><ele>2226.2</ele></trkpt>
   <trkpt lat="39.6016960" lon="-120.6615690"><ele>2226.6</ele></trkpt>
   <trkpt lat="39.6017040" lon="-120.6615720"><ele>2226.8</ele></trkpt>
   <trkpt lat="39.6017100" lon="-120.6615740"><ele>2226.8</ele></trkpt>
   <trkpt lat="39.6017100" lon="-120.6615430"><ele>2227.6</ele></trkpt>
   <trkpt lat="39.6017190" lon="-120.6615490"><ele>2228.0</ele></trkpt>
   <trkpt lat="39.6016920" lon="-120.6614530"><ele>2228.2</ele></trkpt>
   <trkpt lat="39.6016820" lon="-120.6614190"><ele>2229.2</ele></trkpt>
   <trkpt lat="39.6016630" lon="-120.6614430"><ele>2229.8</ele></trkpt>
   <trkpt lat="39.6016340" lon="-120.6614650"><ele>2230.4</ele></trkpt>
   <trkpt lat="39.6016080" lon="-120.6614930"><ele>2231.4</ele></trkpt>
   <trkpt lat="39.6015850" lon="-120.6615180"><ele>2232.2</ele></trkpt>
   <trkpt lat="39.6015640" lon="-120.6615340"><ele>2232.6</ele></trkpt>
   <trkpt lat="39.6015430" lon="-120.6615600"><ele>2232.8</ele></trkpt>
   <trkpt lat="39.6015150" lon="-120.6615420"><ele>2232.6</ele></trkpt>
   <trkpt lat="39.6014900" lon="-120.6615260"><ele>2232.6</ele></trkpt>
   <trkpt lat="39.6014680" lon="-120.6615140"><ele>2232.6</ele></trkpt>
   <trkpt lat="39.6014430" lon="-120.6615270"><ele>2232.4</ele></trkpt>
   <trkpt lat="39.6013630" lon="-120.6614910"><ele>2232.8</ele></trkpt>
   <trkpt lat="39.6013470" lon="-120.6614870"><ele>2232.8</ele></trkpt>
   <trkpt lat="39.6012930" lon="-120.6614620"><ele>2232.8</ele></trkpt>
   <trkpt lat="39.6012700" lon="-120.6614550"><ele>2233.0</ele></trkpt>
   <trkpt lat="39.6012420" lon="-120.6614570"><ele>2233.6</ele></trkpt>
   <trkpt lat="39.6011710" lon="-120.6614380"><ele>2234.6</ele></trkpt>
   <trkpt lat="39.6011670" lon="-120.6614410"><ele>2234.8</ele></trkpt>
   <trkpt lat="39.6011420" lon="-120.6614380"><ele>2235.0</ele></trkpt>
   <trkpt lat="39.6011050" lon="-120.6614400"><ele>2235.2</ele></trkpt>
   <trkpt lat="39.6011010" lon="-120.6614500"><ele>2235.8</ele></trkpt>
   <trkpt lat="39.6010940" lon="-120.6614570"><ele>2236.2</ele></trkpt>
   <trkpt lat="39.6010550" lon="-120.6614460"><ele>2236.4</ele></trkpt>
   <trkpt lat="39.6010160" lon="-120.6614480"><ele>2236.8</ele></trkpt>
   <trkpt lat="39.6009100" lon="-120.6614680"><ele>2237.8</ele></trkpt>
   <trkpt lat="39.6008990" lon="-120.6614670"><ele>2237.8</ele></trkpt>
   <trkpt lat="39.6008010" lon="-120.6614500"><ele>2239.2</ele></trkpt>
   <trkpt lat="39.6007650" lon="-120.6614620"><ele>2240.2</ele></trkpt>
   <trkpt lat="39.6007530" lon="-120.6614590"><ele>2240.2</ele></trkpt>
   <trkpt lat="39.6007460" lon="-120.6614770"><ele>2240.4</ele></trkpt>
   <trkpt lat="39.6006850" lon="-120.6614770"><ele>2241.2</ele></trkpt>
   <trkpt lat="39.6006420" lon="-120.6614710"><ele>2242.2</ele></trkpt>
   <trkpt lat="39.6005870" lon="-120.6614630"><ele>2243.4</ele></trkpt>
   <trkpt lat="39.6006000" lon="-120.6614950"><ele>2243.6</ele></trkpt>
   <trkpt lat="39.6006000" lon="-120.6615100"><ele>2244.0</ele></trkpt>
   <trkpt lat="39.6005810" lon="-120.6615020"><ele>2244.4</ele></trkpt>
   <trkpt lat="39.6005470" lon="-120.6614790"><ele>2245.0</ele></trkpt>
   <trkpt lat="39.6005230" lon="-120.6614550"><ele>2245.6</ele></trkpt>
   <trkpt lat="39.6004780" lon="-120.6614180"><ele>2246.0</ele></trkpt>
   <trkpt lat="39.6004720" lon="-120.6614140"><ele>2245.8</ele></trkpt>
   <trkpt lat="39.6004660" lon="-120.6614120"><ele>2245.6</ele></trkpt>
   <trkpt lat="39.6004010" lon="-120.6613980"><ele>2247.0</ele></trkpt>
   <trkpt lat="39.6003710" lon="-120.6614120"><ele>2247.0</ele></trkpt>
   <trkpt lat="39.6003640" lon="-120.6614120"><ele>2247.0</ele></trkpt>
   <trkpt lat="39.6003570" lon="-120.6614140"><ele>2247.0</ele></trkpt>
   <trkpt lat="39.6003570" lon="-120.6614690"><ele>2248.0</ele></trkpt>
   <trkpt lat="39.6003010" lon="-120.6614400"><ele>2248.2</ele></trkpt>
   <trkpt lat="39.6002820" lon="-120.6614360"><ele>2248.8</ele></trkpt>
   <trkpt lat="39.6002780" lon="-120.6614330"><ele>2249.0</ele></trkpt>
   <trkpt lat="39.6001690" lon="-120.6613650"><ele>2249.4</ele></trkpt>
   <trkpt lat="39.6001850" lon="-120.6613440"><ele>2249.4</ele></trkpt>
   <trkpt lat="39.6001580" lon="-120.6613200"><ele>2250.2</ele></trkpt>
   <trkpt lat="39.6001580" lon="-120.6613200"><ele>2250.4</ele></trkpt>
   <trkpt lat="39.6001630" lon="-120.6613230"><ele>2250.8</ele></trkpt>
   <trkpt lat="39.6001610" lon="-120.6613210"><ele>2250.8</ele></trkpt>
   <trkpt lat="39.6002020" lon="-120.6613390"><ele>2251.0</ele></trkpt>
   <trkpt lat="39.6003470" lon="-120.6614210"><ele>2251.2</ele></trkpt>
   <trkpt lat="39.6003960" lon="-120.6614540"><ele>2251.2</ele></trkpt>
   <trkpt lat="39.6004700" lon="-120.6614920"><ele>2251.2</ele></trkpt>
   <trkpt lat="39.6005420" lon="-120.6615290"><ele>2251.4</ele></trkpt>
   <trkpt lat="39.6005860" lon="-120.6615520"><ele>2251.4</ele></trkpt>
   <trkpt lat="39.6006220" lon="-120.6615670"><ele>2251.4</ele></trkpt>
   <trkpt lat="39.6006710" lon="-120.6615900"><ele>2251.8</ele></trkpt>
   <trkpt lat="39.6006450" lon="-120.6615990"><ele>2252.0</ele></trkpt>
   <trkpt lat="39.6006260" lon="-120.6616000"><ele>2252.0</ele></trkpt>
   <trkpt lat="39.6006200" lon="-120.6615980"><ele>2252.0</ele></trkpt>
   <trkpt lat="39.6006070" lon="-120.6615910"><ele>2252.2</ele></trkpt>
   <trkpt lat="39.6005730" lon="-120.6615900"><ele>2252.2</ele></trkpt>
   <trkpt lat="39.6005580" lon="-120.6615820"><ele>2252.4</ele></trkpt>
   <trkpt lat="39.6005410" lon="-120.6615640"><ele>2252.8</ele></trkpt>
   <trkpt lat="39.6005320" lon="-120.6615600"><ele>2253.0</ele></trkpt>
   <trkpt lat="39.6005240" lon="-120.6615660"><ele>2253.2</ele></trkpt>
   <trkpt lat="39.6004820" lon="-120.6615630"><ele>2253.6</ele></trkpt>
   <trkpt lat="39.6004440" lon="-120.6615490"><ele>2253.8</ele></trkpt>
   <trkpt lat="39.6004010" lon="-120.6615490"><ele>2254.4</ele></trkpt>
   <trkpt lat="39.6003740" lon="-120.6615570"><ele>2254.8</ele></trkpt>
   <trkpt lat="39.6003580" lon="-120.6615680"><ele>2255.0</ele></trkpt>
   <trkpt lat="39.6003500" lon="-120.6615740"><ele>2255.0</ele></trkpt>
   <trkpt lat="39.6003310" lon="-120.6615840"><ele>2255.4</ele></trkpt>
   <trkpt lat="39.6003150" lon="-120.6615890"><ele>2255.6</ele></trkpt>
   <trkpt lat="39.6002910" lon="-120.6615880"><ele>2255.8</ele></trkpt>
   <trkpt lat="39.6002870" lon="-120.6615920"><ele>2256.0</ele></trkpt>
   <trkpt lat="39.6002890" lon="-120.6616100"><ele>2256.0</ele></trkpt>
   <trkpt lat="39.6002770" lon="-120.6616200"><ele>2256.0</ele></trkpt>
   <trkpt lat="39.6002710" lon="-120.6616240"><ele>2256.0</ele></trkpt>
   <trkpt lat="39.6002650" lon="-120.6616250"><ele>2256.0</ele></trkpt>
   <trkpt lat="39.6002600" lon="-120.6616270"><ele>2256.0</ele></trkpt>
   <trkpt lat="39.6002370" lon="-120.6616310"><ele>2256.2</ele></trkpt>
   <trkpt lat="39.6002230" lon="-120.6616350"><ele>2256.4</ele></trkpt>
   <trkpt lat="39.6002110" lon="-120.6616370"><ele>2256.4</ele></trkpt>
   <trkpt lat="39.6001900" lon="-120.6616330"><ele>2256.6</ele></trkpt>
   <trkpt lat="39.6001880" lon="-120.6616310"><ele>2256.8</ele></trkpt>
   <trkpt lat="39.6001720" lon="-120.6616320"><ele>2258.0</ele></trkpt>
   <trkpt lat="39.6001360" lon="-120.6616210"><ele>2259.0</ele></trkpt>
   <trkpt lat="39.6001190" lon="-120.6616210"><ele>2259.6</ele></trkpt>
   <trkpt lat="39.6000940" lon="-120.6616180"><ele>2260.2</ele></trkpt>
   <trkpt lat="39.6000700" lon="-120.6616110"><ele>2260.6</ele></trkpt>
   <trkpt lat="39.6000370" lon="-120.6616080"><ele>2261.2</ele></trkpt>
   <trkpt lat="39.6000250" lon="-120.6616000"><ele>2261.6</ele></trkpt>
   <trkpt lat="39.6000080" lon="-120.6615970"><ele>2262.0</ele></trkpt>
   <trkpt lat="39.5999870" lon="-120.6615990"><ele>2262.4</ele></trkpt>
   <trkpt lat="39.5999660" lon="-120.6615970"><ele>2262.8</ele></trkpt>
   <trkpt lat="39.5999420" lon="-120.6616040"><ele>2263.4</ele></trkpt>
   <trkpt lat="39.5999360" lon="-120.6616120"><ele>2263.8</ele></trkpt>
   <trkpt lat="39.5999200" lon="-120.6616230"><ele>2264.4</ele></trkpt>
   <trkpt lat="39.5998800" lon="-120.6616140"><ele>2265.8</ele></trkpt>
   <trkpt lat="39.5998590" lon="-120.6616070"><ele>2266.2</ele></trkpt>
   <trkpt lat="39.5998400" lon="-120.6615970"><ele>2266.2</ele></trkpt>
   <trkpt lat="39.5998250" lon="-120.6615890"><ele>2266.4</ele></trkpt>
   <trkpt lat="39.5997730" lon="-120.6615600"><ele>2266.6</ele></trkpt>
   <trkpt lat="39.5997600" lon="-120.6615530"><ele>2267.0</ele></trkpt>
   <trkpt lat="39.5997550" lon="-120.6615500"><ele>2267.2</ele></trkpt>
   <trkpt lat="39.5997510" lon="-120.6615480"><ele>2267.4</ele></trkpt>
   <trkpt lat="39.5997430" lon="-120.6615430"><ele>2268.0</ele></trkpt>
   <trkpt lat="39.5997020" lon="-120.6615240"><ele>2268.2</ele></trkpt>
   <trkpt lat="39.5996680" lon="-120.6615020"><ele>2268.8</ele></trkpt>
   <trkpt lat="39.5996660" lon="-120.6614960"><ele>2269.0</ele></trkpt>
   <trkpt lat="39.5996530" lon="-120.6614810"><ele>2269.0</ele></trkpt>
   <trkpt lat="39.5996460" lon="-120.6614770"><ele>2269.0</ele></trkpt>
   <trkpt lat="39.5996230" lon="-120.6614600"><ele>2269.8</ele></trkpt>
   <trkpt lat="39.5995920" lon="-120.6614380"><ele>2270.0</ele></trkpt>
   <trkpt lat="39.5995700" lon="-120.6614260"><ele>2270.2</ele></trkpt>
   <trkpt lat="39.5995340" lon="-120.6614070"><ele>2271.0</ele></trkpt>
   <trkpt lat="39.5995220" lon="-120.6613950"><ele>2271.4</ele></trkpt>
   <trkpt lat="39.5995090" lon="-120.6613890"><ele>2271.8</ele></trkpt>
   <trkpt lat="39.5995030" lon="-120.6613810"><ele>2272.2</ele></trkpt>
   <trkpt lat="39.5995010" lon="-120.6613780"><ele>2272.6</ele></trkpt>
   <trkpt lat="39.5994910" lon="-120.6613660"><ele>2272.6</ele></trkpt>
   <trkpt lat="39.5994300" lon="-120.6612950"><ele>2273.2</ele></trkpt>
   <trkpt lat="39.5994240" lon="-120.6612840"><ele>2273.2</ele></trkpt>
   <trkpt lat="39.5994090" lon="-120.6612600"><ele>2273.4</ele></trkpt>
   <trkpt lat="39.5994030" lon="-120.6612510"><ele>2273.6</ele></trkpt>
   <trkpt lat="39.5993720" lon="-120.6612030"><ele>2274.2</ele></trkpt>
   <trkpt lat="39.5993420" lon="-120.6611610"><ele>2275.4</ele></trkpt>
   <trkpt lat="39.5993300" lon="-120.6611400"><ele>2275.6</ele></trkpt>
   <trkpt lat="39.5993210" lon="-120.6611270"><ele>2276.0</ele></trkpt>
   <trkpt lat="39.5993130" lon="-120.6611140"><ele>2276.2</ele></trkpt>
   <trkpt lat="39.5992890" lon="-120.6610800"><ele>2276.4</ele></trkpt>
   <trkpt lat="39.5992830" lon="-120.6610470"><ele>2276.8</ele></trkpt>
   <trkpt lat="39.5992600" lon="-120.6609580"><ele>2276.6</ele></trkpt>
   <trkpt lat="39.5992540" lon="-120.6609470"><ele>2276.6</ele></trkpt>
   <trkpt lat="39.5992480" lon="-120.6608700"><ele>2277.4</ele></trkpt>
   <trkpt lat="39.5992440" lon="-120.6608620"><ele>2277.4</ele></trkpt>
   <trkpt lat="39.5992410" lon="-120.6608530"><ele>2277.6</ele></trkpt>
   <trkpt lat="39.5992370" lon="-120.6608470"><ele>2277.6</ele></trkpt>
   <trkpt lat="39.5992120" lon="-120.6607990"><ele>2278.2</ele></trkpt>
   <trkpt lat="39.5991830" lon="-120.6607460"><ele>2278.6</ele></trkpt>
   <trkpt lat="39.5991780" lon="-120.6607280"><ele>2278.8</ele></trkpt>
   <trkpt lat="39.5991760" lon="-120.6607170"><ele>2278.8</ele></trkpt>
   <trkpt lat="39.5991480" lon="-120.6606320"><ele>2279.0</ele></trkpt>
   <trkpt lat="39.5991370" lon="-120.6606180"><ele>2279.4</ele></trkpt>
   <trkpt lat="39.5991260" lon="-120.6605960"><ele>2279.2</ele></trkpt>
   <trkpt lat="39.5991240" lon="-120.6605920"><ele>2279.0</ele></trkpt>
   <trkpt lat="39.5991180" lon="-120.6605930"><ele>2279.0</ele></trkpt>
   <trkpt lat="39.5991110" lon="-120.6605770"><ele>2279.0</ele></trkpt>
   <trkpt lat="39.5990680" lon="-120.6605310"><ele>2279.6</ele></trkpt>
   <trkpt lat="39.5990530" lon="-120.6605290"><ele>2280.0</ele></trkpt>
   <trkpt lat="39.5990280" lon="-120.6605180"><ele>2280.8</ele></trkpt>
   <trkpt lat="39.5990170" lon="-120.6605130"><ele>2281.4</ele></trkpt>
   <trkpt lat="39.5990050" lon="-120.6605100"><ele>2282.2</ele></trkpt>
   <trkpt lat="39.5990140" lon="-120.6605030"><ele>2283.2</ele></trkpt>
   <trkpt lat="39.5989950" lon="-120.6604960"><ele>2283.6</ele></trkpt>
   <trkpt lat="39.5989700" lon="-120.6604920"><ele>2284.2</ele></trkpt>
   <trkpt lat="39.5989200" lon="-120.6605070"><ele>2284.6</ele></trkpt>
   <trkpt lat="39.5988650" lon="-120.6605250"><ele>2285.2</ele></trkpt>
   <trkpt lat="39.5988410" lon="-120.6605200"><ele>2285.6</ele></trkpt>
   <trkpt lat="39.5987970" lon="-120.6604840"><ele>2286.0</ele></trkpt>
   <trkpt lat="39.5987440" lon="-120.6604410"><ele>2286.2</ele></trkpt>
   <trkpt lat="39.5987140" lon="-120.6604140"><ele>2286.2</ele></trkpt>
   <trkpt lat="39.5986940" lon="-120.6603750"><ele>2286.2</ele></trkpt>
   <trkpt lat="39.5986940" lon="-120.6603700"><ele>2287.4</ele></trkpt>
   <trkpt lat="39.5986880" lon="-120.6603650"><ele>2287.6</ele></trkpt>
   <trkpt lat="39.5986760" lon="-120.6603490"><ele>2287.8</ele></trkpt>
   <trkpt lat="39.5986540" lon="-120.6603350"><ele>2287.6</ele></trkpt>
   <trkpt lat="39.5986460" lon="-120.6603320"><ele>2287.8</ele></trkpt>
   <trkpt lat="39.5986180" lon="-120.6603180"><ele>2288.8</ele></trkpt>
   <trkpt lat="39.5986070" lon="-120.6603150"><ele>2289.2</ele></trkpt>
   <trkpt lat="39.5985880" lon="-120.6602930"><ele>2289.8</ele></trkpt>
   <trkpt lat="39.5985490" lon="-120.6602590"><ele>2290.6</ele></trkpt>
   <trkpt lat="39.5985370" lon="-120.6602520"><ele>2290.8</ele></trkpt>
   <trkpt lat="39.5985190" lon="-120.6602390"><ele>2291.2</ele></trkpt>
   <trkpt lat="39.5984890" lon="-120.6602140"><ele>2291.8</ele></trkpt>
   <trkpt lat="39.5984530" lon="-120.6601970"><ele>2293.0</ele></trkpt>
   <trkpt lat="39.5984430" lon="-120.6601970"><ele>2293.0</ele></trkpt>
   <trkpt lat="39.5983940" lon="-120.6601850"><ele>2294.0</ele></trkpt>
   <trkpt lat="39.5983880" lon="-120.6601780"><ele>2294.0</ele></trkpt>
   <trkpt lat="39.5983560" lon="-120.6601410"><ele>2294.6</ele></trkpt>
   <trkpt lat="39.5983400" lon="-120.6601280"><ele>2294.8</ele></trkpt>
   <trkpt lat="39.5983210" lon="-120.6601030"><ele>2295.2</ele></trkpt>
   <trkpt lat="39.5982580" lon="-120.6600320"><ele>2296.0</ele></trkpt>
   <trkpt lat="39.5982470" lon="-120.6600220"><ele>2296.2</ele></trkpt>
   <trkpt lat="39.5982020" lon="-120.6599810"><ele>2297.4</ele></trkpt>
   <trkpt lat="39.5981850" lon="-120.6599700"><ele>2297.4</ele></trkpt>
   <trkpt lat="39.5981520" lon="-120.6599580"><ele>2298.0</ele></trkpt>
   <trkpt lat="39.5981450" lon="-120.6599570"><ele>2298.4</ele></trkpt>
   <trkpt lat="39.5981440" lon="-120.6599370"><ele>2298.6</ele></trkpt>
   <trkpt lat="39.5981500" lon="-120.6599220"><ele>2298.8</ele></trkpt>
   <trkpt lat="39.5981410" lon="-120.6598930"><ele>2299.2</ele></trkpt>
   <trkpt lat="39.5981330" lon="-120.6598650"><ele>2299.6</ele></trkpt>
   <trkpt lat="39.5981150" lon="-120.6598490"><ele>2300.4</ele></trkpt>
   <trkpt lat="39.5981120" lon="-120.6598480"><ele>2300.8</ele></trkpt>
   <trkpt lat="39.5980840" lon="-120.6598490"><ele>2302.0</ele></trkpt>
   <trkpt lat="39.5980590" lon="-120.6598280"><ele>2302.4</ele></trkpt>
   <trkpt lat="39.5980210" lon="-120.6597580"><ele>2302.2</ele></trkpt>
   <trkpt lat="39.5980050" lon="-120.6597420"><ele>2302.4</ele></trkpt>
   <trkpt lat="39.5979880" lon="-120.6597170"><ele>2302.8</ele></trkpt>
   <trkpt lat="39.5979840" lon="-120.6597150"><ele>2303.2</ele></trkpt>
   <trkpt lat="39.5979570" lon="-120.6597150"><ele>2304.6</ele></trkpt>
   <trkpt lat="39.5979420" lon="-120.6597190"><ele>2305.2</ele></trkpt>
   <trkpt lat="39.5979350" lon="-120.6597230"><ele>2305.6</ele></trkpt>
   <trkpt lat="39.5979350" lon="-120.6597300"><ele>2305.8</ele></trkpt>
   <trkpt lat="39.5979360" lon="-120.6597510"><ele>2305.2</ele></trkpt>
   <trkpt lat="39.5979290" lon="-120.6597570"><ele>2304.6</ele></trkpt>
   <trkpt lat="39.5979060" lon="-120.6597250"><ele>2303.8</ele></trkpt>
   <trkpt lat="39.5978790" lon="-120.6596790"><ele>2304.2</ele></trkpt>
   <trkpt lat="39.5978850" lon="-120.6596840"><ele>2304.0</ele></trkpt>
   <trkpt lat="39.5978880" lon="-120.6597030"><ele>2303.8</ele></trkpt>
   <trkpt lat="39.5978910" lon="-120.6597070"><ele>2303.8</ele></trkpt>
   <trkpt lat="39.5979020" lon="-120.6597080"><ele>2304.0</ele></trkpt>
   <trkpt lat="39.5979090" lon="-120.6597130"><ele>2304.2</ele></trkpt>
   <trkpt lat="39.5979100" lon="-120.6597150"><ele>2304.2</ele></trkpt>
   <trkpt lat="39.5979160" lon="-120.6597180"><ele>2304.0</ele></trkpt>
   <trkpt lat="39.5979620" lon="-120.6597280"><ele>2303.6</ele></trkpt>
   <trkpt lat="39.5979880" lon="-120.6597450"><ele>2303.4</ele></trkpt>
   <trkpt lat="39.5979490" lon="-120.6597420"><ele>2302.8</ele></trkpt>
   <trkpt lat="39.5979310" lon="-120.6597480"><ele>2302.8</ele></trkpt>
   <trkpt lat="39.5979160" lon="-120.6597300"><ele>2303.2</ele></trkpt>
   <trkpt lat="39.5979060" lon="-120.6597360"><ele>2304.2</ele></trkpt>
   <trkpt lat="39.5978930" lon="-120.6597110"><ele>2304.2</ele></trkpt>
   <trkpt lat="39.5978920" lon="-120.6597070"><ele>2304.2</ele></trkpt>
   <trkpt lat="39.5978900" lon="-120.6597050"><ele>2304.2</ele></trkpt>
   <trkpt lat="39.5978760" lon="-120.6596800"><ele>2304.2</ele></trkpt>
   <trkpt lat="39.5978540" lon="-120.6596480"><ele>2304.2</ele></trkpt>
   <trkpt lat="39.5978410" lon="-120.6596270"><ele>2304.2</ele></trkpt>
   <trkpt lat="39.5978300" lon="-120.6596240"><ele>2304.2</ele></trkpt>
   <trkpt lat="39.5978100" lon="-120.6596060"><ele>2304.2</ele></trkpt>
   <trkpt lat="39.5977980" lon="-120.6595900"><ele>2304.2</ele></trkpt>
   <trkpt lat="39.5977950" lon="-120.6595820"><ele>2304.2</ele></trkpt>
   <trkpt lat="39.5977970" lon="-120.6595720"><ele>2305.0</ele></trkpt>
   <trkpt lat="39.5977990" lon="-120.6595550"><ele>2306.0</ele></trkpt>
   <trkpt lat="39.5977990" lon="-120.6595430"><ele>2306.2</ele></trkpt>
   <trkpt lat="39.5978020" lon="-120.6595340"><ele>2306.4</ele></trkpt>
   <trkpt lat="39.5978090" lon="-120.6595020"><ele>2307.0</ele></trkpt>
   <trkpt lat="39.5978120" lon="-120.6594980"><ele>2307.2</ele></trkpt>
   <trkpt lat="39.5978230" lon="-120.6594800"><ele>2307.6</ele></trkpt>
   <trkpt lat="39.5978320" lon="-120.6594640"><ele>2308.2</ele></trkpt>
   <trkpt lat="39.5978280" lon="-120.6594380"><ele>2308.6</ele></trkpt>
   <trkpt lat="39.5978270" lon="-120.6594230"><ele>2309.2</ele></trkpt>
   <trkpt lat="39.5978260" lon="-120.6593930"><ele>2309.8</ele></trkpt>
   <trkpt lat="39.5978180" lon="-120.6593730"><ele>2310.2</ele></trkpt>
   <trkpt lat="39.5978110" lon="-120.6593460"><ele>2310.6</ele></trkpt>
   <trkpt lat="39.5978120" lon="-120.6593280"><ele>2311.0</ele></trkpt>
   <trkpt lat="39.5978100" lon="-120.6593130"><ele>2311.4</ele></trkpt>
   <trkpt lat="39.5977940" lon="-120.6592700"><ele>2312.4</ele></trkpt>
   <trkpt lat="39.5978010" lon="-120.6592540"><ele>2312.8</ele></trkpt>
   <trkpt lat="39.5978010" lon="-120.6592430"><ele>2313.0</ele></trkpt>
   <trkpt lat="39.5977940" lon="-120.6592220"><ele>2313.4</ele></trkpt>
   <trkpt lat="39.5977940" lon="-120.6592210"><ele>2313.6</ele></trkpt>
   <trkpt lat="39.5977720" lon="-120.6592150"><ele>2314.6</ele></trkpt>
   <trkpt lat="39.5977470" lon="-120.6591940"><ele>2315.6</ele></trkpt>
   <trkpt lat="39.5977250" lon="-120.6591580"><ele>2316.4</ele></trkpt>
   <trkpt lat="39.5977210" lon="-120.6591370"><ele>2316.6</ele></trkpt>
   <trkpt lat="39.5977160" lon="-120.6591050"><ele>2316.8</ele></trkpt>
   <trkpt lat="39.5977150" lon="-120.6590830"><ele>2317.6</ele></trkpt>
   <trkpt lat="39.5977150" lon="-120.6590770"><ele>2318.0</ele></trkpt>
   <trkpt lat="39.5977170" lon="-120.6590700"><ele>2319.0</ele></trkpt>
   <trkpt lat="39.5977040" lon="-120.6590780"><ele>2319.4</ele></trkpt>
   <trkpt lat="39.5977010" lon="-120.6590780"><ele>2319.2</ele></trkpt>
   <trkpt lat="39.5976890" lon="-120.6590760"><ele>2318.8</ele></trkpt>
   <trkpt lat="39.5976760" lon="-120.6590860"><ele>2319.4</ele></trkpt>
   <trkpt lat="39.5976770" lon="-120.6590840"><ele>2320.0</ele></trkpt>
   <trkpt lat="39.5976790" lon="-120.6590990"><ele>2320.2</ele></trkpt>
   <trkpt lat="39.5976750" lon="-120.6591190"><ele>2319.4</ele></trkpt>
   <trkpt lat="39.5976750" lon="-120.6591200"><ele>2319.0</ele></trkpt>
   <trkpt lat="39.5976740" lon="-120.6591240"><ele>2319.0</ele></trkpt>
   <trkpt lat="39.5976690" lon="-120.6591280"><ele>2319.2</ele></trkpt>
   <trkpt lat="39.5976620" lon="-120.6591420"><ele>2319.2</ele></trkpt>
   <trkpt lat="39.5976600" lon="-120.6591490"><ele>2319.0</ele></trkpt>
   <trkpt lat="39.5976600" lon="-120.6591630"><ele>2318.8</ele></trkpt>
   <trkpt lat="39.5976580" lon="-120.6591700"><ele>2318.2</ele></trkpt>
   <trkpt lat="39.5976360" lon="-120.6591790"><ele>2319.6</ele></trkpt>
   <trkpt lat="39.5976370" lon="-120.6591690"><ele>2319.4</ele></trkpt>
   <trkpt lat="39.5976450" lon="-120.6591680"><ele>2319.0</ele></trkpt>
   <trkpt lat="39.5976390" lon="-120.6591620"><ele>2319.0</ele></trkpt>
   <trkpt lat="39.5976450" lon="-120.6591180"><ele>2319.0</ele></trkpt>
   <trkpt lat="39.5976550" lon="-120.6590860"><ele>2319.0</ele></trkpt>
   <trkpt lat="39.5976550" lon="-120.6590920"><ele>2319.0</ele></trkpt>
   <trkpt lat="39.5976540" lon="-120.6590940"><ele>2319.0</ele></trkpt>
   <trkpt lat="39.5976520" lon="-120.6590870"><ele>2319.0</ele></trkpt>
   <trkpt lat="39.5976510" lon="-120.6590880"><ele>2319.0</ele></trkpt>
   <trkpt lat="39.5976510" lon="-120.6590920"><ele>2319.0</ele></trkpt>
   <trkpt lat="39.5976530" lon="-120.6590960"><ele>2319.0</ele></trkpt>
   <trkpt lat="39.5976420" lon="-120.6590960"><ele>2319.0</ele></trkpt>
   <trkpt lat="39.5976130" lon="-120.6590720"><ele>2319.0</ele></trkpt>
   <trkpt lat="39.5975780" lon="-120.6590260"><ele>2319.0</ele></trkpt>
   <trkpt lat="39.5975700" lon="-120.6590140"><ele>2319.0</ele></trkpt>
   <trkpt lat="39.5975520" lon="-120.6589730"><ele>2319.4</ele></trkpt>
   <trkpt lat="39.5975440" lon="-120.6589630"><ele>2320.4</ele></trkpt>
   <trkpt lat="39.5975360" lon="-120.6589550"><ele>2321.6</ele></trkpt>
   <trkpt lat="39.5975240" lon="-120.6589420"><ele>2323.2</ele></trkpt>
   <trkpt lat="39.5975130" lon="-120.6589270"><ele>2324.2</ele></trkpt>
   <trkpt lat="39.5974770" lon="-120.6588880"><ele>2324.8</ele></trkpt>
   <trkpt lat="39.5974630" lon="-120.6588730"><ele>2325.2</ele></trkpt>
   <trkpt lat="39.5974560" lon="-120.6588670"><ele>2325.4</ele></trkpt>
   <trkpt lat="39.5974350" lon="-120.6588370"><ele>2326.2</ele></trkpt>
   <trkpt lat="39.5974070" lon="-120.6587990"><ele>2327.2</ele></trkpt>
   <trkpt lat="39.5974090" lon="-120.6587690"><ele>2328.0</ele></trkpt>
   <trkpt lat="39.5974080" lon="-120.6587580"><ele>2328.2</ele></trkpt>
   <trkpt lat="39.5973980" lon="-120.6587180"><ele>2328.8</ele></trkpt>
   <trkpt lat="39.5973900" lon="-120.6586960"><ele>2329.4</ele></trkpt>
   <trkpt lat="39.5973920" lon="-120.6586750"><ele>2330.2</ele></trkpt>
   <trkpt lat="39.5973930" lon="-120.6586710"><ele>2330.4</ele></trkpt>
   <trkpt lat="39.5973970" lon="-120.6586660"><ele>2330.6</ele></trkpt>
   <trkpt lat="39.5974170" lon="-120.6586500"><ele>2331.0</ele></trkpt>
   <trkpt lat="39.5974310" lon="-120.6586430"><ele>2331.4</ele></trkpt>
   <trkpt lat="39.5974870" lon="-120.6585900"><ele>2331.4</ele></trkpt>
   <trkpt lat="39.5975030" lon="-120.6585870"><ele>2332.0</ele></trkpt>
   <trkpt lat="39.5975100" lon="-120.6585810"><ele>2332.2</ele></trkpt>
   <trkpt lat="39.5975200" lon="-120.6585710"><ele>2332.6</ele></trkpt>
   <trkpt lat="39.5975230" lon="-120.6585680"><ele>2332.8</ele></trkpt>
   <trkpt lat="39.5975490" lon="-120.6585540"><ele>2333.0</ele></trkpt>
   <trkpt lat="39.5975860" lon="-120.6585450"><ele>2333.6</ele></trkpt>
   <trkpt lat="39.5975970" lon="-120.6585390"><ele>2334.0</ele></trkpt>
   <trkpt lat="39.5976060" lon="-120.6585390"><ele>2334.4</ele></trkpt>
   <trkpt lat="39.5976210" lon="-120.6585360"><ele>2334.8</ele></trkpt>
   <trkpt lat="39.5976990" lon="-120.6584930"><ele>2335.4</ele></trkpt>
   <trkpt lat="39.5977170" lon="-120.6584760"><ele>2335.8</ele></trkpt>
   <trkpt lat="39.5977370" lon="-120.6584550"><ele>2336.0</ele></trkpt>
   <trkpt lat="39.5977430" lon="-120.6584140"><ele>2336.6</ele></trkpt>
   <trkpt lat="39.5977420" lon="-120.6584020"><ele>2336.8</ele></trkpt>
   <trkpt lat="39.5977420" lon="-120.6583930"><ele>2337.2</ele></trkpt>
   <trkpt lat="39.5977380" lon="-120.6583700"><ele>2338.0</ele></trkpt>
   <trkpt lat="39.5977370" lon="-120.6583640"><ele>2338.4</ele></trkpt>
   <trkpt lat="39.5977310" lon="-120.6583350"><ele>2339.4</ele></trkpt>
   <trkpt lat="39.5977330" lon="-120.6583220"><ele>2339.6</ele></trkpt>
   <trkpt lat="39.5977380" lon="-120.6582760"><ele>2340.0</ele></trkpt>
   <trkpt lat="39.5977440" lon="-120.6582550"><ele>2340.0</ele></trkpt>
   <trkpt lat="39.5977440" lon="-120.6582450"><ele>2340.0</ele></trkpt>
   <trkpt lat="39.5977440" lon="-120.6582240"><ele>2340.0</ele></trkpt>
   <trkpt lat="39.5977300" lon="-120.6581850"><ele>2340.6</ele></trkpt>
   <trkpt lat="39.5977310" lon="-120.6581650"><ele>2340.8</ele></trkpt>
   <trkpt lat="39.5977270" lon="-120.6581420"><ele>2340.6</ele></trkpt>
   <trkpt lat="39.5977290" lon="-120.6581210"><ele>2340.6</ele></trkpt>
   <trkpt lat="39.5977470" lon="-120.6580970"><ele>2340.8</ele></trkpt>
   <trkpt lat="39.5977460" lon="-120.6580730"><ele>2341.0</ele></trkpt>
   <trkpt lat="39.5977420" lon="-120.6580450"><ele>2341.8</ele></trkpt>
   <trkpt lat="39.5977470" lon="-120.6580000"><ele>2342.4</ele></trkpt>
   <trkpt lat="39.5977550" lon="-120.6579740"><ele>2342.6</ele></trkpt>
   <trkpt lat="39.5977750" lon="-120.6579520"><ele>2342.8</ele></trkpt>
   <trkpt lat="39.5977790" lon="-120.6579450"><ele>2343.0</ele></trkpt>
   <trkpt lat="39.5977830" lon="-120.6579360"><ele>2343.0</ele></trkpt>
   <trkpt lat="39.5977920" lon="-120.6579200"><ele>2343.2</ele></trkpt>
   <trkpt lat="39.5977930" lon="-120.6579070"><ele>2343.4</ele></trkpt>
   <trkpt lat="39.5977920" lon="-120.6578750"><ele>2343.6</ele></trkpt>
   <trkpt lat="39.5977910" lon="-120.6578540"><ele>2344.0</ele></trkpt>
   <trkpt lat="39.5977910" lon="-120.6578450"><ele>2344.0</ele></trkpt>
   <trkpt lat="39.5977830" lon="-120.6577840"><ele>2345.0</ele></trkpt>
   <trkpt lat="39.5977810" lon="-120.6577760"><ele>2345.0</ele></trkpt>
   <trkpt lat="39.5977620" lon="-120.6577490"><ele>2345.6</ele></trkpt>
   <trkpt lat="39.5977460" lon="-120.6577320"><ele>2346.0</ele></trkpt>
   <trkpt lat="39.5977170" lon="-120.6576990"><ele>2346.8</ele></trkpt>
   <trkpt lat="39.5977040" lon="-120.6576870"><ele>2347.2</ele></trkpt>
   <trkpt lat="39.5976910" lon="-120.6576610"><ele>2347.8</ele></trkpt>
   <trkpt lat="39.5976950" lon="-120.6576240"><ele>2348.0</ele></trkpt>
   <trkpt lat="39.5977050" lon="-120.6576040"><ele>2348.2</ele></trkpt>
   <trkpt lat="39.5977060" lon="-120.6575930"><ele>2348.4</ele></trkpt>
   <trkpt lat="39.5977080" lon="-120.6575870"><ele>2348.4</ele></trkpt>
   <trkpt lat="39.5976950" lon="-120.6575530"><ele>2348.6</ele></trkpt>
   <trkpt lat="39.5976710" lon="-120.6575050"><ele>2349.4</ele></trkpt>
   <trkpt lat="39.5976520" lon="-120.6574430"><ele>2349.8</ele></trkpt>
   <trkpt lat="39.5976500" lon="-120.6573960"><ele>2350.4</ele></trkpt>
   <trkpt lat="39.5976420" lon="-120.6573460"><ele>2350.8</ele></trkpt>
   <trkpt lat="39.5976250" lon="-120.6572890"><ele>2351.6</ele></trkpt>
   <trkpt lat="39.5976010" lon="-120.6572370"><ele>2352.4</ele></trkpt>
   <trkpt lat="39.5975930" lon="-120.6572240"><ele>2352.4</ele></trkpt>
   <trkpt lat="39.5975880" lon="-120.6572120"><ele>2352.6</ele></trkpt>
   <trkpt lat="39.5975760" lon="-120.6571990"><ele>2353.0</ele></trkpt>
   <trkpt lat="39.5975620" lon="-120.6571800"><ele>2353.4</ele></trkpt>
   <trkpt lat="39.5975440" lon="-120.6571640"><ele>2353.6</ele></trkpt>
   <trkpt lat="39.5975290" lon="-120.6571510"><ele>2354.2</ele></trkpt>
   <trkpt lat="39.5975210" lon="-120.6571410"><ele>2354.8</ele></trkpt>
   <trkpt lat="39.5974940" lon="-120.6570740"><ele>2355.6</ele></trkpt>
   <trkpt lat="39.5974900" lon="-120.6570630"><ele>2355.6</ele></trkpt>
   <trkpt lat="39.5974850" lon="-120.6570500"><ele>2355.6</ele></trkpt>
   <trkpt lat="39.5974810" lon="-120.6570420"><ele>2355.6</ele></trkpt>
   <trkpt lat="39.5974490" lon="-120.6570120"><ele>2355.6</ele></trkpt>
   <trkpt lat="39.5974460" lon="-120.6570070"><ele>2355.8</ele></trkpt>
   <trkpt lat="39.5974350" lon="-120.6569960"><ele>2356.6</ele></trkpt>
   <trkpt lat="39.5974280" lon="-120.6569910"><ele>2356.8</ele></trkpt>
   <trkpt lat="39.5974220" lon="-120.6569870"><ele>2357.0</ele></trkpt>
   <trkpt lat="39.5974100" lon="-120.6569830"><ele>2357.2</ele></trkpt>
   <trkpt lat="39.5973740" lon="-120.6569620"><ele>2358.0</ele></trkpt>
   <trkpt lat="39.5973470" lon="-120.6569330"><ele>2359.0</ele></trkpt>
   <trkpt lat="39.5973380" lon="-120.6569330"><ele>2359.2</ele></trkpt>
   <trkpt lat="39.5973230" lon="-120.6569270"><ele>2359.4</ele></trkpt>
   <trkpt lat="39.5972890" lon="-120.6568890"><ele>2360.2</ele></trkpt>
   <trkpt lat="39.5972670" lon="-120.6568750"><ele>2360.6</ele></trkpt>
   <trkpt lat="39.5972450" lon="-120.6568630"><ele>2361.0</ele></trkpt>
   <trkpt lat="39.5972240" lon="-120.6568250"><ele>2361.0</ele></trkpt>
   <trkpt lat="39.5972200" lon="-120.6568140"><ele>2361.0</ele></trkpt>
   <trkpt lat="39.5972170" lon="-120.6568080"><ele>2361.2</ele></trkpt>
   <trkpt lat="39.5972140" lon="-120.6568010"><ele>2361.2</ele></trkpt>
   <trkpt lat="39.5972130" lon="-120.6567830"><ele>2361.2</ele></trkpt>
   <trkpt lat="39.5972080" lon="-120.6567230"><ele>2361.8</ele></trkpt>
   <trkpt lat="39.5971990" lon="-120.6566950"><ele>2362.0</ele></trkpt>
   <trkpt lat="39.5971930" lon="-120.6566820"><ele>2362.2</ele></trkpt>
   <trkpt lat="39.5971450" lon="-120.6566720"><ele>2363.2</ele></trkpt>
   <trkpt lat="39.5971360" lon="-120.6566700"><ele>2363.4</ele></trkpt>
   <trkpt lat="39.5970970" lon="-120.6566550"><ele>2364.6</ele></trkpt>
   <trkpt lat="39.5970870" lon="-120.6566430"><ele>2365.0</ele></trkpt>
   <trkpt lat="39.5970570" lon="-120.6566100"><ele>2365.8</ele></trkpt>
   <trkpt lat="39.5970160" lon="-120.6565720"><ele>2366.8</ele></trkpt>
   <trkpt lat="39.5970120" lon="-120.6565660"><ele>2367.0</ele></trkpt>
   <trkpt lat="39.5969940" lon="-120.6565500"><ele>2367.0</ele></trkpt>
   <trkpt lat="39.5969840" lon="-120.6565400"><ele>2367.0</ele></trkpt>
   <trkpt lat="39.5969780" lon="-120.6565320"><ele>2367.0</ele></trkpt>
   <trkpt lat="39.5969620" lon="-120.6565150"><ele>2367.0</ele></trkpt>
   <trkpt lat="39.5969550" lon="-120.6565110"><ele>2367.0</ele></trkpt>
   <trkpt lat="39.5969330" lon="-120.6564920"><ele>2367.0</ele></trkpt>
   <trkpt lat="39.5969150" lon="-120.6564780"><ele>2367.0</ele></trkpt>
   <trkpt lat="39.5969040" lon="-120.6564740"><ele>2367.2</ele></trkpt>
   <trkpt lat="39.5968790" lon="-120.6564290"><ele>2367.6</ele></trkpt>
   <trkpt lat="39.5968720" lon="-120.6564080"><ele>2367.8</ele></trkpt>
   <trkpt lat="39.5968600" lon="-120.6563890"><ele>2367.8</ele></trkpt>
   <trkpt lat="39.5968420" lon="-120.6563650"><ele>2367.8</ele></trkpt>
   <trkpt lat="39.5968100" lon="-120.6562560"><ele>2368.0</ele></trkpt>
   <trkpt lat="39.5968180" lon="-120.6561960"><ele>2368.2</ele></trkpt>
   <trkpt lat="39.5968160" lon="-120.6561880"><ele>2368.2</ele></trkpt>
   <trkpt lat="39.5968180" lon="-120.6561850"><ele>2368.2</ele></trkpt>
   <trkpt lat="39.5968180" lon="-120.6561820"><ele>2368.2</ele></trkpt>
   <trkpt lat="39.5968180" lon="-120.6561810"><ele>2368.0</ele></trkpt>
   <trkpt lat="39.5968190" lon="-120.6561800"><ele>2368.0</ele></trkpt>
   <trkpt lat="39.5968300" lon="-120.6561820"><ele>2368.4</ele></trkpt>
   <trkpt lat="39.5968500" lon="-120.6561710"><ele>2369.2</ele></trkpt>
   <trkpt lat="39.5968660" lon="-120.6561550"><ele>2370.0</ele></trkpt>
   <trkpt lat="39.5968670" lon="-120.6561460"><ele>2370.2</ele></trkpt>
   <trkpt lat="39.5968680" lon="-120.6561370"><ele>2370.6</ele></trkpt>
   <trkpt lat="39.5968720" lon="-120.6561300"><ele>2370.8</ele></trkpt>
   <trkpt lat="39.5968770" lon="-120.6561160"><ele>2371.2</ele></trkpt>
   <trkpt lat="39.5968870" lon="-120.6560690"><ele>2371.2</ele></trkpt>
   <trkpt lat="39.5968940" lon="-120.6560510"><ele>2371.0</ele></trkpt>
   <trkpt lat="39.5969370" lon="-120.6559710"><ele>2371.4</ele></trkpt>
   <trkpt lat="39.5969670" lon="-120.6559080"><ele>2372.4</ele></trkpt>
   <trkpt lat="39.5969860" lon="-120.6558940"><ele>2373.0</ele></trkpt>
   <trkpt lat="39.5970610" lon="-120.6558540"><ele>2373.2</ele></trkpt>
   <trkpt lat="39.5970690" lon="-120.6558460"><ele>2373.2</ele></trkpt>
   <trkpt lat="39.5970780" lon="-120.6558250"><ele>2373.0</ele></trkpt>
   <trkpt lat="39.5971200" lon="-120.6557920"><ele>2373.0</ele></trkpt>
   <trkpt lat="39.5971350" lon="-120.6557690"><ele>2373.4</ele></trkpt>
   <trkpt lat="39.5971360" lon="-120.6557480"><ele>2373.6</ele></trkpt>
   <trkpt lat="39.5971530" lon="-120.6557110"><ele>2374.2</ele></trkpt>
   <trkpt lat="39.5971930" lon="-120.6556430"><ele>2373.6</ele></trkpt>
   <trkpt lat="39.5972160" lon="-120.6556280"><ele>2373.8</ele></trkpt>
   <trkpt lat="39.5972380" lon="-120.6555980"><ele>2373.6</ele></trkpt>
   <trkpt lat="39.5972450" lon="-120.6555880"><ele>2373.6</ele></trkpt>
   <trkpt lat="39.5972730" lon="-120.6555320"><ele>2372.6</ele></trkpt>
   <trkpt lat="39.5972930" lon="-120.6555360"><ele>2372.4</ele></trkpt>
   <trkpt lat="39.5973010" lon="-120.6555340"><ele>2372.4</ele></trkpt>
   <trkpt lat="39.5972860" lon="-120.6555250"><ele>2373.6</ele></trkpt>
   <trkpt lat="39.5972850" lon="-120.6555210"><ele>2373.6</ele></trkpt>
   <trkpt lat="39.5972920" lon="-120.6554930"><ele>2373.2</ele></trkpt>
   <trkpt lat="39.5972730" lon="-120.6554430"><ele>2373.4</ele></trkpt>
   <trkpt lat="39.5972740" lon="-120.6554360"><ele>2373.2</ele></trkpt>
   <trkpt lat="39.5972610" lon="-120.6554370"><ele>2373.0</ele></trkpt>
   <trkpt lat="39.5972630" lon="-120.6554360"><ele>2373.0</ele></trkpt>
   <trkpt lat="39.5972570" lon="-120.6554330"><ele>2372.8</ele></trkpt>
   <trkpt lat="39.5972540" lon="-120.6554320"><ele>2372.6</ele></trkpt>
   <trkpt lat="39.5972440" lon="-120.6554280"><ele>2372.2</ele></trkpt>
   <trkpt lat="39.5972310" lon="-120.6554250"><ele>2372.0</ele></trkpt>
   <trkpt lat="39.5972270" lon="-120.6554250"><ele>2372.6</ele></trkpt>
   <trkpt lat="39.5972070" lon="-120.6554310"><ele>2373.2</ele></trkpt>
   <trkpt lat="39.5971840" lon="-120.6554300"><ele>2372.4</ele></trkpt>
   <trkpt lat="39.5971630" lon="-120.6554270"><ele>2372.4</ele></trkpt>
   <trkpt lat="39.5971460" lon="-120.6554270"><ele>2372.4</ele></trkpt>
   <trkpt lat="39.5971190" lon="-120.6554210"><ele>2372.2</ele></trkpt>
   <trkpt lat="39.5971130" lon="-120.6554280"><ele>2372.0</ele></trkpt>
   <trkpt lat="39.5971670" lon="-120.6554380"><ele>2372.0</ele></trkpt>
   <trkpt lat="39.5971880" lon="-120.6554390"><ele>2373.6</ele></trkpt>
   <trkpt lat="39.5971830" lon="-120.6554410"><ele>2373.8</ele></trkpt>
   <trkpt lat="39.5971790" lon="-120.6554500"><ele>2374.0</ele></trkpt>
   <trkpt lat="39.5971680" lon="-120.6554570"><ele>2374.4</ele></trkpt>
   <trkpt lat="39.5971680" lon="-120.6554590"><ele>2374.6</ele></trkpt>
   <trkpt lat="39.5971660" lon="-120.6554600"><ele>2374.8</ele></trkpt>
   <trkpt lat="39.5971520" lon="-120.6554650"><ele>2375.2</ele></trkpt>
   <trkpt lat="39.5971450" lon="-120.6554690"><ele>2375.4</ele></trkpt>
   <trkpt lat="39.5971370" lon="-120.6554730"><ele>2375.6</ele></trkpt>
   <trkpt lat="39.5971300" lon="-120.6554740"><ele>2375.8</ele></trkpt>
   <trkpt lat="39.5971240" lon="-120.6554770"><ele>2376.0</ele></trkpt>
   <trkpt lat="39.5971150" lon="-120.6554930"><ele>2376.2</ele></trkpt>
   <trkpt lat="39.5971080" lon="-120.6555100"><ele>2376.4</ele></trkpt>
   <trkpt lat="39.5971020" lon="-120.6555280"><ele>2376.2</ele></trkpt>
   <trkpt lat="39.5970990" lon="-120.6555740"><ele>2376.0</ele></trkpt>
   <trkpt lat="39.5970770" lon="-120.6556070"><ele>2375.8</ele></trkpt>
   <trkpt lat="39.5970620" lon="-120.6556060"><ele>2375.8</ele></trkpt>
   <trkpt lat="39.5970460" lon="-120.6555940"><ele>2375.8</ele></trkpt>
   <trkpt lat="39.5970230" lon="-120.6555740"><ele>2375.4</ele></trkpt>
   <trkpt lat="39.5970080" lon="-120.6555690"><ele>2375.2</ele></trkpt>
   <trkpt lat="39.5969790" lon="-120.6555580"><ele>2375.4</ele></trkpt>
   <trkpt lat="39.5969580" lon="-120.6555480"><ele>2375.6</ele></trkpt>
   <trkpt lat="39.5969490" lon="-120.6555550"><ele>2375.6</ele></trkpt>
   <trkpt lat="39.5969250" lon="-120.6555710"><ele>2375.8</ele></trkpt>
   <trkpt lat="39.5969050" lon="-120.6555830"><ele>2375.8</ele></trkpt>
   <trkpt lat="39.5968980" lon="-120.6555820"><ele>2375.8</ele></trkpt>
   <trkpt lat="39.5968830" lon="-120.6555740"><ele>2375.6</ele></trkpt>
   <trkpt lat="39.5968660" lon="-120.6555670"><ele>2375.6</ele></trkpt>
   <trkpt lat="39.5968480" lon="-120.6555740"><ele>2375.6</ele></trkpt>
   <trkpt lat="39.5968300" lon="-120.6555910"><ele>2375.8</ele></trkpt>
   <trkpt lat="39.5968120" lon="-120.6556020"><ele>2375.8</ele></trkpt>
   <trkpt lat="39.5968080" lon="-120.6556030"><ele>2375.8</ele></trkpt>
   <trkpt lat="39.5968030" lon="-120.6556010"><ele>2375.8</ele></trkpt>
   <trkpt lat="39.5967820" lon="-120.6555950"><ele>2376.2</ele></trkpt>
   <trkpt lat="39.5967560" lon="-120.6556030"><ele>2376.4</ele></trkpt>
   <trkpt lat="39.5967250" lon="-120.6555950"><ele>2377.0</ele></trkpt>
   <trkpt lat="39.5967050" lon="-120.6555800"><ele>2377.2</ele></trkpt>
   <trkpt lat="39.5966980" lon="-120.6555750"><ele>2377.2</ele></trkpt>
   <trkpt lat="39.5966920" lon="-120.6555640"><ele>2377.2</ele></trkpt>
   <trkpt lat="39.5966880" lon="-120.6555580"><ele>2377.6</ele></trkpt>
   <trkpt lat="39.5966880" lon="-120.6555560"><ele>2377.6</ele></trkpt>
   <trkpt lat="39.5966820" lon="-120.6555440"><ele>2378.0</ele></trkpt>
   <trkpt lat="39.5966780" lon="-120.6555400"><ele>2378.0</ele></trkpt>
   <trkpt lat="39.5966270" lon="-120.6554940"><ele>2379.2</ele></trkpt>
   <trkpt lat="39.5966090" lon="-120.6554840"><ele>2379.4</ele></trkpt>
   <trkpt lat="39.5965330" lon="-120.6554470"><ele>2379.8</ele></trkpt>
   <trkpt lat="39.5965180" lon="-120.6554250"><ele>2379.8</ele></trkpt>
   <trkpt lat="39.5965080" lon="-120.6553980"><ele>2380.0</ele></trkpt>
   <trkpt lat="39.5965030" lon="-120.6553860"><ele>2380.0</ele></trkpt>
   <trkpt lat="39.5964950" lon="-120.6553610"><ele>2380.4</ele></trkpt>
   <trkpt lat="39.5964910" lon="-120.6553340"><ele>2380.8</ele></trkpt>
   <trkpt lat="39.5964860" lon="-120.6553150"><ele>2380.8</ele></trkpt>
   <trkpt lat="39.5964850" lon="-120.6553120"><ele>2381.0</ele></trkpt>
   <trkpt lat="39.5964840" lon="-120.6553100"><ele>2381.4</ele></trkpt>
   <trkpt lat="39.5964660" lon="-120.6552430"><ele>2381.8</ele></trkpt>
   <trkpt lat="39.5964450" lon="-120.6551600"><ele>2381.6</ele></trkpt>
   <trkpt lat="39.5964370" lon="-120.6551380"><ele>2381.6</ele></trkpt>
   <trkpt lat="39.5964270" lon="-120.6551290"><ele>2381.4</ele></trkpt>
   <trkpt lat="39.5964080" lon="-120.6551100"><ele>2381.4</ele></trkpt>
   <trkpt lat="39.5963690" lon="-120.6551000"><ele>2381.4</ele></trkpt>
   <trkpt lat="39.5963490" lon="-120.6550940"><ele>2381.6</ele></trkpt>
   <trkpt lat="39.5963380" lon="-120.6550890"><ele>2381.8</ele></trkpt>
   <trkpt lat="39.5963220" lon="-120.6550750"><ele>2382.2</ele></trkpt>
   <trkpt lat="39.5963080" lon="-120.6550610"><ele>2382.2</ele></trkpt>
   <trkpt lat="39.5962850" lon="-120.6550350"><ele>2382.2</ele></trkpt>
   <trkpt lat="39.5962470" lon="-120.6549900"><ele>2382.2</ele></trkpt>
   <trkpt lat="39.5962420" lon="-120.6549830"><ele>2382.4</ele></trkpt>
   <trkpt lat="39.5962360" lon="-120.6549790"><ele>2382.4</ele></trkpt>
   <trkpt lat="39.5962290" lon="-120.6549730"><ele>2382.4</ele></trkpt>
   <trkpt lat="39.5962060" lon="-120.6549200"><ele>2382.6</ele></trkpt>
   <trkpt lat="39.5961980" lon="-120.6549030"><ele>2382.6</ele></trkpt>
   <trkpt lat="39.5961340" lon="-120.6548230"><ele>2383.4</ele></trkpt>
   <trkpt lat="39.5960850" lon="-120.6548060"><ele>2383.8</ele></trkpt>
   <trkpt lat="39.5960620" lon="-120.6548010"><ele>2384.0</ele></trkpt>
   <trkpt lat="39.5960340" lon="-120.6547810"><ele>2384.4</ele></trkpt>
   <trkpt lat="39.5959870" lon="-120.6547720"><ele>2384.4</ele></trkpt>
   <trkpt lat="39.5959770" lon="-120.6547650"><ele>2384.4</ele></trkpt>
   <trkpt lat="39.5959560" lon="-120.6547570"><ele>2384.8</ele></trkpt>
   <trkpt lat="39.5959040" lon="-120.6547500"><ele>2384.8</ele></trkpt>
   <trkpt lat="39.5958690" lon="-120.6547270"><ele>2384.4</ele></trkpt>
   <trkpt lat="39.5958580" lon="-120.6547100"><ele>2384.4</ele></trkpt>
   <trkpt lat="39.5958300" lon="-120.6546920"><ele>2384.2</ele></trkpt>
   <trkpt lat="39.5957970" lon="-120.6546600"><ele>2383.8</ele></trkpt>
   <trkpt lat="39.5957570" lon="-120.6546280"><ele>2383.6</ele></trkpt>
   <trkpt lat="39.5956790" lon="-120.6545580"><ele>2383.6</ele></trkpt>
   <trkpt lat="39.5956610" lon="-120.6545330"><ele>2383.4</ele></trkpt>
   <trkpt lat="39.5956430" lon="-120.6544990"><ele>2383.4</ele></trkpt>
   <trkpt lat="39.5955840" lon="-120.6544250"><ele>2383.8</ele></trkpt>
   <trkpt lat="39.5955480" lon="-120.6543780"><ele>2384.6</ele></trkpt>
   <trkpt lat="39.5955290" lon="-120.6543660"><ele>2385.8</ele></trkpt>
   <trkpt lat="39.5955130" lon="-120.6543320"><ele>2386.0</ele></trkpt>
   <trkpt lat="39.5954900" lon="-120.6542950"><ele>2386.0</ele></trkpt>
   <trkpt lat="39.5954670" lon="-120.6542510"><ele>2385.8</ele></trkpt>
   <trkpt lat="39.5954620" lon="-120.6542410"><ele>2385.8</ele></trkpt>
   <trkpt lat="39.5954510" lon="-120.6542120"><ele>2385.8</ele></trkpt>
   <trkpt lat="39.5954420" lon="-120.6541880"><ele>2385.8</ele></trkpt>
   <trkpt lat="39.5954110" lon="-120.6541390"><ele>2386.4</ele></trkpt>
   <trkpt lat="39.5953930" lon="-120.6540910"><ele>2386.4</ele></trkpt>
   <trkpt lat="39.5953710" lon="-120.6539560"><ele>2386.6</ele></trkpt>
   <trkpt lat="39.5953660" lon="-120.6539380"><ele>2386.8</ele></trkpt>
   <trkpt lat="39.5953640" lon="-120.6539310"><ele>2386.8</ele></trkpt>
   <trkpt lat="39.5953160" lon="-120.6538590"><ele>2387.8</ele></trkpt>
   <trkpt lat="39.5953030" lon="-120.6538430"><ele>2388.2</ele></trkpt>
   <trkpt lat="39.5952660" lon="-120.6537950"><ele>2389.0</ele></trkpt>
   <trkpt lat="39.5952380" lon="-120.6537850"><ele>2390.0</ele></trkpt>
   <trkpt lat="39.5952320" lon="-120.6537820"><ele>2390.4</ele></trkpt>
   <trkpt lat="39.5952170" lon="-120.6537820"><ele>2391.2</ele></trkpt>
   <trkpt lat="39.5951870" lon="-120.6537750"><ele>2391.6</ele></trkpt>
   <trkpt lat="39.5951760" lon="-120.6537760"><ele>2391.8</ele></trkpt>
   <trkpt lat="39.5951500" lon="-120.6537740"><ele>2392.4</ele></trkpt>
   <trkpt lat="39.5951300" lon="-120.6537690"><ele>2392.6</ele></trkpt>
   <trkpt lat="39.5951130" lon="-120.6537630"><ele>2392.8</ele></trkpt>
   <trkpt lat="39.5951020" lon="-120.6537600"><ele>2393.2</ele></trkpt>
   <trkpt lat="39.5950960" lon="-120.6537600"><ele>2393.2</ele></trkpt>
   <trkpt lat="39.5950880" lon="-120.6537530"><ele>2393.4</ele></trkpt>
   <trkpt lat="39.5950660" lon="-120.6537470"><ele>2393.8</ele></trkpt>
   <trkpt lat="39.5950570" lon="-120.6537470"><ele>2393.8</ele></trkpt>
   <trkpt lat="39.5950250" lon="-120.6537260"><ele>2394.6</ele></trkpt>
   <trkpt lat="39.5950170" lon="-120.6537230"><ele>2394.8</ele></trkpt>
   <trkpt lat="39.5950000" lon="-120.6537140"><ele>2395.2</ele></trkpt>
   <trkpt lat="39.5949780" lon="-120.6536960"><ele>2395.8</ele></trkpt>
   <trkpt lat="39.5949740" lon="-120.6536900"><ele>2396.0</ele></trkpt>
   <trkpt lat="39.5949690" lon="-120.6536780"><ele>2396.2</ele></trkpt>
   <trkpt lat="39.5949620" lon="-120.6536700"><ele>2396.6</ele></trkpt>
   <trkpt lat="39.5949360" lon="-120.6536600"><ele>2396.8</ele></trkpt>
   <trkpt lat="39.5949260" lon="-120.6536520"><ele>2396.8</ele></trkpt>
   <trkpt lat="39.5949100" lon="-120.6536440"><ele>2396.8</ele></trkpt>
   <trkpt lat="39.5949000" lon="-120.6536420"><ele>2396.8</ele></trkpt>
   <trkpt lat="39.5948960" lon="-120.6536390"><ele>2396.8</ele></trkpt>
   <trkpt lat="39.5948970" lon="-120.6535920"><ele>2397.2</ele></trkpt>
   <trkpt lat="39.5948970" lon="-120.6535810"><ele>2397.2</ele></trkpt>
   <trkpt lat="39.5948970" lon="-120.6535440"><ele>2397.4</ele></trkpt>
   <trkpt lat="39.5949010" lon="-120.6535030"><ele>2397.8</ele></trkpt>
   <trkpt lat="39.5949060" lon="-120.6534880"><ele>2397.8</ele></trkpt>
   <trkpt lat="39.5948940" lon="-120.6534540"><ele>2398.0</ele></trkpt>
   <trkpt lat="39.5948970" lon="-120.6534110"><ele>2398.6</ele></trkpt>
   <trkpt lat="39.5948990" lon="-120.6533860"><ele>2398.6</ele></trkpt>
   <trkpt lat="39.5948980" lon="-120.6533710"><ele>2398.6</ele></trkpt>
   <trkpt lat="39.5948890" lon="-120.6533740"><ele>2398.6</ele></trkpt>
   <trkpt lat="39.5948840" lon="-120.6533920"><ele>2399.0</ele></trkpt>
   <trkpt lat="39.5948680" lon="-120.6534070"><ele>2399.4</ele></trkpt>
   <trkpt lat="39.5948470" lon="-120.6534010"><ele>2400.2</ele></trkpt>
   <trkpt lat="39.5948410" lon="-120.6533950"><ele>2400.2</ele></trkpt>
   <trkpt lat="39.5948080" lon="-120.6533310"><ele>2400.6</ele></trkpt>
   <trkpt lat="39.5948030" lon="-120.6533010"><ele>2401.2</ele></trkpt>
   <trkpt lat="39.5948270" lon="-120.6532460"><ele>2401.4</ele></trkpt>
   <trkpt lat="39.5948710" lon="-120.6531820"><ele>2401.4</ele></trkpt>
   <trkpt lat="39.5948790" lon="-120.6531640"><ele>2401.4</ele></trkpt>
   <trkpt lat="39.5948860" lon="-120.6531390"><ele>2401.2</ele></trkpt>
   <trkpt lat="39.5948940" lon="-120.6530680"><ele>2402.2</ele></trkpt>
   <trkpt lat="39.5948960" lon="-120.6530610"><ele>2402.4</ele></trkpt>
   <trkpt lat="39.5949100" lon="-120.6529860"><ele>2403.4</ele></trkpt>
   <trkpt lat="39.5949050" lon="-120.6529770"><ele>2403.4</ele></trkpt>
   <trkpt lat="39.5949030" lon="-120.6529640"><ele>2403.8</ele></trkpt>
   <trkpt lat="39.5948980" lon="-120.6529450"><ele>2404.6</ele></trkpt>
   <trkpt lat="39.5948810" lon="-120.6529100"><ele>2405.6</ele></trkpt>
   <trkpt lat="39.5948780" lon="-120.6528890"><ele>2406.8</ele></trkpt>
   <trkpt lat="39.5948510" lon="-120.6528590"><ele>2408.0</ele></trkpt>
   <trkpt lat="39.5948390" lon="-120.6528450"><ele>2408.2</ele></trkpt>
   <trkpt lat="39.5948220" lon="-120.6527890"><ele>2408.6</ele></trkpt>
   <trkpt lat="39.5948210" lon="-120.6527810"><ele>2408.8</ele></trkpt>
   <trkpt lat="39.5948220" lon="-120.6527630"><ele>2408.8</ele></trkpt>
   <trkpt lat="39.5948210" lon="-120.6527500"><ele>2409.0</ele></trkpt>
   <trkpt lat="39.5948220" lon="-120.6527440"><ele>2409.0</ele></trkpt>
   <trkpt lat="39.5948180" lon="-120.6527050"><ele>2410.0</ele></trkpt>
   <trkpt lat="39.5948010" lon="-120.6526630"><ele>2410.8</ele></trkpt>
   <trkpt lat="39.5947830" lon="-120.6526250"><ele>2411.2</ele></trkpt>
   <trkpt lat="39.5947760" lon="-120.6526160"><ele>2411.6</ele></trkpt>
   <trkpt lat="39.5947480" lon="-120.6525680"><ele>2412.2</ele></trkpt>
   <trkpt lat="39.5947420" lon="-120.6525340"><ele>2412.4</ele></trkpt>
   <trkpt lat="39.5947420" lon="-120.6525110"><ele>2412.6</ele></trkpt>
   <trkpt lat="39.5947410" lon="-120.6525070"><ele>2412.8</ele></trkpt>
   <trkpt lat="39.5947260" lon="-120.6525030"><ele>2412.8</ele></trkpt>
   <trkpt lat="39.5947170" lon="-120.6525180"><ele>2413.0</ele></trkpt>
   <trkpt lat="39.5947170" lon="-120.6525080"><ele>2413.2</ele></trkpt>
   <trkpt lat="39.5947390" lon="-120.6524280"><ele>2412.6</ele></trkpt>
   <trkpt lat="39.5947430" lon="-120.6524250"><ele>2412.6</ele></trkpt>
   <trkpt lat="39.5947460" lon="-120.6524180"><ele>2412.8</ele></trkpt>
   <trkpt lat="39.5947470" lon="-120.6524050"><ele>2413.4</ele></trkpt>
   <trkpt lat="39.5947520" lon="-120.6523950"><ele>2413.6</ele></trkpt>
   <trkpt lat="39.5947490" lon="-120.6523790"><ele>2413.6</ele></trkpt>
   <trkpt lat="39.5947520" lon="-120.6523730"><ele>2413.6</ele></trkpt>
   <trkpt lat="39.5947490" lon="-120.6523800"><ele>2413.8</ele></trkpt>
   <trkpt lat="39.5947440" lon="-120.6523990"><ele>2414.0</ele></trkpt>
   <trkpt lat="39.5947430" lon="-120.6524040"><ele>2414.0</ele></trkpt>
   <trkpt lat="39.5947500" lon="-120.6524030"><ele>2413.0</ele></trkpt>
   <trkpt lat="39.5947530" lon="-120.6523960"><ele>2412.2</ele></trkpt>
   <trkpt lat="39.5947540" lon="-120.6524000"><ele>2411.8</ele></trkpt>
   <trkpt lat="39.5947570" lon="-120.6523970"><ele>2412.0</ele></trkpt>
   <trkpt lat="39.5947590" lon="-120.6523960"><ele>2412.0</ele></trkpt>
   <trkpt lat="39.5947790" lon="-120.6523820"><ele>2412.8</ele></trkpt>
   <trkpt lat="39.5947900" lon="-120.6523800"><ele>2412.8</ele></trkpt>
   <trkpt lat="39.5947960" lon="-120.6523790"><ele>2412.2</ele></trkpt>
   <trkpt lat="39.5947880" lon="-120.6523800"><ele>2412.2</ele></trkpt>
   <trkpt lat="39.5947890" lon="-120.6523740"><ele>2413.4</ele></trkpt>
   <trkpt lat="39.5947810" lon="-120.6523750"><ele>2412.8</ele></trkpt>
   <trkpt lat="39.5947820" lon="-120.6523750"><ele>2412.6</ele></trkpt>
   <trkpt lat="39.5947850" lon="-120.6523730"><ele>2412.2</ele></trkpt>
   <trkpt lat="39.5947930" lon="-120.6523820"><ele>2411.8</ele></trkpt>
   <trkpt lat="39.5947960" lon="-120.6523810"><ele>2411.6</ele></trkpt>
   <trkpt lat="39.5947960" lon="-120.6523720"><ele>2411.6</ele></trkpt>
   <trkpt lat="39.5947940" lon="-120.6523740"><ele>2413.0</ele></trkpt>
   <trkpt lat="39.5947910" lon="-120.6523690"><ele>2412.6</ele></trkpt>
   <trkpt lat="39.5947910" lon="-120.6523680"><ele>2412.8</ele></trkpt>
   <trkpt lat="39.5947900" lon="-120.6523670"><ele>2413.0</ele></trkpt>
   <trkpt lat="39.5947900" lon="-120.6523670"><ele>2413.0</ele></trkpt>
   <trkpt lat="39.5947900" lon="-120.6523670"><ele>2413.0</ele></trkpt>
   <trkpt lat="39.5947900" lon="-120.6523670"><ele>2413.2</ele></trkpt>
   <trkpt lat="39.5947900" lon="-120.6523670"><ele>2413.4</ele></trkpt>
   <trkpt lat="39.5947870" lon="-120.6523690"><ele>2413.4</ele></trkpt>
   <trkpt lat="39.5947820" lon="-120.6523740"><ele>2413.4</ele></trkpt>
   <trkpt lat="39.5947790" lon="-120.6523730"><ele>2413.0</ele></trkpt>
   <trkpt lat="39.5947770" lon="-120.6523790"><ele>2412.6</ele></trkpt>
   <trkpt lat="39.5947760" lon="-120.6523800"><ele>2412.2</ele></trkpt>
   <trkpt lat="39.5947790" lon="-120.6523750"><ele>2412.2</ele></trkpt>
   <trkpt lat="39.5947750" lon="-120.6523720"><ele>2412.2</ele></trkpt>
   <trkpt lat="39.5947750" lon="-120.6523710"><ele>2412.4</ele></trkpt>
   <trkpt lat="39.5947750" lon="-120.6523710"><ele>2412.6</ele></trkpt>
   <trkpt lat="39.5947630" lon="-120.6523860"><ele>2412.0</ele></trkpt>
   <trkpt lat="39.5947670" lon="-120.6523910"><ele>2411.6</ele></trkpt>
   <trkpt lat="39.5947670" lon="-120.6523980"><ele>2411.8</ele></trkpt>
   <trkpt lat="39.5947690" lon="-120.6523980"><ele>2411.2</ele></trkpt>
   <trkpt lat="39.5947670" lon="-120.6524040"><ele>2410.8</ele></trkpt>
   <trkpt lat="39.5947680" lon="-120.6524030"><ele>2410.8</ele></trkpt>
   <trkpt lat="39.5947700" lon="-120.6524040"><ele>2410.6</ele></trkpt>
   <trkpt lat="39.5947650" lon="-120.6523930"><ele>2412.0</ele></trkpt>
   <trkpt lat="39.5947640" lon="-120.6523910"><ele>2412.2</ele></trkpt>
   <trkpt lat="39.5947630" lon="-120.6523910"><ele>2412.2</ele></trkpt>
   <trkpt lat="39.5947630" lon="-120.6523930"><ele>2412.2</ele></trkpt>
   <trkpt lat="39.5947490" lon="-120.6524070"><ele>2411.6</ele></trkpt>
   <trkpt lat="39.5947490" lon="-120.6524080"><ele>2411.4</ele></trkpt>
   <trkpt lat="39.5947490" lon="-120.6524080"><ele>2411.0</ele></trkpt>
   <trkpt lat="39.5947450" lon="-120.6524100"><ele>2410.6</ele></trkpt>
   <trkpt lat="39.5947430" lon="-120.6524000"><ele>2412.0</ele></trkpt>
   <trkpt lat="39.5947410" lon="-120.6524030"><ele>2412.4</ele></trkpt>
   <trkpt lat="39.5947370" lon="-120.6524160"><ele>2412.6</ele></trkpt>
   <trkpt lat="39.5947380" lon="-120.6523750"><ele>2412.4</ele></trkpt>
   <trkpt lat="39.5947390" lon="-120.6523370"><ele>2413.0</ele></trkpt>
   <trkpt lat="39.5947350" lon="-120.6523390"><ele>2413.0</ele></trkpt>
   <trkpt lat="39.5947340" lon="-120.6523440"><ele>2413.0</ele></trkpt>
   <trkpt lat="39.5947360" lon="-120.6523190"><ele>2413.0</ele></trkpt>
   <trkpt lat="39.5947460" lon="-120.6523080"><ele>2413.0</ele></trkpt>
   <trkpt lat="39.5947480" lon="-120.6523020"><ele>2413.0</ele></trkpt>
   <trkpt lat="39.5947510" lon="-120.6522970"><ele>2413.0</ele></trkpt>
   <trkpt lat="39.5947630" lon="-120.6522730"><ele>2413.0</ele></trkpt>
   <trkpt lat="39.5947640" lon="-120.6522710"><ele>2413.0</ele></trkpt>
   <trkpt lat="39.5947670" lon="-120.6522680"><ele>2413.0</ele></trkpt>
   <trkpt lat="39.5947750" lon="-120.6522620"><ele>2413.0</ele></trkpt>
   <trkpt lat="39.5947930" lon="-120.6522430"><ele>2413.0</ele></trkpt>
   <trkpt lat="39.5948090" lon="-120.6522170"><ele>2413.0</ele></trkpt>
   <trkpt lat="39.5948120" lon="-120.6522090"><ele>2413.0</ele></trkpt>
   <trkpt lat="39.5948090" lon="-120.6521850"><ele>2413.0</ele></trkpt>
   <trkpt lat="39.5948140" lon="-120.6521250"><ele>2413.0</ele></trkpt>
   <trkpt lat="39.5948140" lon="-120.6521070"><ele>2413.0</ele></trkpt>
   <trkpt lat="39.5948210" lon="-120.6520880"><ele>2413.6</ele></trkpt>
   <trkpt lat="39.5948220" lon="-120.6520820"><ele>2415.0</ele></trkpt>
   <trkpt lat="39.5948280" lon="-120.6520780"><ele>2416.4</ele></trkpt>
   <trkpt lat="39.5948380" lon="-120.6520640"><ele>2417.6</ele></trkpt>
   <trkpt lat="39.5948390" lon="-120.6520560"><ele>2418.0</ele></trkpt>
   <trkpt lat="39.5948380" lon="-120.6520460"><ele>2418.2</ele></trkpt>
   <trkpt lat="39.5948420" lon="-120.6520380"><ele>2418.8</ele></trkpt>
   <trkpt lat="39.5948490" lon="-120.6520210"><ele>2419.2</ele></trkpt>
   <trkpt lat="39.5948610" lon="-120.6519930"><ele>2419.8</ele></trkpt>
   <trkpt lat="39.5948650" lon="-120.6519360"><ele>2420.4</ele></trkpt>
   <trkpt lat="39.5948580" lon="-120.6519150"><ele>2420.6</ele></trkpt>
   <trkpt lat="39.5948580" lon="-120.6519050"><ele>2420.8</ele></trkpt>
   <trkpt lat="39.5948580" lon="-120.6518940"><ele>2420.8</ele></trkpt>
   <trkpt lat="39.5948630" lon="-120.6518760"><ele>2421.0</ele></trkpt>
   <trkpt lat="39.5948680" lon="-120.6518550"><ele>2421.6</ele></trkpt>
   <trkpt lat="39.5948720" lon="-120.6518400"><ele>2421.8</ele></trkpt>
   <trkpt lat="39.5948720" lon="-120.6518370"><ele>2422.0</ele></trkpt>
   <trkpt lat="39.5948810" lon="-120.6518070"><ele>2422.8</ele></trkpt>
   <trkpt lat="39.5948820" lon="-120.6518010"><ele>2423.2</ele></trkpt>
   <trkpt lat="39.5948790" lon="-120.6517400"><ele>2424.4</ele></trkpt>
   <trkpt lat="39.5948800" lon="-120.6517170"><ele>2425.0</ele></trkpt>
   <trkpt lat="39.5948720" lon="-120.6516990"><ele>2425.4</ele></trkpt>
   <trkpt lat="39.5948660" lon="-120.6516950"><ele>2425.6</ele></trkpt>
   <trkpt lat="39.5948510" lon="-120.6516700"><ele>2426.4</ele></trkpt>
   <trkpt lat="39.5948500" lon="-120.6516650"><ele>2426.6</ele></trkpt>
   <trkpt lat="39.5948360" lon="-120.6516210"><ele>2427.6</ele></trkpt>
   <trkpt lat="39.5948370" lon="-120.6515980"><ele>2427.8</ele></trkpt>
   <trkpt lat="39.5948410" lon="-120.6515730"><ele>2428.8</ele></trkpt>
   <trkpt lat="39.5948340" lon="-120.6515460"><ele>2429.4</ele></trkpt>
   <trkpt lat="39.5948340" lon="-120.6515410"><ele>2429.4</ele></trkpt>
   <trkpt lat="39.5948330" lon="-120.6515260"><ele>2429.8</ele></trkpt>
   <trkpt lat="39.5948390" lon="-120.6515140"><ele>2430.0</ele></trkpt>
   <trkpt lat="39.5948650" lon="-120.6514760"><ele>2430.8</ele></trkpt>
   <trkpt lat="39.5948670" lon="-120.6514700"><ele>2431.0</ele></trkpt>
   <trkpt lat="39.5948730" lon="-120.6514510"><ele>2431.2</ele></trkpt>
   <trkpt lat="39.5948930" lon="-120.6514420"><ele>2431.6</ele></trkpt>
   <trkpt lat="39.5948940" lon="-120.6514300"><ele>2431.8</ele></trkpt>
   <trkpt lat="39.5948970" lon="-120.6514150"><ele>2432.0</ele></trkpt>
   <trkpt lat="39.5948990" lon="-120.6514100"><ele>2432.2</ele></trkpt>
   <trkpt lat="39.5949320" lon="-120.6513660"><ele>2433.2</ele></trkpt>
   <trkpt lat="39.5949490" lon="-120.6513520"><ele>2434.4</ele></trkpt>
   <trkpt lat="39.5949510" lon="-120.6513450"><ele>2434.8</ele></trkpt>
   <trkpt lat="39.5949490" lon="-120.6513340"><ele>2435.4</ele></trkpt>
   <trkpt lat="39.5949200" lon="-120.6512950"><ele>2436.6</ele></trkpt>
   <trkpt lat="39.5949010" lon="-120.6512830"><ele>2437.2</ele></trkpt>
   <trkpt lat="39.5948900" lon="-120.6512770"><ele>2437.6</ele></trkpt>
   <trkpt lat="39.5948720" lon="-120.6512540"><ele>2438.6</ele></trkpt>
   <trkpt lat="39.5948680" lon="-120.6512420"><ele>2438.6</ele></trkpt>
   <trkpt lat="39.5948640" lon="-120.6512330"><ele>2438.8</ele></trkpt>
   <trkpt lat="39.5948480" lon="-120.6512070"><ele>2439.0</ele></trkpt>
   <trkpt lat="39.5948430" lon="-120.6512010"><ele>2439.0</ele></trkpt>
   <trkpt lat="39.5948400" lon="-120.6511950"><ele>2439.0</ele></trkpt>
   <trkpt lat="39.5948200" lon="-120.6511520"><ele>2439.4</ele></trkpt>
   <trkpt lat="39.5948100" lon="-120.6511320"><ele>2439.8</ele></trkpt>
   <trkpt lat="39.5948030" lon="-120.6511190"><ele>2440.0</ele></trkpt>
   <trkpt lat="39.5948010" lon="-120.6510950"><ele>2440.4</ele></trkpt>
   <trkpt lat="39.5948000" lon="-120.6510880"><ele>2440.6</ele></trkpt>
   <trkpt lat="39.5947910" lon="-120.6510740"><ele>2440.8</ele></trkpt>
   <trkpt lat="39.5947860" lon="-120.6510820"><ele>2441.4</ele></trkpt>
   <trkpt lat="39.5947860" lon="-120.6510850"><ele>2441.4</ele></trkpt>
   <trkpt lat="39.5947830" lon="-120.6510890"><ele>2441.4</ele></trkpt>
   <trkpt lat="39.5947830" lon="-120.6510880"><ele>2441.8</ele></trkpt>
   <trkpt lat="39.5947820" lon="-120.6510890"><ele>2442.2</ele></trkpt>
   <trkpt lat="39.5947810" lon="-120.6510890"><ele>2442.2</ele></trkpt>
   <trkpt lat="39.5947780" lon="-120.6510820"><ele>2441.8</ele></trkpt>
   <trkpt lat="39.5947690" lon="-120.6510760"><ele>2441.4</ele></trkpt>
   <trkpt lat="39.5947540" lon="-120.6510670"><ele>2441.4</ele></trkpt>
   <trkpt lat="39.5947430" lon="-120.6510540"><ele>2441.6</ele></trkpt>
   <trkpt lat="39.5947330" lon="-120.6510360"><ele>2442.0</ele></trkpt>
   <trkpt lat="39.5947320" lon="-120.6510310"><ele>2442.2</ele></trkpt>
   <trkpt lat="39.5947060" lon="-120.6509760"><ele>2442.6</ele></trkpt>
   <trkpt lat="39.5947040" lon="-120.6509680"><ele>2442.6</ele></trkpt>
   <trkpt lat="39.5946950" lon="-120.6509470"><ele>2443.0</ele></trkpt>
   <trkpt lat="39.5946910" lon="-120.6509220"><ele>2443.4</ele></trkpt>
   <trkpt lat="39.5946850" lon="-120.6508780"><ele>2444.2</ele></trkpt>
   <trkpt lat="39.5946870" lon="-120.6508570"><ele>2445.0</ele></trkpt>
   <trkpt lat="39.5946920" lon="-120.6508530"><ele>2445.2</ele></trkpt>
   <trkpt lat="39.5946970" lon="-120.6508530"><ele>2445.4</ele></trkpt>
   <trkpt lat="39.5947100" lon="-120.6508480"><ele>2445.4</ele></trkpt>
   <trkpt lat="39.5947730" lon="-120.6508450"><ele>2445.4</ele></trkpt>
   <trkpt lat="39.5947830" lon="-120.6508510"><ele>2445.4</ele></trkpt>
   <trkpt lat="39.5947980" lon="-120.6508490"><ele>2445.6</ele></trkpt>
   <trkpt lat="39.5948040" lon="-120.6508490"><ele>2446.0</ele></trkpt>
   <trkpt lat="39.5948110" lon="-120.6508470"><ele>2446.2</ele></trkpt>
   <trkpt lat="39.5948470" lon="-120.6508280"><ele>2447.2</ele></trkpt>
   <trkpt lat="39.5948510" lon="-120.6508230"><ele>2447.4</ele></trkpt>
   <trkpt lat="39.5948980" lon="-120.6508050"><ele>2448.6</ele></trkpt>
   <trkpt lat="39.5949230" lon="-120.6508030"><ele>2449.2</ele></trkpt>
   <trkpt lat="39.5949410" lon="-120.6507960"><ele>2449.6</ele></trkpt>
   <trkpt lat="39.5949560" lon="-120.6507980"><ele>2450.2</ele></trkpt>
   <trkpt lat="39.5949730" lon="-120.6507970"><ele>2450.8</ele></trkpt>
   <trkpt lat="39.5949930" lon="-120.6507860"><ele>2451.8</ele></trkpt>
   <trkpt lat="39.5950000" lon="-120.6507810"><ele>2452.2</ele></trkpt>
   <trkpt lat="39.5950150" lon="-120.6507690"><ele>2453.0</ele></trkpt>
   <trkpt lat="39.5950180" lon="-120.6507680"><ele>2453.2</ele></trkpt>
   <trkpt lat="39.5950270" lon="-120.6507620"><ele>2453.2</ele></trkpt>
   <trkpt lat="39.5950480" lon="-120.6507510"><ele>2454.0</ele></trkpt>
   <trkpt lat="39.5950490" lon="-120.6507440"><ele>2454.2</ele></trkpt>
   <trkpt lat="39.5950520" lon="-120.6507170"><ele>2454.8</ele></trkpt>
   <trkpt lat="39.5950570" lon="-120.6506960"><ele>2455.4</ele></trkpt>
   <trkpt lat="39.5950350" lon="-120.6506530"><ele>2456.4</ele></trkpt>
   <trkpt lat="39.5950030" lon="-120.6506310"><ele>2457.6</ele></trkpt>
   <trkpt lat="39.5949930" lon="-120.6506220"><ele>2457.8</ele></trkpt>
   <trkpt lat="39.5949750" lon="-120.6506090"><ele>2458.0</ele></trkpt>
   <trkpt lat="39.5949350" lon="-120.6505830"><ele>2458.2</ele></trkpt>
   <trkpt lat="39.5949030" lon="-120.6505460"><ele>2458.8</ele></trkpt>
   <trkpt lat="39.5948810" lon="-120.6505370"><ele>2460.0</ele></trkpt>
   <trkpt lat="39.5948570" lon="-120.6505160"><ele>2460.8</ele></trkpt>
   <trkpt lat="39.5948500" lon="-120.6505080"><ele>2461.0</ele></trkpt>
   <trkpt lat="39.5948370" lon="-120.6504920"><ele>2461.0</ele></trkpt>
   <trkpt lat="39.5948240" lon="-120.6504740"><ele>2461.2</ele></trkpt>
   <trkpt lat="39.5948100" lon="-120.6504530"><ele>2461.2</ele></trkpt>
   <trkpt lat="39.5947930" lon="-120.6504070"><ele>2461.2</ele></trkpt>
   <trkpt lat="39.5947880" lon="-120.6503940"><ele>2461.6</ele></trkpt>
   <trkpt lat="39.5947750" lon="-120.6503700"><ele>2462.0</ele></trkpt>
   <trkpt lat="39.5947570" lon="-120.6503530"><ele>2462.6</ele></trkpt>
   <trkpt lat="39.5947420" lon="-120.6503350"><ele>2463.2</ele></trkpt>
   <trkpt lat="39.5947340" lon="-120.6503270"><ele>2464.0</ele></trkpt>
   <trkpt lat="39.5947340" lon="-120.6503300"><ele>2463.6</ele></trkpt>
   <trkpt lat="39.5947340" lon="-120.6503290"><ele>2463.6</ele></trkpt>
   <trkpt lat="39.5947370" lon="-120.6503300"><ele>2463.0</ele></trkpt>
   <trkpt lat="39.5947390" lon="-120.6503270"><ele>2462.6</ele></trkpt>
   <trkpt lat="39.5947430" lon="-120.6503200"><ele>2462.2</ele></trkpt>
   <trkpt lat="39.5947440" lon="-120.6503200"><ele>2462.0</ele></trkpt>
   <trkpt lat="39.5947440" lon="-120.6503220"><ele>2462.0</ele></trkpt>
   <trkpt lat="39.5947600" lon="-120.6503260"><ele>2462.2</ele></trkpt>
   <trkpt lat="39.5947840" lon="-120.6503420"><ele>2462.6</ele></trkpt>
   <trkpt lat="39.5947950" lon="-120.6503490"><ele>2462.8</ele></trkpt>
   <trkpt lat="39.5948050" lon="-120.6503540"><ele>2463.2</ele></trkpt>
   <trkpt lat="39.5948220" lon="-120.6503690"><ele>2463.4</ele></trkpt>
   <trkpt lat="39.5948220" lon="-120.6503690"><ele>2463.6</ele></trkpt>
   <trkpt lat="39.5948440" lon="-120.6503660"><ele>2464.4</ele></trkpt>
   <trkpt lat="39.5948630" lon="-120.6503540"><ele>2465.4</ele></trkpt>
   <trkpt lat="39.5948870" lon="-120.6503480"><ele>2466.6</ele></trkpt>
   <trkpt lat="39.5949040" lon="-120.6503420"><ele>2467.8</ele></trkpt>
   <trkpt lat="39.5949280" lon="-120.6503300"><ele>2469.0</ele></trkpt>
   <trkpt lat="39.5949700" lon="-120.6503200"><ele>2469.6</ele></trkpt>
   <trkpt lat="39.5949760" lon="-120.6503200"><ele>2469.6</ele></trkpt>
   <trkpt lat="39.5950080" lon="-120.6503140"><ele>2469.6</ele></trkpt>
   <trkpt lat="39.5950470" lon="-120.6503130"><ele>2470.0</ele></trkpt>
   <trkpt lat="39.5950700" lon="-120.6503120"><ele>2470.4</ele></trkpt>
   <trkpt lat="39.5951040" lon="-120.6503200"><ele>2471.0</ele></trkpt>
   <trkpt lat="39.5951690" lon="-120.6503500"><ele>2471.6</ele></trkpt>
   <trkpt lat="39.5952240" lon="-120.6503720"><ele>2472.2</ele></trkpt>
   <trkpt lat="39.5952630" lon="-120.6504090"><ele>2473.2</ele></trkpt>
   <trkpt lat="39.5952730" lon="-120.6504380"><ele>2473.2</ele></trkpt>
   <trkpt lat="39.5952890" lon="-120.6504380"><ele>2473.6</ele></trkpt>
   <trkpt lat="39.5953240" lon="-120.6504350"><ele>2474.2</ele></trkpt>
   <trkpt lat="39.5953580" lon="-120.6504190"><ele>2474.6</ele></trkpt>
   <trkpt lat="39.5953860" lon="-120.6503970"><ele>2475.0</ele></trkpt>
   <trkpt lat="39.5953940" lon="-120.6503800"><ele>2475.2</ele></trkpt>
   <trkpt lat="39.5953810" lon="-120.6503020"><ele>2476.4</ele></trkpt>
   <trkpt lat="39.5953500" lon="-120.6502750"><ele>2477.0</ele></trkpt>
   <trkpt lat="39.5953370" lon="-120.6502560"><ele>2477.6</ele></trkpt>
   <trkpt lat="39.5953300" lon="-120.6502510"><ele>2477.6</ele></trkpt>
   <trkpt lat="39.5953130" lon="-120.6502250"><ele>2478.0</ele></trkpt>
   <trkpt lat="39.5952810" lon="-120.6501970"><ele>2478.6</ele></trkpt>
   <trkpt lat="39.5952740" lon="-120.6501880"><ele>2478.8</ele></trkpt>
   <trkpt lat="39.5952470" lon="-120.6501700"><ele>2479.6</ele></trkpt>
   <trkpt lat="39.5952280" lon="-120.6501530"><ele>2480.2</ele></trkpt>
   <trkpt lat="39.5952210" lon="-120.6501450"><ele>2480.2</ele></trkpt>
   <trkpt lat="39.5952150" lon="-120.6501410"><ele>2480.4</ele></trkpt>
   <trkpt lat="39.5952030" lon="-120.6501280"><ele>2480.6</ele></trkpt>
   <trkpt lat="39.5952000" lon="-120.6501230"><ele>2480.8</ele></trkpt>
   <trkpt lat="39.5951840" lon="-120.6500930"><ele>2481.8</ele></trkpt>
   <trkpt lat="39.5951630" lon="-120.6500650"><ele>2482.8</ele></trkpt>
   <trkpt lat="39.5951580" lon="-120.6500610"><ele>2482.8</ele></trkpt>
   <trkpt lat="39.5951020" lon="-120.6500060"><ele>2483.8</ele></trkpt>
   <trkpt lat="39.5950960" lon="-120.6500030"><ele>2483.8</ele></trkpt>
   <trkpt lat="39.5950840" lon="-120.6499950"><ele>2483.8</ele></trkpt>
   <trkpt lat="39.5950430" lon="-120.6499480"><ele>2484.6</ele></trkpt>
   <trkpt lat="39.5950300" lon="-120.6499390"><ele>2485.0</ele></trkpt>
   <trkpt lat="39.5950220" lon="-120.6499340"><ele>2485.0</ele></trkpt>
   <trkpt lat="39.5949990" lon="-120.6499030"><ele>2485.4</ele></trkpt>
   <trkpt lat="39.5949770" lon="-120.6498790"><ele>2485.6</ele></trkpt>
   <trkpt lat="39.5949720" lon="-120.6498690"><ele>2485.6</ele></trkpt>
   <trkpt lat="39.5949600" lon="-120.6498530"><ele>2485.4</ele></trkpt>
   <trkpt lat="39.5949380" lon="-120.6498400"><ele>2485.8</ele></trkpt>
   <trkpt lat="39.5949300" lon="-120.6498330"><ele>2485.8</ele></trkpt>
   <trkpt lat="39.5949250" lon="-120.6498280"><ele>2486.0</ele></trkpt>
   <trkpt lat="39.5948990" lon="-120.6498030"><ele>2486.4</ele></trkpt>
   <trkpt lat="39.5948780" lon="-120.6497830"><ele>2486.6</ele></trkpt>
   <trkpt lat="39.5948540" lon="-120.6497630"><ele>2486.6</ele></trkpt>
   <trkpt lat="39.5948330" lon="-120.6497530"><ele>2487.0</ele></trkpt>
   <trkpt lat="39.5948270" lon="-120.6497490"><ele>2487.2</ele></trkpt>
   <trkpt lat="39.5947870" lon="-120.6497300"><ele>2488.0</ele></trkpt>
   <trkpt lat="39.5947790" lon="-120.6497240"><ele>2488.0</ele></trkpt>
   <trkpt lat="39.5947410" lon="-120.6496900"><ele>2488.2</ele></trkpt>
   <trkpt lat="39.5947210" lon="-120.6496860"><ele>2489.4</ele></trkpt>
   <trkpt lat="39.5947200" lon="-120.6496900"><ele>2489.6</ele></trkpt>
   <trkpt lat="39.5947240" lon="-120.6497050"><ele>2490.0</ele></trkpt>
   <trkpt lat="39.5947220" lon="-120.6497050"><ele>2489.8</ele></trkpt>
   <trkpt lat="39.5947230" lon="-120.6497030"><ele>2489.4</ele></trkpt>
   <trkpt lat="39.5947230" lon="-120.6497000"><ele>2489.8</ele></trkpt>
   <trkpt lat="39.5947220" lon="-120.6496910"><ele>2489.8</ele></trkpt>
   <trkpt lat="39.5947160" lon="-120.6496690"><ele>2489.8</ele></trkpt>
   <trkpt lat="39.5947120" lon="-120.6496650"><ele>2489.8</ele></trkpt>
   <trkpt lat="39.5946820" lon="-120.6496230"><ele>2490.6</ele></trkpt>
   <trkpt lat="39.5946610" lon="-120.6496090"><ele>2491.4</ele></trkpt>
   <trkpt lat="39.5946570" lon="-120.6496060"><ele>2491.6</ele></trkpt>
   <trkpt lat="39.5946530" lon="-120.6496190"><ele>2491.2</ele></trkpt>
   <trkpt lat="39.5946410" lon="-120.6496260"><ele>2491.4</ele></trkpt>
   <trkpt lat="39.5946320" lon="-120.6496340"><ele>2491.8</ele></trkpt>
   <trkpt lat="39.5946310" lon="-120.6496370"><ele>2492.4</ele></trkpt>
   <trkpt lat="39.5946270" lon="-120.6496390"><ele>2492.8</ele></trkpt>
   <trkpt lat="39.5946270" lon="-120.6496400"><ele>2492.8</ele></trkpt>
   <trkpt lat="39.5946230" lon="-120.6496440"><ele>2492.8</ele></trkpt>
   <trkpt lat="39.5946220" lon="-120.6496410"><ele>2492.8</ele></trkpt>
   <trkpt lat="39.5946220" lon="-120.6496390"><ele>2493.0</ele></trkpt>
   <trkpt lat="39.5946240" lon="-120.6496340"><ele>2493.2</ele></trkpt>
   <trkpt lat="39.5946240" lon="-120.6496030"><ele>2493.2</ele></trkpt>
   <trkpt lat="39.5946170" lon="-120.6495880"><ele>2492.8</ele></trkpt>
   <trkpt lat="39.5945980" lon="-120.6495640"><ele>2493.0</ele></trkpt>
   <trkpt lat="39.5945920" lon="-120.6495500"><ele>2493.2</ele></trkpt>
   <trkpt lat="39.5945870" lon="-120.6495450"><ele>2493.4</ele></trkpt>
   <trkpt lat="39.5945620" lon="-120.6495380"><ele>2493.8</ele></trkpt>
   <trkpt lat="39.5945580" lon="-120.6495380"><ele>2494.0</ele></trkpt>
   <trkpt lat="39.5945490" lon="-120.6495270"><ele>2494.2</ele></trkpt>
   <trkpt lat="39.5945310" lon="-120.6495140"><ele>2495.0</ele></trkpt>
   <trkpt lat="39.5945130" lon="-120.6495050"><ele>2495.8</ele></trkpt>
   <trkpt lat="39.5944950" lon="-120.6494950"><ele>2496.2</ele></trkpt>
   <trkpt lat="39.5944680" lon="-120.6494710"><ele>2496.8</ele></trkpt>
   <trkpt lat="39.5944600" lon="-120.6494660"><ele>2497.0</ele></trkpt>
   <trkpt lat="39.5944460" lon="-120.6494520"><ele>2496.8</ele></trkpt>
   <trkpt lat="39.5944390" lon="-120.6494480"><ele>2496.8</ele></trkpt>
   <trkpt lat="39.5944250" lon="-120.6494360"><ele>2496.8</ele></trkpt>
   <trkpt lat="39.5944120" lon="-120.6494250"><ele>2497.2</ele></trkpt>
   <trkpt lat="39.5944100" lon="-120.6494190"><ele>2497.2</ele></trkpt>
   <trkpt lat="39.5944070" lon="-120.6494220"><ele>2497.4</ele></trkpt>
   <trkpt lat="39.5944070" lon="-120.6494230"><ele>2497.4</ele></trkpt>
   <trkpt lat="39.5943990" lon="-120.6494180"><ele>2497.4</ele></trkpt>
   <trkpt lat="39.5943630" lon="-120.6494030"><ele>2498.4</ele></trkpt>
   <trkpt lat="39.5943550" lon="-120.6493950"><ele>2498.6</ele></trkpt>
   <trkpt lat="39.5943530" lon="-120.6494020"><ele>2499.0</ele></trkpt>
   <trkpt lat="39.5943440" lon="-120.6494060"><ele>2499.6</ele></trkpt>
   <trkpt lat="39.5943360" lon="-120.6494000"><ele>2500.0</ele></trkpt>
   <trkpt lat="39.5943320" lon="-120.6493960"><ele>2500.0</ele></trkpt>
   <trkpt lat="39.5942810" lon="-120.6493400"><ele>2500.8</ele></trkpt>
   <trkpt lat="39.5942500" lon="-120.6493060"><ele>2501.4</ele></trkpt>
   <trkpt lat="39.5942240" lon="-120.6492820"><ele>2501.8</ele></trkpt>
   <trkpt lat="39.5941550" lon="-120.6492280"><ele>2502.8</ele></trkpt>
   <trkpt lat="39.5941480" lon="-120.6492230"><ele>2502.8</ele></trkpt>
   <trkpt lat="39.5940940" lon="-120.6491770"><ele>2504.2</ele></trkpt>
   <trkpt lat="39.5940730" lon="-120.6491680"><ele>2505.4</ele></trkpt>
   <trkpt lat="39.5940680" lon="-120.6491730"><ele>2505.6</ele></trkpt>
   <trkpt lat="39.5940600" lon="-120.6491700"><ele>2506.0</ele></trkpt>
   <trkpt lat="39.5940470" lon="-120.6491580"><ele>2506.6</ele></trkpt>
   <trkpt lat="39.5940280" lon="-120.6491430"><ele>2507.4</ele></trkpt>
   <trkpt lat="39.5940240" lon="-120.6491340"><ele>2507.6</ele></trkpt>
   <trkpt lat="39.5940200" lon="-120.6491260"><ele>2507.6</ele></trkpt>
   <trkpt lat="39.5940150" lon="-120.6491220"><ele>2507.8</ele></trkpt>
   <trkpt lat="39.5939940" lon="-120.6491020"><ele>2508.4</ele></trkpt>
   <trkpt lat="39.5939810" lon="-120.6490700"><ele>2509.0</ele></trkpt>
   <trkpt lat="39.5939610" lon="-120.6490080"><ele>2509.4</ele></trkpt>
   <trkpt lat="39.5939530" lon="-120.6489940"><ele>2509.8</ele></trkpt>
   <trkpt lat="39.5939380" lon="-120.6489720"><ele>2510.0</ele></trkpt>
   <trkpt lat="39.5939370" lon="-120.6489730"><ele>2511.0</ele></trkpt>
   <trkpt lat="39.5939400" lon="-120.6489550"><ele>2511.4</ele></trkpt>
   <trkpt lat="39.5939300" lon="-120.6489310"><ele>2512.2</ele></trkpt>
   <trkpt lat="39.5939240" lon="-120.6489180"><ele>2512.8</ele></trkpt>
   <trkpt lat="39.5939210" lon="-120.6489150"><ele>2513.2</ele></trkpt>
   <trkpt lat="39.5939210" lon="-120.6489130"><ele>2513.2</ele></trkpt>
   <trkpt lat="39.5939460" lon="-120.6488960"><ele>2512.0</ele></trkpt>
   <trkpt lat="39.5939680" lon="-120.6488830"><ele>2511.8</ele></trkpt>
   <trkpt lat="39.5939830" lon="-120.6488710"><ele>2511.6</ele></trkpt>
   <trkpt lat="39.5939970" lon="-120.6488660"><ele>2511.4</ele></trkpt>
   <trkpt lat="39.5940570" lon="-120.6488530"><ele>2512.2</ele></trkpt>
   <trkpt lat="39.5940810" lon="-120.6488510"><ele>2513.0</ele></trkpt>
   <trkpt lat="39.5940890" lon="-120.6488510"><ele>2513.4</ele></trkpt>
   <trkpt lat="39.5941200" lon="-120.6488620"><ele>2514.6</ele></trkpt>
   <trkpt lat="39.5941620" lon="-120.6488780"><ele>2515.6</ele></trkpt>
   <trkpt lat="39.5941720" lon="-120.6488930"><ele>2515.8</ele></trkpt>
   <trkpt lat="39.5942420" lon="-120.6489090"><ele>2516.0</ele></trkpt>
   <trkpt lat="39.5942580" lon="-120.6489220"><ele>2516.2</ele></trkpt>
   <trkpt lat="39.5942870" lon="-120.6489280"><ele>2516.8</ele></trkpt>
   <trkpt lat="39.5942960" lon="-120.6489300"><ele>2517.0</ele></trkpt>
   <trkpt lat="39.5943080" lon="-120.6489350"><ele>2517.4</ele></trkpt>
   <trkpt lat="39.5943270" lon="-120.6489340"><ele>2517.4</ele></trkpt>
   <trkpt lat="39.5943660" lon="-120.6489410"><ele>2517.8</ele></trkpt>
   <trkpt lat="39.5943800" lon="-120.6489400"><ele>2518.2</ele></trkpt>
   <trkpt lat="39.5944040" lon="-120.6489330"><ele>2519.0</ele></trkpt>
   <trkpt lat="39.5944370" lon="-120.6489290"><ele>2519.6</ele></trkpt>
   <trkpt lat="39.5944720" lon="-120.6489280"><ele>2519.8</ele></trkpt>
   <trkpt lat="39.5944990" lon="-120.6489250"><ele>2520.2</ele></trkpt>
   <trkpt lat="39.5945370" lon="-120.6489160"><ele>2520.6</ele></trkpt>
   <trkpt lat="39.5945510" lon="-120.6489170"><ele>2521.0</ele></trkpt>
   <trkpt lat="39.5945760" lon="-120.6489230"><ele>2521.2</ele></trkpt>
   <trkpt lat="39.5946480" lon="-120.6489110"><ele>2522.4</ele></trkpt>
   <trkpt lat="39.5946640" lon="-120.6489050"><ele>2523.6</ele></trkpt>
   <trkpt lat="39.5946830" lon="-120.6488920"><ele>2524.4</ele></trkpt>
   <trkpt lat="39.5947070" lon="-120.6488840"><ele>2524.4</ele></trkpt>
   <trkpt lat="39.5947200" lon="-120.6488630"><ele>2524.4</ele></trkpt>
   <trkpt lat="39.5947220" lon="-120.6488550"><ele>2524.6</ele></trkpt>
   <trkpt lat="39.5947390" lon="-120.6488250"><ele>2525.2</ele></trkpt>
   <trkpt lat="39.5947410" lon="-120.6488230"><ele>2525.6</ele></trkpt>
   <trkpt lat="39.5947430" lon="-120.6488220"><ele>2525.8</ele></trkpt>
   <trkpt lat="39.5947030" lon="-120.6487550"><ele>2527.0</ele></trkpt>
   <trkpt lat="39.5946750" lon="-120.6487240"><ele>2527.2</ele></trkpt>
   <trkpt lat="39.5946480" lon="-120.6486970"><ele>2528.0</ele></trkpt>
   <trkpt lat="39.5946310" lon="-120.6486810"><ele>2528.4</ele></trkpt>
   <trkpt lat="39.5946020" lon="-120.6486690"><ele>2528.8</ele></trkpt>
   <trkpt lat="39.5945940" lon="-120.6486650"><ele>2529.0</ele></trkpt>
   <trkpt lat="39.5945820" lon="-120.6486600"><ele>2529.2</ele></trkpt>
   <trkpt lat="39.5945570" lon="-120.6486530"><ele>2529.4</ele></trkpt>
   <trkpt lat="39.5945390" lon="-120.6486350"><ele>2530.0</ele></trkpt>
   <trkpt lat="39.5945280" lon="-120.6486180"><ele>2530.2</ele></trkpt>
   <trkpt lat="39.5945030" lon="-120.6486060"><ele>2531.0</ele></trkpt>
   <trkpt lat="39.5944950" lon="-120.6485980"><ele>2531.4</ele></trkpt>
   <trkpt lat="39.5944860" lon="-120.6485840"><ele>2532.6</ele></trkpt>
   <trkpt lat="39.5944760" lon="-120.6485760"><ele>2532.4</ele></trkpt>
   <trkpt lat="39.5944770" lon="-120.6485750"><ele>2532.2</ele></trkpt>
   <trkpt lat="39.5944700" lon="-120.6485750"><ele>2532.8</ele></trkpt>
   <trkpt lat="39.5944620" lon="-120.6485760"><ele>2532.8</ele></trkpt>
   <trkpt lat="39.5944540" lon="-120.6485660"><ele>2533.0</ele></trkpt>
   <trkpt lat="39.5944420" lon="-120.6485570"><ele>2533.2</ele></trkpt>
   <trkpt lat="39.5944340" lon="-120.6485530"><ele>2533.4</ele></trkpt>
   <trkpt lat="39.5944220" lon="-120.6485510"><ele>2533.6</ele></trkpt>
   <trkpt lat="39.5944140" lon="-120.6485450"><ele>2533.8</ele></trkpt>
   <trkpt lat="39.5944020" lon="-120.6485340"><ele>2534.2</ele></trkpt>
   <trkpt lat="39.5943850" lon="-120.6485090"><ele>2534.6</ele></trkpt>
   <trkpt lat="39.5943810" lon="-120.6485030"><ele>2534.6</ele></trkpt>
   <trkpt lat="39.5943540" lon="-120.6484750"><ele>2535.4</ele></trkpt>
   <trkpt lat="39.5943400" lon="-120.6484590"><ele>2535.6</ele></trkpt>
   <trkpt lat="39.5943170" lon="-120.6484340"><ele>2535.8</ele></trkpt>
   <trkpt lat="39.5943020" lon="-120.6484190"><ele>2536.6</ele></trkpt>
   <trkpt lat="39.5942980" lon="-120.6484140"><ele>2536.8</ele></trkpt>
   <trkpt lat="39.5942810" lon="-120.6483960"><ele>2537.4</ele></trkpt>
   <trkpt lat="39.5942700" lon="-120.6483840"><ele>2537.8</ele></trkpt>
   <trkpt lat="39.5942650" lon="-120.6483750"><ele>2537.8</ele></trkpt>
   <trkpt lat="39.5942460" lon="-120.6483490"><ele>2538.4</ele></trkpt>
   <trkpt lat="39.5942110" lon="-120.6483110"><ele>2539.0</ele></trkpt>
   <trkpt lat="39.5941520" lon="-120.6482720"><ele>2539.2</ele></trkpt>
   <trkpt lat="39.5941130" lon="-120.6482200"><ele>2539.8</ele></trkpt>
   <trkpt lat="39.5941080" lon="-120.6481870"><ele>2539.6</ele></trkpt>
   <trkpt lat="39.5941030" lon="-120.6481800"><ele>2540.0</ele></trkpt>
   <trkpt lat="39.5941020" lon="-120.6481710"><ele>2540.0</ele></trkpt>
   <trkpt lat="39.5940950" lon="-120.6481710"><ele>2538.8</ele></trkpt>
   <trkpt lat="39.5940940" lon="-120.6481700"><ele>2538.6</ele></trkpt>
   <trkpt lat="39.5940940" lon="-120.6481700"><ele>2538.4</ele></trkpt>
   <trkpt lat="39.5940940" lon="-120.6481700"><ele>2538.0</ele></trkpt>
   <trkpt lat="39.5940940" lon="-120.6481700"><ele>2537.8</ele></trkpt>
   <trkpt lat="39.5940940" lon="-120.6481700"><ele>2537.8</ele></trkpt>
   <trkpt lat="39.5940690" lon="-120.6482210"><ele>2537.6</ele></trkpt>
   <trkpt lat="39.5940730" lon="-120.6482100"><ele>2537.8</ele></trkpt>
   <trkpt lat="39.5940770" lon="-120.6482110"><ele>2538.0</ele></trkpt>
   <trkpt lat="39.5940770" lon="-120.6482120"><ele>2538.0</ele></trkpt>
   <trkpt lat="39.5940790" lon="-120.6482120"><ele>2538.2</ele></trkpt>
   <trkpt lat="39.5940790" lon="-120.6482130"><ele>2538.8</ele></trkpt>
   <trkpt lat="39.5940790" lon="-120.6482120"><ele>2539.0</ele></trkpt>
   <trkpt lat="39.5941140" lon="-120.6482100"><ele>2538.2</ele></trkpt>
   <trkpt lat="39.5941420" lon="-120.6482160"><ele>2538.2</ele></trkpt>
   <trkpt lat="39.5942040" lon="-120.6482350"><ele>2540.2</ele></trkpt>
   <trkpt lat="39.5942250" lon="-120.6482510"><ele>2541.4</ele></trkpt>
   <trkpt lat="39.5942370" lon="-120.6482600"><ele>2542.0</ele></trkpt>
   <trkpt lat="39.5942420" lon="-120.6482630"><ele>2542.4</ele></trkpt>
   <trkpt lat="39.5942690" lon="-120.6482710"><ele>2542.8</ele></trkpt>
   <trkpt lat="39.5942760" lon="-120.6482730"><ele>2543.0</ele></trkpt>
   <trkpt lat="39.5942910" lon="-120.6482680"><ele>2543.0</ele></trkpt>
   <trkpt lat="39.5943110" lon="-120.6482530"><ele>2543.2</ele></trkpt>
   <trkpt lat="39.5943190" lon="-120.6482330"><ele>2543.6</ele></trkpt>
   <trkpt lat="39.5943220" lon="-120.6482040"><ele>2544.6</ele></trkpt>
   <trkpt lat="39.5943200" lon="-120.6481840"><ele>2545.0</ele></trkpt>
   <trkpt lat="39.5943170" lon="-120.6481610"><ele>2545.4</ele></trkpt>
   <trkpt lat="39.5943080" lon="-120.6481410"><ele>2545.8</ele></trkpt>
   <trkpt lat="39.5942870" lon="-120.6481140"><ele>2546.8</ele></trkpt>
   <trkpt lat="39.5942650" lon="-120.6480890"><ele>2547.0</ele></trkpt>
   <trkpt lat="39.5942250" lon="-120.6480360"><ele>2547.8</ele></trkpt>
   <trkpt lat="39.5942080" lon="-120.6480170"><ele>2548.6</ele></trkpt>
   <trkpt lat="39.5941990" lon="-120.6480040"><ele>2549.0</ele></trkpt>
   <trkpt lat="39.5941770" lon="-120.6479820"><ele>2549.8</ele></trkpt>
   <trkpt lat="39.5941620" lon="-120.6479740"><ele>2549.8</ele></trkpt>
   <trkpt lat="39.5941510" lon="-120.6479620"><ele>2550.0</ele></trkpt>
   <trkpt lat="39.5941450" lon="-120.6479550"><ele>2550.8</ele></trkpt>
   <trkpt lat="39.5941330" lon="-120.6479480"><ele>2551.4</ele></trkpt>
   <trkpt lat="39.5941140" lon="-120.6479350"><ele>2551.8</ele></trkpt>
   <trkpt lat="39.5940850" lon="-120.6479200"><ele>2552.0</ele></trkpt>
   <trkpt lat="39.5940750" lon="-120.6479190"><ele>2552.2</ele></trkpt>
   <trkpt lat="39.5940570" lon="-120.6479250"><ele>2552.4</ele></trkpt>
   <trkpt lat="39.5940290" lon="-120.6479250"><ele>2553.2</ele></trkpt>
   <trkpt lat="39.5940030" lon="-120.6479180"><ele>2553.6</ele></trkpt>
   <trkpt lat="39.5939750" lon="-120.6479310"><ele>2553.6</ele></trkpt>
   <trkpt lat="39.5939680" lon="-120.6479290"><ele>2553.6</ele></trkpt>
   <trkpt lat="39.5939260" lon="-120.6479200"><ele>2554.2</ele></trkpt>
   <trkpt lat="39.5939100" lon="-120.6479140"><ele>2554.8</ele></trkpt>
   <trkpt lat="39.5938790" lon="-120.6478980"><ele>2555.6</ele></trkpt>
   <trkpt lat="39.5938720" lon="-120.6478940"><ele>2555.8</ele></trkpt>
   <trkpt lat="39.5938200" lon="-120.6478870"><ele>2554.8</ele></trkpt>
   <trkpt lat="39.5938120" lon="-120.6478870"><ele>2554.6</ele></trkpt>
   <trkpt lat="39.5938230" lon="-120.6478530"><ele>2554.6</ele></trkpt>
   <trkpt lat="39.5938370" lon="-120.6478470"><ele>2554.4</ele></trkpt>
   <trkpt lat="39.5938280" lon="-120.6478760"><ele>2554.2</ele></trkpt>
   <trkpt lat="39.5938130" lon="-120.6478470"><ele>2554.2</ele></trkpt>
   <trkpt lat="39.5938100" lon="-120.6478320"><ele>2554.6</ele></trkpt>
   <trkpt lat="39.5937980" lon="-120.6478130"><ele>2554.8</ele></trkpt>
   <trkpt lat="39.5937810" lon="-120.6477760"><ele>2555.2</ele></trkpt>
   <trkpt lat="39.5937660" lon="-120.6477450"><ele>2555.8</ele></trkpt>
   <trkpt lat="39.5937620" lon="-120.6477360"><ele>2556.2</ele></trkpt>
   <trkpt lat="39.5937580" lon="-120.6477250"><ele>2556.6</ele></trkpt>
   <trkpt lat="39.5937560" lon="-120.6476890"><ele>2556.8</ele></trkpt>
   <trkpt lat="39.5937560" lon="-120.6476690"><ele>2556.6</ele></trkpt>
   <trkpt lat="39.5937580" lon="-120.6476500"><ele>2556.6</ele></trkpt>
   <trkpt lat="39.5937660" lon="-120.6476210"><ele>2557.4</ele></trkpt>
   <trkpt lat="39.5937960" lon="-120.6474920"><ele>2557.0</ele></trkpt>
   <trkpt lat="39.5938080" lon="-120.6474520"><ele>2557.4</ele></trkpt>
   <trkpt lat="39.5938050" lon="-120.6474480"><ele>2557.6</ele></trkpt>
   <trkpt lat="39.5937870" lon="-120.6474510"><ele>2558.0</ele></trkpt>
   <trkpt lat="39.5937920" lon="-120.6474090"><ele>2559.4</ele></trkpt>
   <trkpt lat="39.5937940" lon="-120.6473980"><ele>2559.8</ele></trkpt>
   <trkpt lat="39.5938020" lon="-120.6473490"><ele>2559.8</ele></trkpt>
   <trkpt lat="39.5938020" lon="-120.6473360"><ele>2560.0</ele></trkpt>
   <trkpt lat="39.5938070" lon="-120.6473310"><ele>2559.4</ele></trkpt>
   <trkpt lat="39.5938110" lon="-120.6473240"><ele>2558.6</ele></trkpt>
   <trkpt lat="39.5938110" lon="-120.6473220"><ele>2558.6</ele></trkpt>
   <trkpt lat="39.5938100" lon="-120.6473200"><ele>2558.6</ele></trkpt>
   <trkpt lat="39.5938070" lon="-120.6473140"><ele>2559.0</ele></trkpt>
   <trkpt lat="39.5937980" lon="-120.6473130"><ele>2559.4</ele></trkpt>
   <trkpt lat="39.5937950" lon="-120.6473140"><ele>2559.2</ele></trkpt>
   <trkpt lat="39.5937910" lon="-120.6473160"><ele>2559.2</ele></trkpt>
   <trkpt lat="39.5937890" lon="-120.6473230"><ele>2559.2</ele></trkpt>
   <trkpt lat="39.5937870" lon="-120.6473250"><ele>2559.4</ele></trkpt>
   <trkpt lat="39.5937820" lon="-120.6473310"><ele>2559.4</ele></trkpt>
   <trkpt lat="39.5937780" lon="-120.6473350"><ele>2559.0</ele></trkpt>
   <trkpt lat="39.5937780" lon="-120.6473350"><ele>2560.2</ele></trkpt>
   <trkpt lat="39.5937800" lon="-120.6473390"><ele>2560.2</ele></trkpt>
   <trkpt lat="39.5937830" lon="-120.6473360"><ele>2560.2</ele></trkpt>
   <trkpt lat="39.5937800" lon="-120.6473480"><ele>2560.2</ele></trkpt>
   <trkpt lat="39.5937780" lon="-120.6473530"><ele>2560.2</ele></trkpt>
   <trkpt lat="39.5937680" lon="-120.6473710"><ele>2560.2</ele></trkpt>
   <trkpt lat="39.5937690" lon="-120.6473750"><ele>2560.2</ele></trkpt>
   <trkpt lat="39.5937850" lon="-120.6473690"><ele>2560.2</ele></trkpt>
   <trkpt lat="39.5937860" lon="-120.6473670"><ele>2560.2</ele></trkpt>
   <trkpt lat="39.5937860" lon="-120.6473660"><ele>2560.2</ele></trkpt>
   <trkpt lat="39.5937750" lon="-120.6473700"><ele>2555.8</ele></trkpt>
   <trkpt lat="39.5937850" lon="-120.6473630"><ele>2555.8</ele></trkpt>
   <trkpt lat="39.5938030" lon="-120.6473570"><ele>2556.6</ele></trkpt>
   <trkpt lat="39.5938030" lon="-120.6473530"><ele>2556.8</ele></trkpt>
   <trkpt lat="39.5938020" lon="-120.6473470"><ele>2556.8</ele></trkpt>
   <trkpt lat="39.5938030" lon="-120.6473240"><ele>2558.0</ele></trkpt>
   <trkpt lat="39.5938040" lon="-120.6473160"><ele>2558.6</ele></trkpt>
   <trkpt lat="39.5938030" lon="-120.6473160"><ele>2559.2</ele></trkpt>
   <trkpt lat="39.5938010" lon="-120.6473120"><ele>2559.4</ele></trkpt>
   <trkpt lat="39.5938030" lon="-120.6473020"><ele>2560.2</ele></trkpt>
   <trkpt lat="39.5938000" lon="-120.6472810"><ele>2561.6</ele></trkpt>
   <trkpt lat="39.5937990" lon="-120.6472690"><ele>2562.4</ele></trkpt>
   <trkpt lat="39.5938000" lon="-120.6472650"><ele>2562.8</ele></trkpt>
   <trkpt lat="39.5937980" lon="-120.6472570"><ele>2563.6</ele></trkpt>
   <trkpt lat="39.5937980" lon="-120.6472530"><ele>2564.2</ele></trkpt>
   <trkpt lat="39.5938040" lon="-120.6472400"><ele>2565.2</ele></trkpt>
   <trkpt lat="39.5938090" lon="-120.6472280"><ele>2566.2</ele></trkpt>
   <trkpt lat="39.5938100" lon="-120.6472180"><ele>2566.6</ele></trkpt>
   <trkpt lat="39.5938060" lon="-120.6471900"><ele>2567.0</ele></trkpt>
   <trkpt lat="39.5938040" lon="-120.6471910"><ele>2567.4</ele></trkpt>
   <trkpt lat="39.5938010" lon="-120.6471940"><ele>2567.6</ele></trkpt>
   <trkpt lat="39.5937980" lon="-120.6471950"><ele>2568.0</ele></trkpt>
   <trkpt lat="39.5937980" lon="-120.6471940"><ele>2568.4</ele></trkpt>
   <trkpt lat="39.5937980" lon="-120.6471980"><ele>2568.4</ele></trkpt>
   <trkpt lat="39.5937970" lon="-120.6471920"><ele>2568.6</ele></trkpt>
   <trkpt lat="39.5937930" lon="-120.6471890"><ele>2568.4</ele></trkpt>
   <trkpt lat="39.5937920" lon="-120.6471870"><ele>2568.4</ele></trkpt>
   <trkpt lat="39.5937860" lon="-120.6471700"><ele>2568.4</ele></trkpt>
   <trkpt lat="39.5937870" lon="-120.6471690"><ele>2568.2</ele></trkpt>
   <trkpt lat="39.5937810" lon="-120.6471590"><ele>2568.2</ele></trkpt>
   <trkpt lat="39.5937670" lon="-120.6471530"><ele>2569.0</ele></trkpt>
   <trkpt lat="39.5937670" lon="-120.6471500"><ele>2569.4</ele></trkpt>
   <trkpt lat="39.5937690" lon="-120.6471480"><ele>2569.8</ele></trkpt>
   <trkpt lat="39.5937940" lon="-120.6471350"><ele>2570.6</ele></trkpt>
   <trkpt lat="39.5938050" lon="-120.6471340"><ele>2571.8</ele></trkpt>
   <trkpt lat="39.5938130" lon="-120.6471290"><ele>2572.2</ele></trkpt>
   <trkpt lat="39.5938160" lon="-120.6471280"><ele>2572.4</ele></trkpt>
   <trkpt lat="39.5938210" lon="-120.6471280"><ele>2572.8</ele></trkpt>
   <trkpt lat="39.5938260" lon="-120.6471300"><ele>2573.6</ele></trkpt>
   <trkpt lat="39.5938300" lon="-120.6471300"><ele>2574.0</ele></trkpt>
   <trkpt lat="39.5938340" lon="-120.6471360"><ele>2575.0</ele></trkpt>
   <trkpt lat="39.5938350" lon="-120.6471350"><ele>2575.4</ele></trkpt>
   <trkpt lat="39.5938470" lon="-120.6471390"><ele>2576.4</ele></trkpt>
   <trkpt lat="39.5938440" lon="-120.6471370"><ele>2576.6</ele></trkpt>
   <trkpt lat="39.5938360" lon="-120.6471240"><ele>2576.6</ele></trkpt>
   <trkpt lat="39.5938280" lon="-120.6471210"><ele>2577.8</ele></trkpt>
   <trkpt lat="39.5938160" lon="-120.6471150"><ele>2579.0</ele></trkpt>
   <trkpt lat="39.5938080" lon="-120.6471150"><ele>2580.2</ele></trkpt>
   <trkpt lat="39.5937960" lon="-120.6471120"><ele>2581.2</ele></trkpt>
   <trkpt lat="39.5937850" lon="-120.6471090"><ele>2581.4</ele></trkpt>
   <trkpt lat="39.5937640" lon="-120.6470980"><ele>2582.2</ele></trkpt>
   <trkpt lat="39.5937500" lon="-120.6470850"><ele>2583.2</ele></trkpt>
   <trkpt lat="39.5937450" lon="-120.6470800"><ele>2583.6</ele></trkpt>
   <trkpt lat="39.5937390" lon="-120.6470780"><ele>2583.4</ele></trkpt>
   <trkpt lat="39.5937450" lon="-120.6470690"><ele>2583.6</ele></trkpt>
   <trkpt lat="39.5937450" lon="-120.6470720"><ele>2583.2</ele></trkpt>
   <trkpt lat="39.5937420" lon="-120.6470680"><ele>2583.2</ele></trkpt>
   <trkpt lat="39.5937290" lon="-120.6470510"><ele>2582.4</ele></trkpt>
   <trkpt lat="39.5937210" lon="-120.6470460"><ele>2582.2</ele></trkpt>
   <trkpt lat="39.5936940" lon="-120.6470080"><ele>2583.2</ele></trkpt>
   <trkpt lat="39.5936910" lon="-120.6470050"><ele>2583.2</ele></trkpt>
   <trkpt lat="39.5936910" lon="-120.6470030"><ele>2583.2</ele></trkpt>
   <trkpt lat="39.5936770" lon="-120.6469650"><ele>2584.4</ele></trkpt>
   <trkpt lat="39.5936630" lon="-120.6469370"><ele>2585.4</ele></trkpt>
   <trkpt lat="39.5936440" lon="-120.6469330"><ele>2586.2</ele></trkpt>
   <trkpt lat="39.5936410" lon="-120.6469300"><ele>2586.6</ele></trkpt>
   <trkpt lat="39.5936340" lon="-120.6469250"><ele>2587.0</ele></trkpt>
   <trkpt lat="39.5936140" lon="-120.6469230"><ele>2587.6</ele></trkpt>
   <trkpt lat="39.5935870" lon="-120.6469180"><ele>2588.8</ele></trkpt>
   <trkpt lat="39.5935700" lon="-120.6469070"><ele>2589.0</ele></trkpt>
   <trkpt lat="39.5935660" lon="-120.6469150"><ele>2588.2</ele></trkpt>
   <trkpt lat="39.5935530" lon="-120.6469090"><ele>2588.2</ele></trkpt>
   <trkpt lat="39.5935520" lon="-120.6469080"><ele>2588.2</ele></trkpt>
   <trkpt lat="39.5935490" lon="-120.6469080"><ele>2588.4</ele></trkpt>
   <trkpt lat="39.5935480" lon="-120.6468930"><ele>2588.8</ele></trkpt>
   <trkpt lat="39.5935470" lon="-120.6468880"><ele>2588.2</ele></trkpt>
   <trkpt lat="39.5935480" lon="-120.6468880"><ele>2588.4</ele></trkpt>
   <trkpt lat="39.5935490" lon="-120.6468880"><ele>2588.2</ele></trkpt>
   <trkpt lat="39.5935530" lon="-120.6468880"><ele>2588.2</ele></trkpt>
   <trkpt lat="39.5935660" lon="-120.6468830"><ele>2589.0</ele></trkpt>
   <trkpt lat="39.5935670" lon="-120.6468830"><ele>2589.2</ele></trkpt>
   <trkpt lat="39.5935720" lon="-120.6468830"><ele>2589.8</ele></trkpt>
   <trkpt lat="39.5935740" lon="-120.6468820"><ele>2590.0</ele></trkpt>
   <trkpt lat="39.5935810" lon="-120.6468820"><ele>2590.4</ele></trkpt>
   <trkpt lat="39.5935900" lon="-120.6468760"><ele>2591.0</ele></trkpt>
   <trkpt lat="39.5936070" lon="-120.6468400"><ele>2591.2</ele></trkpt>
   <trkpt lat="39.5935920" lon="-120.6468500"><ele>2592.2</ele></trkpt>
   <trkpt lat="39.5935670" lon="-120.6468740"><ele>2593.6</ele></trkpt>
   <trkpt lat="39.5935630" lon="-120.6468790"><ele>2594.2</ele></trkpt>
   <trkpt lat="39.5935650" lon="-120.6468810"><ele>2594.8</ele></trkpt>
   <trkpt lat="39.5935660" lon="-120.6468810"><ele>2594.6</ele></trkpt>
   <trkpt lat="39.5935660" lon="-120.6468810"><ele>2594.6</ele></trkpt>
   <trkpt lat="39.5935650" lon="-120.6468800"><ele>2594.6</ele></trkpt>
   <trkpt lat="39.5935640" lon="-120.6468810"><ele>2594.8</ele></trkpt>
   <trkpt lat="39.5935640" lon="-120.6468810"><ele>2595.0</ele></trkpt>
   <trkpt lat="39.5935660" lon="-120.6468830"><ele>2595.0</ele></trkpt>
   <trkpt lat="39.5935670" lon="-120.6468840"><ele>2594.0</ele></trkpt>
   <trkpt lat="39.5935660" lon="-120.6468840"><ele>2594.0</ele></trkpt>
   <trkpt lat="39.5935640" lon="-120.6468830"><ele>2593.8</ele></trkpt>
   <trkpt lat="39.5935640" lon="-120.6468810"><ele>2593.6</ele></trkpt>
   <trkpt lat="39.5935650" lon="-120.6468700"><ele>2594.6</ele></trkpt>
   <trkpt lat="39.5935640" lon="-120.6468640"><ele>2594.8</ele></trkpt>
   <trkpt lat="39.5935640" lon="-120.6468630"><ele>2594.4</ele></trkpt>
   <trkpt lat="39.5935720" lon="-120.6468630"><ele>2594.4</ele></trkpt>
   <trkpt lat="39.5935740" lon="-120.6468640"><ele>2594.2</ele></trkpt>
   <trkpt lat="39.5935780" lon="-120.6468670"><ele>2593.8</ele></trkpt>
   <trkpt lat="39.5935830" lon="-120.6468800"><ele>2594.6</ele></trkpt>
   <trkpt lat="39.5935830" lon="-120.6468810"><ele>2594.6</ele></trkpt>
   <trkpt lat="39.5935920" lon="-120.6468990"><ele>2594.0</ele></trkpt>
   <trkpt lat="39.5935930" lon="-120.6469010"><ele>2594.0</ele></trkpt>
   <trkpt lat="39.5935940" lon="-120.6469030"><ele>2594.2</ele></trkpt>
   <trkpt lat="39.5935990" lon="-120.6469060"><ele>2595.0</ele></trkpt>
   <trkpt lat="39.5936000" lon="-120.6469100"><ele>2595.8</ele></trkpt>
   <trkpt lat="39.5936010" lon="-120.6469090"><ele>2596.0</ele></trkpt>
   <trkpt lat="39.5936020" lon="-120.6469100"><ele>2596.0</ele></trkpt>
   <trkpt lat="39.5936030" lon="-120.6469110"><ele>2595.8</ele></trkpt>
   <trkpt lat="39.5936040" lon="-120.6469110"><ele>2595.6</ele></trkpt>
   <trkpt lat="39.5936100" lon="-120.6469200"><ele>2595.6</ele></trkpt>
   <trkpt lat="39.5936110" lon="-120.6469210"><ele>2596.0</ele></trkpt>
   <trkpt lat="39.5936100" lon="-120.6469250"><ele>2596.2</ele></trkpt>
   <trkpt lat="39.5936110" lon="-120.6469260"><ele>2596.2</ele></trkpt>
   <trkpt lat="39.5936130" lon="-120.6469260"><ele>2596.0</ele></trkpt>
   <trkpt lat="39.5936130" lon="-120.6469290"><ele>2595.8</ele></trkpt>
   <trkpt lat="39.5936130" lon="-120.6469320"><ele>2594.6</ele></trkpt>
   <trkpt lat="39.5936140" lon="-120.6469330"><ele>2595.6</ele></trkpt>
   <trkpt lat="39.5936150" lon="-120.6469330"><ele>2596.0</ele></trkpt>
   <trkpt lat="39.5936150" lon="-120.6469330"><ele>2596.4</ele></trkpt>
   <trkpt lat="39.5936150" lon="-120.6469320"><ele>2596.4</ele></trkpt>
   <trkpt lat="39.5936160" lon="-120.6469340"><ele>2596.2</ele></trkpt>
   <trkpt lat="39.5936160" lon="-120.6469340"><ele>2596.2</ele></trkpt>
   <trkpt lat="39.5936160" lon="-120.6469340"><ele>2596.0</ele></trkpt>
   <trkpt lat="39.5936160" lon="-120.6469370"><ele>2595.0</ele></trkpt>
   <trkpt lat="39.5936160" lon="-120.6469370"><ele>2594.8</ele></trkpt>
   <trkpt lat="39.5936190" lon="-120.6469420"><ele>2594.8</ele></trkpt>
   <trkpt lat="39.5936230" lon="-120.6469430"><ele>2596.6</ele></trkpt>
   <trkpt lat="39.5936280" lon="-120.6469430"><ele>2596.6</ele></trkpt>
   <trkpt lat="39.5936260" lon="-120.6469210"><ele>2596.6</ele></trkpt>
   <trkpt lat="39.5936250" lon="-120.6469210"><ele>2596.6</ele></trkpt>
   <trkpt lat="39.5936240" lon="-120.6469220"><ele>2596.6</ele></trkpt>
   <trkpt lat="39.5936230" lon="-120.6469270"><ele>2596.6</ele></trkpt>
   <trkpt lat="39.5936250" lon="-120.6469190"><ele>2618.6</ele></trkpt>
   <trkpt lat="39.5936200" lon="-120.6469080"><ele>2618.6</ele></trkpt>
   <trkpt lat="39.5936220" lon="-120.6469180"><ele>2618.6</ele></trkpt>
   <trkpt lat="39.5936230" lon="-120.6469190"><ele>2618.6</ele></trkpt>
   <trkpt lat="39.5936250" lon="-120.6469220"><ele>2618.6</ele></trkpt>
   <trkpt lat="39.5936250" lon="-120.6469230"><ele>2618.6</ele></trkpt>
   <trkpt lat="39.5936260" lon="-120.6469230"><ele>2618.6</ele></trkpt>
   <trkpt lat="39.5936260" lon="-120.6469240"><ele>2618.6</ele></trkpt>
   <trkpt lat="39.5936270" lon="-120.6469330"><ele>2618.6</ele></trkpt>
   <trkpt lat="39.5936270" lon="-120.6469430"><ele>2618.6</ele></trkpt>
   <trkpt lat="39.5936280" lon="-120.6469460"><ele>2618.6</ele></trkpt>
   <trkpt lat="39.5936270" lon="-120.6469500"><ele>2618.6</ele></trkpt>
   <trkpt lat="39.5936250" lon="-120.6469510"><ele>2618.6</ele></trkpt>
   <trkpt lat="39.5936230" lon="-120.6469520"><ele>2618.6</ele></trkpt>
   <trkpt lat="39.5936240" lon="-120.6469500"><ele>2618.6</ele></trkpt>
   <trkpt lat="39.5936270" lon="-120.6469470"><ele>2618.6</ele></trkpt>
   <trkpt lat="39.5936270" lon="-120.6469470"><ele>2618.6</ele></trkpt>
   <trkpt lat="39.5936260" lon="-120.6469500"><ele>2618.6</ele></trkpt>
   <trkpt lat="39.5936270" lon="-120.6469460"><ele>2618.6</ele></trkpt>
   <trkpt lat="39.5936280" lon="-120.6469460"><ele>2618.6</ele></trkpt>
   <trkpt lat="39.5936280" lon="-120.6469460"><ele>2618.6</ele></trkpt>
   <trkpt lat="39.5936280" lon="-120.6469460"><ele>2618.6</ele></trkpt>
   <trkpt lat="39.5936270" lon="-120.6469470"><ele>2618.6</ele></trkpt>
   <trkpt lat="39.5936270" lon="-120.6469470"><ele>2622.6</ele></trkpt>
   <trkpt lat="39.5936270" lon="-120.6469500"><ele>2621.6</ele></trkpt>
   <trkpt lat="39.5936270" lon="-120.6469500"><ele>2620.4</ele></trkpt>
   <trkpt lat="39.5936210" lon="-120.6469470"><ele>2619.6</ele></trkpt>
   <trkpt lat="39.5936160" lon="-120.6469460"><ele>2619.6</ele></trkpt>
   <trkpt lat="39.5936030" lon="-120.6469330"><ele>2619.6</ele></trkpt>
   <trkpt lat="39.5936010" lon="-120.6469300"><ele>2619.2</ele></trkpt>
   <trkpt lat="39.5935980" lon="-120.6469140"><ele>2619.6</ele></trkpt>
   <trkpt lat="39.5935960" lon="-120.6469130"><ele>2620.2</ele></trkpt>
   <trkpt lat="39.5935950" lon="-120.6469100"><ele>2620.6</ele></trkpt>
   <trkpt lat="39.5935930" lon="-120.6469100"><ele>2621.6</ele></trkpt>
   <trkpt lat="39.5935930" lon="-120.6469100"><ele>2622.0</ele></trkpt>
   <trkpt lat="39.5935910" lon="-120.6469090"><ele>2621.8</ele></trkpt>
   <trkpt lat="39.5935710" lon="-120.6468790"><ele>2621.0</ele></trkpt>
   <trkpt lat="39.5935670" lon="-120.6468900"><ele>2619.8</ele></trkpt>
   <trkpt lat="39.5935680" lon="-120.6469010"><ele>2619.0</ele></trkpt>
   <trkpt lat="39.5935690" lon="-120.6469050"><ele>2618.6</ele></trkpt>
   <trkpt lat="39.5935720" lon="-120.6469380"><ele>2617.4</ele></trkpt>
   <trkpt lat="39.5935770" lon="-120.6469410"><ele>2617.2</ele></trkpt>
   <trkpt lat="39.5935820" lon="-120.6469490"><ele>2617.0</ele></trkpt>
   <trkpt lat="39.5935850" lon="-120.6469530"><ele>2617.0</ele></trkpt>
   <trkpt lat="39.5935860" lon="-120.6469560"><ele>2617.2</ele></trkpt>
   <trkpt lat="39.5935910" lon="-120.6469580"><ele>2617.4</ele></trkpt>
   <trkpt lat="39.5936030" lon="-120.6469610"><ele>2618.6</ele></trkpt>
   <trkpt lat="39.5936090" lon="-120.6469650"><ele>2618.6</ele></trkpt>
   <trkpt lat="39.5936160" lon="-120.6469650"><ele>2618.4</ele></trkpt>
   <trkpt lat="39.5936240" lon="-120.6469670"><ele>2617.6</ele></trkpt>
   <trkpt lat="39.5936390" lon="-120.6469840"><ele>2616.6</ele></trkpt>
   <trkpt lat="39.5936400" lon="-120.6469870"><ele>2616.2</ele></trkpt>
   <trkpt lat="39.5936450" lon="-120.6470120"><ele>2615.4</ele></trkpt>
   <trkpt lat="39.5936500" lon="-120.6470170"><ele>2615.2</ele></trkpt>
   <trkpt lat="39.5936720" lon="-120.6470440"><ele>2614.0</ele></trkpt>
   <trkpt lat="39.5936720" lon="-120.6470480"><ele>2613.8</ele></trkpt>
   <trkpt lat="39.5936770" lon="-120.6470470"><ele>2613.6</ele></trkpt>
   <trkpt lat="39.5936860" lon="-120.6470480"><ele>2613.0</ele></trkpt>
   <trkpt lat="39.5937170" lon="-120.6470610"><ele>2611.8</ele></trkpt>
   <trkpt lat="39.5937380" lon="-120.6470630"><ele>2611.6</ele></trkpt>
   <trkpt lat="39.5937620" lon="-120.6470900"><ele>2612.0</ele></trkpt>
   <trkpt lat="39.5937860" lon="-120.6471050"><ele>2611.4</ele></trkpt>
   <trkpt lat="39.5938010" lon="-120.6471060"><ele>2610.8</ele></trkpt>
   <trkpt lat="39.5938260" lon="-120.6471170"><ele>2609.4</ele></trkpt>
   <trkpt lat="39.5938300" lon="-120.6471190"><ele>2609.0</ele></trkpt>
   <trkpt lat="39.5938320" lon="-120.6471220"><ele>2608.8</ele></trkpt>
   <trkpt lat="39.5938270" lon="-120.6471350"><ele>2608.2</ele></trkpt>
   <trkpt lat="39.5938230" lon="-120.6471440"><ele>2606.6</ele></trkpt>
   <trkpt lat="39.5938150" lon="-120.6471490"><ele>2605.4</ele></trkpt>
   <trkpt lat="39.5938050" lon="-120.6471490"><ele>2604.4</ele></trkpt>
   <trkpt lat="39.5938020" lon="-120.6471450"><ele>2604.0</ele></trkpt>
   <trkpt lat="39.5937930" lon="-120.6471450"><ele>2603.2</ele></trkpt>
   <trkpt lat="39.5937860" lon="-120.6471470"><ele>2602.8</ele></trkpt>
   <trkpt lat="39.5937810" lon="-120.6471480"><ele>2602.6</ele></trkpt>
   <trkpt lat="39.5937780" lon="-120.6471480"><ele>2602.4</ele></trkpt>
   <trkpt lat="39.5937750" lon="-120.6471490"><ele>2602.2</ele></trkpt>
   <trkpt lat="39.5937710" lon="-120.6471600"><ele>2601.0</ele></trkpt>
   <trkpt lat="39.5937820" lon="-120.6471790"><ele>2599.8</ele></trkpt>
   <trkpt lat="39.5937850" lon="-120.6471780"><ele>2599.6</ele></trkpt>
   <trkpt lat="39.5938020" lon="-120.6471730"><ele>2598.6</ele></trkpt>
   <trkpt lat="39.5938040" lon="-120.6471940"><ele>2597.6</ele></trkpt>
   <trkpt lat="39.5938020" lon="-120.6472020"><ele>2597.2</ele></trkpt>
   <trkpt lat="39.5938030" lon="-120.6472090"><ele>2596.8</ele></trkpt>
   <trkpt lat="39.5938040" lon="-120.6472220"><ele>2596.0</ele></trkpt>
   <trkpt lat="39.5938060" lon="-120.6472410"><ele>2594.6</ele></trkpt>
   <trkpt lat="39.5938090" lon="-120.6472580"><ele>2593.2</ele></trkpt>
   <trkpt lat="39.5938130" lon="-120.6472580"><ele>2592.8</ele></trkpt>
   <trkpt lat="39.5938120" lon="-120.6472630"><ele>2592.6</ele></trkpt>
   <trkpt lat="39.5938150" lon="-120.6472710"><ele>2592.0</ele></trkpt>
   <trkpt lat="39.5938170" lon="-120.6472850"><ele>2591.0</ele></trkpt>
   <trkpt lat="39.5938210" lon="-120.6472930"><ele>2589.6</ele></trkpt>
   <trkpt lat="39.5938270" lon="-120.6473030"><ele>2588.6</ele></trkpt>
   <trkpt lat="39.5938300" lon="-120.6473120"><ele>2588.2</ele></trkpt>
   <trkpt lat="39.5938320" lon="-120.6473250"><ele>2587.6</ele></trkpt>
   <trkpt lat="39.5938250" lon="-120.6473530"><ele>2587.2</ele></trkpt>
   <trkpt lat="39.5938130" lon="-120.6473740"><ele>2587.4</ele></trkpt>
   <trkpt lat="39.5938010" lon="-120.6473880"><ele>2587.4</ele></trkpt>
   <trkpt lat="39.5937990" lon="-120.6473870"><ele>2587.4</ele></trkpt>
   <trkpt lat="39.5937830" lon="-120.6473970"><ele>2587.0</ele></trkpt>
   <trkpt lat="39.5937820" lon="-120.6473950"><ele>2586.6</ele></trkpt>
   <trkpt lat="39.5937780" lon="-120.6473950"><ele>2586.4</ele></trkpt>
   <trkpt lat="39.5937770" lon="-120.6474020"><ele>2586.6</ele></trkpt>
   <trkpt lat="39.5937780" lon="-120.6473970"><ele>2586.8</ele></trkpt>
   <trkpt lat="39.5937710" lon="-120.6473720"><ele>2587.0</ele></trkpt>
   <trkpt lat="39.5937690" lon="-120.6473670"><ele>2586.2</ele></trkpt>
   <trkpt lat="39.5937670" lon="-120.6473700"><ele>2586.0</ele></trkpt>
   <trkpt lat="39.5937680" lon="-120.6473600"><ele>2586.0</ele></trkpt>
   <trkpt lat="39.5937710" lon="-120.6473580"><ele>2586.0</ele></trkpt>
   <trkpt lat="39.5937700" lon="-120.6473660"><ele>2586.2</ele></trkpt>
   <trkpt lat="39.5937750" lon="-120.6473650"><ele>2585.6</ele></trkpt>
   <trkpt lat="39.5937750" lon="-120.6473670"><ele>2585.6</ele></trkpt>
   <trkpt lat="39.5937750" lon="-120.6473680"><ele>2585.6</ele></trkpt>
   <trkpt lat="39.5937660" lon="-120.6473520"><ele>2585.2</ele></trkpt>
   <trkpt lat="39.5937690" lon="-120.6473410"><ele>2585.2</ele></trkpt>
   <trkpt lat="39.5937700" lon="-120.6473390"><ele>2585.2</ele></trkpt>
   <trkpt lat="39.5937650" lon="-120.6473170"><ele>2585.0</ele></trkpt>
   <trkpt lat="39.5937610" lon="-120.6473030"><ele>2585.0</ele></trkpt>
   <trkpt lat="39.5937600" lon="-120.6473040"><ele>2585.2</ele></trkpt>
   <trkpt lat="39.5937540" lon="-120.6473130"><ele>2586.6</ele></trkpt>
   <trkpt lat="39.5937450" lon="-120.6473150"><ele>2587.0</ele></trkpt>
   <trkpt lat="39.5937280" lon="-120.6473660"><ele>2585.8</ele></trkpt>
   <trkpt lat="39.5937310" lon="-120.6473810"><ele>2585.8</ele></trkpt>
   <trkpt lat="39.5937330" lon="-120.6473870"><ele>2585.8</ele></trkpt>
   <trkpt lat="39.5937320" lon="-120.6473970"><ele>2585.8</ele></trkpt>
   <trkpt lat="39.5937400" lon="-120.6474250"><ele>2586.0</ele></trkpt>
   <trkpt lat="39.5937400" lon="-120.6474250"><ele>2586.4</ele></trkpt>
   <trkpt lat="39.5937400" lon="-120.6474250"><ele>2586.4</ele></trkpt>
   <trkpt lat="39.5937400" lon="-120.6474250"><ele>2585.4</ele></trkpt>
   <trkpt lat="39.5937400" lon="-120.6474250"><ele>2585.0</ele></trkpt>
   <trkpt lat="39.5937790" lon="-120.6474680"><ele>2584.4</ele></trkpt>
   <trkpt lat="39.5938570" lon="-120.6474030"><ele>2584.6</ele></trkpt>
   <trkpt lat="39.5938590" lon="-120.6473880"><ele>2584.4</ele></trkpt>
   <trkpt lat="39.5938590" lon="-120.6473920"><ele>2584.2</ele></trkpt>
   <trkpt lat="39.5938570" lon="-120.6473970"><ele>2584.0</ele></trkpt>
   <trkpt lat="39.5938010" lon="-120.6474970"><ele>2584.2</ele></trkpt>
   <trkpt lat="39.5937660" lon="-120.6475480"><ele>2584.2</ele></trkpt>
   <trkpt lat="39.5937510" lon="-120.6475680"><ele>2584.2</ele></trkpt>
   <trkpt lat="39.5937330" lon="-120.6476090"><ele>2583.6</ele></trkpt>
   <trkpt lat="39.5937350" lon="-120.6476250"><ele>2583.4</ele></trkpt>
   <trkpt lat="39.5937350" lon="-120.6476480"><ele>2583.4</ele></trkpt>
   <trkpt lat="39.5937390" lon="-120.6476620"><ele>2583.2</ele></trkpt>
   <trkpt lat="39.5937550" lon="-120.6476670"><ele>2583.2</ele></trkpt>
   <trkpt lat="39.5937850" lon="-120.6477150"><ele>2584.2</ele></trkpt>
   <trkpt lat="39.5938070" lon="-120.6477190"><ele>2584.0</ele></trkpt>
   <trkpt lat="39.5938120" lon="-120.6477300"><ele>2583.8</ele></trkpt>
   <trkpt lat="39.5938200" lon="-120.6477380"><ele>2583.6</ele></trkpt>
   <trkpt lat="39.5938330" lon="-120.6477510"><ele>2583.0</ele></trkpt>
   <trkpt lat="39.5938630" lon="-120.6477890"><ele>2582.8</ele></trkpt>
   <trkpt lat="39.5938690" lon="-120.6477980"><ele>2583.0</ele></trkpt>
   <trkpt lat="39.5938920" lon="-120.6478170"><ele>2583.0</ele></trkpt>
   <trkpt lat="39.5939200" lon="-120.6478470"><ele>2582.6</ele></trkpt>
   <trkpt lat="39.5939390" lon="-120.6478570"><ele>2582.2</ele></trkpt>
   <trkpt lat="39.5939680" lon="-120.6478900"><ele>2581.8</ele></trkpt>
   <trkpt lat="39.5940180" lon="-120.6479020"><ele>2582.0</ele></trkpt>
   <trkpt lat="39.5940250" lon="-120.6479070"><ele>2582.0</ele></trkpt>
   <trkpt lat="39.5940360" lon="-120.6479090"><ele>2581.4</ele></trkpt>
   <trkpt lat="39.5940510" lon="-120.6479190"><ele>2580.6</ele></trkpt>
   <trkpt lat="39.5940690" lon="-120.6479150"><ele>2580.0</ele></trkpt>
   <trkpt lat="39.5940880" lon="-120.6479050"><ele>2580.0</ele></trkpt>
   <trkpt lat="39.5940960" lon="-120.6478980"><ele>2580.0</ele></trkpt>
   <trkpt lat="39.5941000" lon="-120.6478940"><ele>2580.0</ele></trkpt>
   <trkpt lat="39.5941390" lon="-120.6478740"><ele>2580.2</ele></trkpt>
   <trkpt lat="39.5941480" lon="-120.6478830"><ele>2580.4</ele></trkpt>
   <trkpt lat="39.5941740" lon="-120.6479170"><ele>2580.6</ele></trkpt>
   <trkpt lat="39.5941750" lon="-120.6479280"><ele>2580.4</ele></trkpt>
   <trkpt lat="39.5941740" lon="-120.6479290"><ele>2580.4</ele></trkpt>
   <trkpt lat="39.5941750" lon="-120.6479310"><ele>2580.2</ele></trkpt>
   <trkpt lat="39.5941750" lon="-120.6479320"><ele>2580.2</ele></trkpt>
   <trkpt lat="39.5941740" lon="-120.6479330"><ele>2580.2</ele></trkpt>
   <trkpt lat="39.5941730" lon="-120.6479410"><ele>2580.8</ele></trkpt>
   <trkpt lat="39.5941680" lon="-120.6479450"><ele>2579.4</ele></trkpt>
   <trkpt lat="39.5941690" lon="-120.6479290"><ele>2579.4</ele></trkpt>
   <trkpt lat="39.5941690" lon="-120.6479280"><ele>2579.4</ele></trkpt>
   <trkpt lat="39.5941630" lon="-120.6479310"><ele>2580.0</ele></trkpt>
   <trkpt lat="39.5941590" lon="-120.6479310"><ele>2579.2</ele></trkpt>
   <trkpt lat="39.5941570" lon="-120.6479350"><ele>2578.8</ele></trkpt>
   <trkpt lat="39.5941550" lon="-120.6479310"><ele>2578.6</ele></trkpt>
   <trkpt lat="39.5941530" lon="-120.6479300"><ele>2578.4</ele></trkpt>
   <trkpt lat="39.5941540" lon="-120.6479280"><ele>2578.2</ele></trkpt>
   <trkpt lat="39.5941560" lon="-120.6479230"><ele>2578.0</ele></trkpt>
   <trkpt lat="39.5941560" lon="-120.6479160"><ele>2578.0</ele></trkpt>
   <trkpt lat="39.5941560" lon="-120.6479120"><ele>2578.0</ele></trkpt>
   <trkpt lat="39.5941570" lon="-120.6479120"><ele>2578.6</ele></trkpt>
   <trkpt lat="39.5941590" lon="-120.6479120"><ele>2578.8</ele></trkpt>
   <trkpt lat="39.5941530" lon="-120.6479160"><ele>2578.2</ele></trkpt>
   <trkpt lat="39.5941530" lon="-120.6479190"><ele>2578.0</ele></trkpt>
   <trkpt lat="39.5941470" lon="-120.6479260"><ele>2579.0</ele></trkpt>
   <trkpt lat="39.5941520" lon="-120.6479330"><ele>2579.0</ele></trkpt>
   <trkpt lat="39.5941520" lon="-120.6479350"><ele>2579.0</ele></trkpt>
   <trkpt lat="39.5941480" lon="-120.6479400"><ele>2579.0</ele></trkpt>
   <trkpt lat="39.5941470" lon="-120.6479420"><ele>2579.0</ele></trkpt>
   <trkpt lat="39.5941490" lon="-120.6479430"><ele>2579.0</ele></trkpt>
   <trkpt lat="39.5941560" lon="-120.6479400"><ele>2579.0</ele></trkpt>
   <trkpt lat="39.5941560" lon="-120.6479390"><ele>2579.0</ele></trkpt>
   <trkpt lat="39.5941560" lon="-120.6479420"><ele>2579.0</ele></trkpt>
   <trkpt lat="39.5941550" lon="-120.6479440"><ele>2579.0</ele></trkpt>
   <trkpt lat="39.5941570" lon="-120.6479460"><ele>2579.0</ele></trkpt>
   <trkpt lat="39.5941580" lon="-120.6479440"><ele>2579.0</ele></trkpt>
   <trkpt lat="39.5941630" lon="-120.6479340"><ele>2579.0</ele></trkpt>
   <trkpt lat="39.5941660" lon="-120.6479340"><ele>2579.0</ele></trkpt>
   <trkpt lat="39.5941650" lon="-120.6479300"><ele>2579.0</ele></trkpt>
   <trkpt lat="39.5941670" lon="-120.6479300"><ele>2579.0</ele></trkpt>
   <trkpt lat="39.5941660" lon="-120.6479290"><ele>2579.0</ele></trkpt>
   <trkpt lat="39.5941670" lon="-120.6479280"><ele>2579.0</ele></trkpt>
   <trkpt lat="39.5941670" lon="-120.6479250"><ele>2579.0</ele></trkpt>
   <trkpt lat="39.5941670" lon="-120.6479250"><ele>2579.0</ele></trkpt>
   <trkpt lat="39.5941680" lon="-120.6479190"><ele>2579.0</ele></trkpt>
   <trkpt lat="39.5941690" lon="-120.6479190"><ele>2579.0</ele></trkpt>
   <trkpt lat="39.5941650" lon="-120.6479170"><ele>2579.0</ele></trkpt>
   <trkpt lat="39.5941630" lon="-120.6479170"><ele>2579.0</ele></trkpt>
   <trkpt lat="39.5941400" lon="-120.6479260"><ele>2579.0</ele></trkpt>
   <trkpt lat="39.5941450" lon="-120.6479250"><ele>2579.0</ele></trkpt>
   <trkpt lat="39.5941470" lon="-120.6479170"><ele>2579.0</ele></trkpt>
   <trkpt lat="39.5941450" lon="-120.6479180"><ele>2579.0</ele></trkpt>
   <trkpt lat="39.5941520" lon="-120.6479070"><ele>2579.0</ele></trkpt>
   <trkpt lat="39.5941510" lon="-120.6479050"><ele>2579.0</ele></trkpt>
   <trkpt lat="39.5941520" lon="-120.6479050"><ele>2579.0</ele></trkpt>
   <trkpt lat="39.5941520" lon="-120.6479050"><ele>2579.0</ele></trkpt>
   <trkpt lat="39.5941530" lon="-120.6479050"><ele>2579.0</ele></trkpt>
   <trkpt lat="39.5941520" lon="-120.6479090"><ele>2579.0</ele></trkpt>
   <trkpt lat="39.5941470" lon="-120.6479190"><ele>2579.0</ele></trkpt>
   <trkpt lat="39.5941530" lon="-120.6479120"><ele>2579.0</ele></trkpt>
   <trkpt lat="39.5941560" lon="-120.6479090"><ele>2579.0</ele></trkpt>
   <trkpt lat="39.5941760" lon="-120.6478850"><ele>2579.0</ele></trkpt>
   <trkpt lat="39.5942130" lon="-120.6478610"><ele>2579.0</ele></trkpt>
   <trkpt lat="39.5942150" lon="-120.6478580"><ele>2579.0</ele></trkpt>
   <trkpt lat="39.5942200" lon="-120.6478560"><ele>2579.0</ele></trkpt>
   <trkpt lat="39.5942520" lon="-120.6478240"><ele>2579.0</ele></trkpt>
   <trkpt lat="39.5942590" lon="-120.6478070"><ele>2579.0</ele></trkpt>
   <trkpt lat="39.5942550" lon="-120.6478090"><ele>2579.0</ele></trkpt>
   <trkpt lat="39.5942570" lon="-120.6478070"><ele>2579.0</ele></trkpt>
   <trkpt lat="39.5942480" lon="-120.6478180"><ele>2579.0</ele></trkpt>
   <trkpt lat="39.5942370" lon="-120.6478280"><ele>2579.0</ele></trkpt>
   <trkpt lat="39.5942210" lon="-120.6478690"><ele>2579.0</ele></trkpt>
   <trkpt lat="39.5942090" lon="-120.6478800"><ele>2579.0</ele></trkpt>
   <trkpt lat="39.5941910" lon="-120.6478910"><ele>2579.0</ele></trkpt>
   <trkpt lat="39.5941900" lon="-120.6478910"><ele>2579.0</ele></trkpt>
   <trkpt lat="39.5941850" lon="-120.6478890"><ele>2579.0</ele></trkpt>
   <trkpt lat="39.5941800" lon="-120.6478920"><ele>2579.0</ele></trkpt>
   <trkpt lat="39.5941610" lon="-120.6478940"><ele>2579.0</ele></trkpt>
   <trkpt lat="39.5941500" lon="-120.6478880"><ele>2579.0</ele></trkpt>
   <trkpt lat="39.5941490" lon="-120.6478890"><ele>2579.0</ele></trkpt>
   <trkpt lat="39.5941470" lon="-120.6478860"><ele>2579.0</ele></trkpt>
   <trkpt lat="39.5941470" lon="-120.6478850"><ele>2579.0</ele></trkpt>
   <trkpt lat="39.5941450" lon="-120.6478840"><ele>2579.0</ele></trkpt>
   <trkpt lat="39.5941420" lon="-120.6478900"><ele>2579.0</ele></trkpt>
   <trkpt lat="39.5941460" lon="-120.6478970"><ele>2579.0</ele></trkpt>
   <trkpt lat="39.5941530" lon="-120.6479070"><ele>2582.0</ele></trkpt>
   <trkpt lat="39.5941540" lon="-120.6479120"><ele>2582.2</ele></trkpt>
   <trkpt lat="39.5941590" lon="-120.6479040"><ele>2582.2</ele></trkpt>
   <trkpt lat="39.5941540" lon="-120.6479030"><ele>2581.0</ele></trkpt>
   <trkpt lat="39.5941550" lon="-120.6479040"><ele>2580.2</ele></trkpt>
   <trkpt lat="39.5941610" lon="-120.6479010"><ele>2580.0</ele></trkpt>
   <trkpt lat="39.5941760" lon="-120.6479090"><ele>2579.2</ele></trkpt>
   <trkpt lat="39.5941820" lon="-120.6479090"><ele>2579.2</ele></trkpt>
   <trkpt lat="39.5941830" lon="-120.6479160"><ele>2579.4</ele></trkpt>
   <trkpt lat="39.5941810" lon="-120.6479170"><ele>2579.4</ele></trkpt>
   <trkpt lat="39.5941790" lon="-120.6479170"><ele>2579.4</ele></trkpt>
   <trkpt lat="39.5941820" lon="-120.6479140"><ele>2579.6</ele></trkpt>
   <trkpt lat="39.5941820" lon="-120.6479150"><ele>2579.6</ele></trkpt>
   <trkpt lat="39.5941790" lon="-120.6479180"><ele>2579.2</ele></trkpt>
   <trkpt lat="39.5941720" lon="-120.6479150"><ele>2580.0</ele></trkpt>
   <trkpt lat="39.5941710" lon="-120.6479140"><ele>2580.0</ele></trkpt>
   <trkpt lat="39.5941740" lon="-120.6479150"><ele>2579.8</ele></trkpt>
   <trkpt lat="39.5941730" lon="-120.6479160"><ele>2579.6</ele></trkpt>
   <trkpt lat="39.5941720" lon="-120.6479160"><ele>2579.8</ele></trkpt>
   <trkpt lat="39.5941690" lon="-120.6479150"><ele>2579.8</ele></trkpt>
   <trkpt lat="39.5941640" lon="-120.6479130"><ele>2579.8</ele></trkpt>
   <trkpt lat="39.5941580" lon="-120.6479260"><ele>2579.6</ele></trkpt>
   <trkpt lat="39.5941370" lon="-120.6479260"><ele>2579.6</ele></trkpt>
   <trkpt lat="39.5941460" lon="-120.6479250"><ele>2579.6</ele></trkpt>
   <trkpt lat="39.5941470" lon="-120.6479230"><ele>2579.6</ele></trkpt>
   <trkpt lat="39.5941510" lon="-120.6479240"><ele>2579.6</ele></trkpt>
   <trkpt lat="39.5941510" lon="-120.6479240"><ele>2579.6</ele></trkpt>
   <trkpt lat="39.5941520" lon="-120.6479220"><ele>2579.6</ele></trkpt>
   <trkpt lat="39.5941590" lon="-120.6479060"><ele>2579.6</ele></trkpt>
   <trkpt lat="39.5941600" lon="-120.6479100"><ele>2579.6</ele></trkpt>
   <trkpt lat="39.5941440" lon="-120.6479070"><ele>2579.6</ele></trkpt>
   <trkpt lat="39.5941620" lon="-120.6479140"><ele>2579.6</ele></trkpt>
   <trkpt lat="39.5941590" lon="-120.6479170"><ele>2579.6</ele></trkpt>
   <trkpt lat="39.5941510" lon="-120.6479370"><ele>2579.6</ele></trkpt>
   <trkpt lat="39.5941480" lon="-120.6479450"><ele>2579.6</ele></trkpt>
   <trkpt lat="39.5941130" lon="-120.6479220"><ele>2579.6</ele></trkpt>
   <trkpt lat="39.5941330" lon="-120.6478980"><ele>2579.6</ele></trkpt>
   <trkpt lat="39.5941340" lon="-120.6478980"><ele>2579.6</ele></trkpt>
   <trkpt lat="39.5941360" lon="-120.6478970"><ele>2579.6</ele></trkpt>
   <trkpt lat="39.5941380" lon="-120.6479000"><ele>2579.6</ele></trkpt>
   <trkpt lat="39.5941380" lon="-120.6478990"><ele>2579.6</ele></trkpt>
   <trkpt lat="39.5941220" lon="-120.6478930"><ele>2579.6</ele></trkpt>
   <trkpt lat="39.5941210" lon="-120.6478910"><ele>2579.6</ele></trkpt>
   <trkpt lat="39.5941220" lon="-120.6478820"><ele>2579.6</ele></trkpt>
   <trkpt lat="39.5941230" lon="-120.6478760"><ele>2579.6</ele></trkpt>
   <trkpt lat="39.5941120" lon="-120.6478810"><ele>2579.6</ele></trkpt>
   <trkpt lat="39.5941110" lon="-120.6478770"><ele>2579.6</ele></trkpt>
   <trkpt lat="39.5940980" lon="-120.6478430"><ele>2579.6</ele></trkpt>
   <trkpt lat="39.5941270" lon="-120.6478670"><ele>2579.6</ele></trkpt>
   <trkpt lat="39.5941140" lon="-120.6478860"><ele>2579.6</ele></trkpt>
   <trkpt lat="39.5941130" lon="-120.6478960"><ele>2579.6</ele></trkpt>
   <trkpt lat="39.5941020" lon="-120.6479000"><ele>2579.6</ele></trkpt>
   <trkpt lat="39.5941000" lon="-120.6479030"><ele>2579.6</ele></trkpt>
   <trkpt lat="39.5940820" lon="-120.6479030"><ele>2579.6</ele></trkpt>
   <trkpt lat="39.5941060" lon="-120.6479050"><ele>2579.6</ele></trkpt>
   <trkpt lat="39.5941200" lon="-120.6479070"><ele>2579.6</ele></trkpt>
   <trkpt lat="39.5941370" lon="-120.6479140"><ele>2579.6</ele></trkpt>
   <trkpt lat="39.5941480" lon="-120.6479150"><ele>2579.6</ele></trkpt>
   <trkpt lat="39.5941500" lon="-120.6479150"><ele>2579.6</ele></trkpt>
   <trkpt lat="39.5941520" lon="-120.6479160"><ele>2579.6</ele></trkpt>
   <trkpt lat="39.5941500" lon="-120.6479050"><ele>2579.6</ele></trkpt>
   <trkpt lat="39.5941500" lon="-120.6479000"><ele>2579.6</ele></trkpt>
   <trkpt lat="39.5941550" lon="-120.6478990"><ele>2579.6</ele></trkpt>
   <trkpt lat="39.5941550" lon="-120.6478980"><ele>2579.6</ele></trkpt>
   <trkpt lat="39.5941460" lon="-120.6478910"><ele>2579.6</ele></trkpt>
   <trkpt lat="39.5941500" lon="-120.6479010"><ele>2579.6</ele></trkpt>
   <trkpt lat="39.5941390" lon="-120.6479130"><ele>2579.6</ele></trkpt>
   <trkpt lat="39.5941340" lon="-120.6479150"><ele>2579.6</ele></trkpt>
   <trkpt lat="39.5941330" lon="-120.6479190"><ele>2579.6</ele></trkpt>
   <trkpt lat="39.5941390" lon="-120.6479160"><ele>2579.6</ele></trkpt>
   <trkpt lat="39.5941620" lon="-120.6479140"><ele>2579.6</ele></trkpt>
   <trkpt lat="39.5941680" lon="-120.6479130"><ele>2579.6</ele></trkpt>
   <trkpt lat="39.5941680" lon="-120.6479140"><ele>2579.6</ele></trkpt>
   <trkpt lat="39.5941680" lon="-120.6479150"><ele>2579.6</ele></trkpt>
   <trkpt lat="39.5941680" lon="-120.6479150"><ele>2579.6</ele></trkpt>
   <trkpt lat="39.5941440" lon="-120.6478990"><ele>2579.6</ele></trkpt>
   <trkpt lat="39.5941630" lon="-120.6478870"><ele>2579.6</ele></trkpt>
   <trkpt lat="39.5941580" lon="-120.6478940"><ele>2579.6</ele></trkpt>
   <trkpt lat="39.5941610" lon="-120.6478920"><ele>2579.6</ele></trkpt>
   <trkpt lat="39.5941590" lon="-120.6479010"><ele>2579.6</ele></trkpt>
   <trkpt lat="39.5941580" lon="-120.6479090"><ele>2579.6</ele></trkpt>
   <trkpt lat="39.5941530" lon="-120.6479250"><ele>2579.6</ele></trkpt>
   <trkpt lat="39.5941550" lon="-120.6479260"><ele>2579.6</ele></trkpt>
   <trkpt lat="39.5941550" lon="-120.6479280"><ele>2579.6</ele></trkpt>
   <trkpt lat="39.5941540" lon="-120.6479300"><ele>2579.6</ele></trkpt>
   <trkpt lat="39.5941510" lon="-120.6479320"><ele>2579.6</ele></trkpt>
   <trkpt lat="39.5941620" lon="-120.6479150"><ele>2579.6</ele></trkpt>
   <trkpt lat="39.5941540" lon="-120.6479350"><ele>2579.6</ele></trkpt>
   <trkpt lat="39.5941580" lon="-120.6479300"><ele>2579.6</ele></trkpt>
   <trkpt lat="39.5941620" lon="-120.6479300"><ele>2579.6</ele></trkpt>
   <trkpt lat="39.5941590" lon="-120.6479380"><ele>2579.6</ele></trkpt>
   <trkpt lat="39.5941510" lon="-120.6479310"><ele>2579.6</ele></trkpt>
   <trkpt lat="39.5941510" lon="-120.6479260"><ele>2579.6</ele></trkpt>
   <trkpt lat="39.5941510" lon="-120.6479230"><ele>2579.6</ele></trkpt>
   <trkpt lat="39.5941490" lon="-120.6479240"><ele>2579.6</ele></trkpt>
   <trkpt lat="39.5941480" lon="-120.6479240"><ele>2579.6</ele></trkpt>
   <trkpt lat="39.5941480" lon="-120.6479240"><ele>2579.6</ele></trkpt>
   <trkpt lat="39.5941480" lon="-120.6479230"><ele>2579.6</ele></trkpt>
   <trkpt lat="39.5941590" lon="-120.6479190"><ele>2579.6</ele></trkpt>
   <trkpt lat="39.5941620" lon="-120.6479180"><ele>2579.6</ele></trkpt>
   <trkpt lat="39.5941640" lon="-120.6479180"><ele>2579.6</ele></trkpt>
   <trkpt lat="39.5941660" lon="-120.6479180"><ele>2579.6</ele></trkpt>
   <trkpt lat="39.5941660" lon="-120.6479130"><ele>2579.6</ele></trkpt>
   <trkpt lat="39.5941670" lon="-120.6479280"><ele>2579.6</ele></trkpt>
   <trkpt lat="39.5941470" lon="-120.6479440"><ele>2579.6</ele></trkpt>
   <trkpt lat="39.5941500" lon="-120.6479340"><ele>2579.6</ele></trkpt>
   <trkpt lat="39.5941500" lon="-120.6479340"><ele>2579.6</ele></trkpt>
   <trkpt lat="39.5941500" lon="-120.6479340"><ele>2579.6</ele></trkpt>
   <trkpt lat="39.5941510" lon="-120.6479370"><ele>2579.6</ele></trkpt>
   <trkpt lat="39.5941500" lon="-120.6479390"><ele>2579.6</ele></trkpt>
   <trkpt lat="39.5941500" lon="-120.6479400"><ele>2579.6</ele></trkpt>
   <trkpt lat="39.5941500" lon="-120.6479400"><ele>2579.6</ele></trkpt>
   <trkpt lat="39.5941500" lon="-120.6479410"><ele>2579.6</ele></trkpt>
   <trkpt lat="39.5941480" lon="-120.6479390"><ele>2579.6</ele></trkpt>
   <trkpt lat="39.5941510" lon="-120.6479360"><ele>2579.6</ele></trkpt>
   <trkpt lat="39.5941520" lon="-120.6479340"><ele>2579.6</ele></trkpt>
   <trkpt lat="39.5941510" lon="-120.6479340"><ele>2579.6</ele></trkpt>
   <trkpt lat="39.5941510" lon="-120.6479360"><ele>2579.6</ele></trkpt>
   <trkpt lat="39.5941540" lon="-120.6479320"><ele>2579.6</ele></trkpt>
   <trkpt lat="39.5941520" lon="-120.6479280"><ele>2579.6</ele></trkpt>
   <trkpt lat="39.5941520" lon="-120.6479250"><ele>2579.6</ele></trkpt>
   <trkpt lat="39.5941520" lon="-120.6479190"><ele>2579.6</ele></trkpt>
   <trkpt lat="39.5941530" lon="-120.6479170"><ele>2579.6</ele></trkpt>
   <trkpt lat="39.5941530" lon="-120.6479160"><ele>2579.6</ele></trkpt>
   <trkpt lat="39.5941580" lon="-120.6479130"><ele>2579.6</ele></trkpt>
   <trkpt lat="39.5941590" lon="-120.6479130"><ele>2579.6</ele></trkpt>
   <trkpt lat="39.5941610" lon="-120.6479130"><ele>2579.6</ele></trkpt>
   <trkpt lat="39.5941620" lon="-120.6479130"><ele>2579.6</ele></trkpt>
   <trkpt lat="39.5941600" lon="-120.6479150"><ele>2579.6</ele></trkpt>
   <trkpt lat="39.5941600" lon="-120.6479150"><ele>2579.6</ele></trkpt>
   <trkpt lat="39.5941610" lon="-120.6479150"><ele>2579.6</ele></trkpt>
   <trkpt lat="39.5941610" lon="-120.6479160"><ele>2579.6</ele></trkpt>
   <trkpt lat="39.5941600" lon="-120.6479190"><ele>2579.6</ele></trkpt>
   <trkpt lat="39.5941600" lon="-120.6479200"><ele>2579.6</ele></trkpt>
   <trkpt lat="39.5941610" lon="-120.6479180"><ele>2579.6</ele></trkpt>
   <trkpt lat="39.5941640" lon="-120.6479180"><ele>2579.6</ele></trkpt>
   <trkpt lat="39.5941670" lon="-120.6479180"><ele>2579.6</ele></trkpt>
   <trkpt lat="39.5941680" lon="-120.6479210"><ele>2579.6</ele></trkpt>
   <trkpt lat="39.5941680" lon="-120.6479210"><ele>2579.6</ele></trkpt>
   <trkpt lat="39.5941660" lon="-120.6479290"><ele>2579.6</ele></trkpt>
   <trkpt lat="39.5941590" lon="-120.6479410"><ele>2579.6</ele></trkpt>
   <trkpt lat="39.5941650" lon="-120.6479310"><ele>2579.6</ele></trkpt>
   <trkpt lat="39.5941620" lon="-120.6479310"><ele>2579.6</ele></trkpt>
   <trkpt lat="39.5941580" lon="-120.6479310"><ele>2579.6</ele></trkpt>
   <trkpt lat="39.5941660" lon="-120.6479070"><ele>2579.6</ele></trkpt>
   <trkpt lat="39.5941650" lon="-120.6479120"><ele>2579.6</ele></trkpt>
   <trkpt lat="39.5941640" lon="-120.6479140"><ele>2579.6</ele></trkpt>
   <trkpt lat="39.5941640" lon="-120.6479130"><ele>2579.6</ele></trkpt>
   <trkpt lat="39.5941640" lon="-120.6479130"><ele>2579.6</ele></trkpt>
   <trkpt lat="39.5941640" lon="-120.6479130"><ele>2579.6</ele></trkpt>
   <trkpt lat="39.5941640" lon="-120.6479130"><ele>2579.6</ele></trkpt>
   <trkpt lat="39.5941640" lon="-120.6479140"><ele>2579.6</ele></trkpt>
   <trkpt lat="39.5941620" lon="-120.6479180"><ele>2579.6</ele></trkpt>
   <trkpt lat="39.5941570" lon="-120.6479140"><ele>2582.2</ele></trkpt>
   <trkpt lat="39.5941570" lon="-120.6479140"><ele>2580.8</ele></trkpt>
   <trkpt lat="39.5941580" lon="-120.6479140"><ele>2581.0</ele></trkpt>
   <trkpt lat="39.5941600" lon="-120.6479100"><ele>2581.2</ele></trkpt>
   <trkpt lat="39.5941630" lon="-120.6479060"><ele>2580.8</ele></trkpt>
   <trkpt lat="39.5941620" lon="-120.6479020"><ele>2580.4</ele></trkpt>
   <trkpt lat="39.5941640" lon="-120.6479030"><ele>2581.6</ele></trkpt>
   <trkpt lat="39.5941700" lon="-120.6479050"><ele>2581.4</ele></trkpt>
   <trkpt lat="39.5941720" lon="-120.6479090"><ele>2581.4</ele></trkpt>
   <trkpt lat="39.5941740" lon="-120.6479080"><ele>2581.4</ele></trkpt>
   <trkpt lat="39.5941720" lon="-120.6479100"><ele>2581.4</ele></trkpt>
   <trkpt lat="39.5941740" lon="-120.6479080"><ele>2581.4</ele></trkpt>
   <trkpt lat="39.5941780" lon="-120.6478950"><ele>2581.6</ele></trkpt>
   <trkpt lat="39.5941780" lon="-120.6478930"><ele>2581.8</ele></trkpt>
   <trkpt lat="39.5941670" lon="-120.6478890"><ele>2582.4</ele></trkpt>
   <trkpt lat="39.5941630" lon="-120.6478770"><ele>2582.0</ele></trkpt>
   <trkpt lat="39.5941670" lon="-120.6478640"><ele>2582.0</ele></trkpt>
   <trkpt lat="39.5941770" lon="-120.6478320"><ele>2582.0</ele></trkpt>
   <trkpt lat="39.5941660" lon="-120.6478180"><ele>2582.0</ele></trkpt>
   <trkpt lat="39.5941410" lon="-120.6478020"><ele>2582.0</ele></trkpt>
   <trkpt lat="39.5941280" lon="-120.6477970"><ele>2582.0</ele></trkpt>
   <trkpt lat="39.5941210" lon="-120.6478030"><ele>2582.0</ele></trkpt>
   <trkpt lat="39.5941640" lon="-120.6478980"><ele>2582.0</ele></trkpt>
   <trkpt lat="39.5942060" lon="-120.6479290"><ele>2580.8</ele></trkpt>
   <trkpt lat="39.5942150" lon="-120.6479350"><ele>2579.8</ele></trkpt>
   <trkpt lat="39.5942220" lon="-120.6479430"><ele>2579.2</ele></trkpt>
   <trkpt lat="39.5942410" lon="-120.6479500"><ele>2578.0</ele></trkpt>
   <trkpt lat="39.5942500" lon="-120.6479630"><ele>2577.4</ele></trkpt>
   <trkpt lat="39.5942670" lon="-120.6479700"><ele>2577.2</ele></trkpt>
   <trkpt lat="39.5942980" lon="-120.6479800"><ele>2576.8</ele></trkpt>
   <trkpt lat="39.5943220" lon="-120.6479760"><ele>2576.6</ele></trkpt>
   <trkpt lat="39.5943460" lon="-120.6479680"><ele>2576.4</ele></trkpt>
   <trkpt lat="39.5943730" lon="-120.6479640"><ele>2576.2</ele></trkpt>
   <trkpt lat="39.5943950" lon="-120.6479560"><ele>2576.2</ele></trkpt>
   <trkpt lat="39.5944110" lon="-120.6479490"><ele>2575.8</ele></trkpt>
   <trkpt lat="39.5944340" lon="-120.6479490"><ele>2575.0</ele></trkpt>
   <trkpt lat="39.5944410" lon="-120.6479480"><ele>2574.8</ele></trkpt>
   <trkpt lat="39.5944450" lon="-120.6479520"><ele>2574.6</ele></trkpt>
   <trkpt lat="39.5944330" lon="-120.6479950"><ele>2574.0</ele></trkpt>
   <trkpt lat="39.5944050" lon="-120.6480500"><ele>2573.6</ele></trkpt>
   <trkpt lat="39.5944000" lon="-120.6480680"><ele>2573.2</ele></trkpt>
   <trkpt lat="39.5943970" lon="-120.6480790"><ele>2573.0</ele></trkpt>
   <trkpt lat="39.5943890" lon="-120.6481070"><ele>2572.8</ele></trkpt>
   <trkpt lat="39.5943830" lon="-120.6481320"><ele>2572.4</ele></trkpt>
   <trkpt lat="39.5943680" lon="-120.6481600"><ele>2572.0</ele></trkpt>
   <trkpt lat="39.5943580" lon="-120.6481750"><ele>2571.4</ele></trkpt>
   <trkpt lat="39.5943460" lon="-120.6481840"><ele>2570.6</ele></trkpt>
   <trkpt lat="39.5943390" lon="-120.6481910"><ele>2570.4</ele></trkpt>
   <trkpt lat="39.5943190" lon="-120.6482040"><ele>2570.4</ele></trkpt>
   <trkpt lat="39.5942830" lon="-120.6482040"><ele>2570.8</ele></trkpt>
   <trkpt lat="39.5942760" lon="-120.6482040"><ele>2570.8</ele></trkpt>
   <trkpt lat="39.5942550" lon="-120.6482040"><ele>2570.8</ele></trkpt>
   <trkpt lat="39.5942510" lon="-120.6482040"><ele>2570.8</ele></trkpt>
   <trkpt lat="39.5942140" lon="-120.6481930"><ele>2570.2</ele></trkpt>
   <trkpt lat="39.5941860" lon="-120.6481830"><ele>2569.2</ele></trkpt>
   <trkpt lat="39.5941700" lon="-120.6481730"><ele>2569.0</ele></trkpt>
   <trkpt lat="39.5941320" lon="-120.6481690"><ele>2568.6</ele></trkpt>
   <trkpt lat="39.5941220" lon="-120.6481910"><ele>2568.2</ele></trkpt>
   <trkpt lat="39.5941200" lon="-120.6482040"><ele>2567.8</ele></trkpt>
   <trkpt lat="39.5941190" lon="-120.6482210"><ele>2567.8</ele></trkpt>
   <trkpt lat="39.5941210" lon="-120.6482450"><ele>2567.6</ele></trkpt>
   <trkpt lat="39.5941310" lon="-120.6482550"><ele>2567.4</ele></trkpt>
   <trkpt lat="39.5941330" lon="-120.6482590"><ele>2567.4</ele></trkpt>
   <trkpt lat="39.5941490" lon="-120.6482790"><ele>2567.2</ele></trkpt>
   <trkpt lat="39.5941640" lon="-120.6482940"><ele>2567.0</ele></trkpt>
   <trkpt lat="39.5941700" lon="-120.6483040"><ele>2567.0</ele></trkpt>
   <trkpt lat="39.5941760" lon="-120.6483130"><ele>2566.8</ele></trkpt>
   <trkpt lat="39.5941880" lon="-120.6483390"><ele>2566.4</ele></trkpt>
   <trkpt lat="39.5942000" lon="-120.6483580"><ele>2566.0</ele></trkpt>
   <trkpt lat="39.5942090" lon="-120.6483670"><ele>2565.8</ele></trkpt>
   <trkpt lat="39.5942290" lon="-120.6483710"><ele>2565.6</ele></trkpt>
   <trkpt lat="39.5942380" lon="-120.6483770"><ele>2565.6</ele></trkpt>
   <trkpt lat="39.5942820" lon="-120.6484020"><ele>2565.6</ele></trkpt>
   <trkpt lat="39.5943190" lon="-120.6484300"><ele>2564.8</ele></trkpt>
   <trkpt lat="39.5943370" lon="-120.6484410"><ele>2564.6</ele></trkpt>
   <trkpt lat="39.5943430" lon="-120.6484490"><ele>2564.2</ele></trkpt>
   <trkpt lat="39.5943610" lon="-120.6484790"><ele>2563.8</ele></trkpt>
   <trkpt lat="39.5943810" lon="-120.6485020"><ele>2563.4</ele></trkpt>
   <trkpt lat="39.5944020" lon="-120.6485330"><ele>2562.4</ele></trkpt>
   <trkpt lat="39.5944110" lon="-120.6485410"><ele>2562.2</ele></trkpt>
   <trkpt lat="39.5944190" lon="-120.6485470"><ele>2562.0</ele></trkpt>
   <trkpt lat="39.5944610" lon="-120.6485860"><ele>2561.4</ele></trkpt>
   <trkpt lat="39.5944650" lon="-120.6485920"><ele>2561.2</ele></trkpt>
   <trkpt lat="39.5944720" lon="-120.6486060"><ele>2561.0</ele></trkpt>
   <trkpt lat="39.5944850" lon="-120.6486350"><ele>2560.8</ele></trkpt>
   <trkpt lat="39.5945080" lon="-120.6486480"><ele>2560.6</ele></trkpt>
   <trkpt lat="39.5945230" lon="-120.6486450"><ele>2560.4</ele></trkpt>
   <trkpt lat="39.5945260" lon="-120.6486450"><ele>2560.4</ele></trkpt>
   <trkpt lat="39.5945940" lon="-120.6486770"><ele>2560.0</ele></trkpt>
   <trkpt lat="39.5946200" lon="-120.6486810"><ele>2559.8</ele></trkpt>
   <trkpt lat="39.5946560" lon="-120.6486960"><ele>2558.8</ele></trkpt>
   <trkpt lat="39.5946780" lon="-120.6487060"><ele>2557.8</ele></trkpt>
   <trkpt lat="39.5946870" lon="-120.6487160"><ele>2557.6</ele></trkpt>
   <trkpt lat="39.5946980" lon="-120.6487280"><ele>2557.4</ele></trkpt>
   <trkpt lat="39.5947120" lon="-120.6487410"><ele>2557.2</ele></trkpt>
   <trkpt lat="39.5947270" lon="-120.6487570"><ele>2556.8</ele></trkpt>
   <trkpt lat="39.5947330" lon="-120.6487650"><ele>2556.6</ele></trkpt>
   <trkpt lat="39.5947390" lon="-120.6487730"><ele>2556.6</ele></trkpt>
   <trkpt lat="39.5947440" lon="-120.6487800"><ele>2556.4</ele></trkpt>
   <trkpt lat="39.5947500" lon="-120.6488140"><ele>2555.2</ele></trkpt>
   <trkpt lat="39.5947410" lon="-120.6488370"><ele>2554.2</ele></trkpt>
   <trkpt lat="39.5947360" lon="-120.6488460"><ele>2554.0</ele></trkpt>
   <trkpt lat="39.5947170" lon="-120.6488670"><ele>2554.6</ele></trkpt>
   <trkpt lat="39.5947100" lon="-120.6488680"><ele>2554.8</ele></trkpt>
   <trkpt lat="39.5947010" lon="-120.6488680"><ele>2555.2</ele></trkpt>
   <trkpt lat="39.5946520" lon="-120.6488840"><ele>2556.2</ele></trkpt>
   <trkpt lat="39.5946420" lon="-120.6488830"><ele>2556.4</ele></trkpt>
   <trkpt lat="39.5946300" lon="-120.6488850"><ele>2556.4</ele></trkpt>
   <trkpt lat="39.5945880" lon="-120.6488740"><ele>2555.2</ele></trkpt>
   <trkpt lat="39.5945790" lon="-120.6488740"><ele>2554.8</ele></trkpt>
   <trkpt lat="39.5945470" lon="-120.6488740"><ele>2554.0</ele></trkpt>
   <trkpt lat="39.5945030" lon="-120.6488750"><ele>2553.2</ele></trkpt>
   <trkpt lat="39.5944920" lon="-120.6488720"><ele>2553.0</ele></trkpt>
   <trkpt lat="39.5944250" lon="-120.6488890"><ele>2551.8</ele></trkpt>
   <trkpt lat="39.5944120" lon="-120.6488880"><ele>2551.8</ele></trkpt>
   <trkpt lat="39.5943800" lon="-120.6488800"><ele>2551.6</ele></trkpt>
   <trkpt lat="39.5943560" lon="-120.6488790"><ele>2551.0</ele></trkpt>
   <trkpt lat="39.5943460" lon="-120.6488740"><ele>2550.8</ele></trkpt>
   <trkpt lat="39.5943470" lon="-120.6488750"><ele>2551.2</ele></trkpt>
   <trkpt lat="39.5943480" lon="-120.6488730"><ele>2551.6</ele></trkpt>
   <trkpt lat="39.5943480" lon="-120.6488700"><ele>2551.8</ele></trkpt>
   <trkpt lat="39.5943490" lon="-120.6488710"><ele>2550.8</ele></trkpt>
   <trkpt lat="39.5943470" lon="-120.6488720"><ele>2550.6</ele></trkpt>
   <trkpt lat="39.5943480" lon="-120.6488730"><ele>2550.2</ele></trkpt>
   <trkpt lat="39.5943530" lon="-120.6488750"><ele>2549.8</ele></trkpt>
   <trkpt lat="39.5943550" lon="-120.6488770"><ele>2549.6</ele></trkpt>
   <trkpt lat="39.5943580" lon="-120.6488970"><ele>2549.6</ele></trkpt>
   <trkpt lat="39.5943560" lon="-120.6489020"><ele>2548.6</ele></trkpt>
   <trkpt lat="39.5943170" lon="-120.6489090"><ele>2548.6</ele></trkpt>
   <trkpt lat="39.5942510" lon="-120.6489050"><ele>2547.2</ele></trkpt>
   <trkpt lat="39.5942320" lon="-120.6489030"><ele>2546.8</ele></trkpt>
   <trkpt lat="39.5941960" lon="-120.6488900"><ele>2547.2</ele></trkpt>
   <trkpt lat="39.5941900" lon="-120.6488870"><ele>2547.2</ele></trkpt>
   <trkpt lat="39.5941810" lon="-120.6488860"><ele>2547.0</ele></trkpt>
   <trkpt lat="39.5941030" lon="-120.6488450"><ele>2545.8</ele></trkpt>
   <trkpt lat="39.5940830" lon="-120.6488330"><ele>2544.8</ele></trkpt>
   <trkpt lat="39.5940720" lon="-120.6488280"><ele>2544.6</ele></trkpt>
   <trkpt lat="39.5940450" lon="-120.6488120"><ele>2543.8</ele></trkpt>
   <trkpt lat="39.5940430" lon="-120.6488130"><ele>2543.6</ele></trkpt>
   <trkpt lat="39.5940380" lon="-120.6488080"><ele>2543.0</ele></trkpt>
   <trkpt lat="39.5939860" lon="-120.6488200"><ele>2542.8</ele></trkpt>
   <trkpt lat="39.5939630" lon="-120.6488210"><ele>2542.4</ele></trkpt>
   <trkpt lat="39.5939410" lon="-120.6488340"><ele>2542.2</ele></trkpt>
   <trkpt lat="39.5939400" lon="-120.6488770"><ele>2541.6</ele></trkpt>
   <trkpt lat="39.5939470" lon="-120.6488940"><ele>2541.6</ele></trkpt>
   <trkpt lat="39.5939680" lon="-120.6489340"><ele>2541.4</ele></trkpt>
   <trkpt lat="39.5939680" lon="-120.6489350"><ele>2541.2</ele></trkpt>
   <trkpt lat="39.5939560" lon="-120.6489590"><ele>2540.8</ele></trkpt>
   <trkpt lat="39.5939580" lon="-120.6489710"><ele>2540.4</ele></trkpt>
   <trkpt lat="39.5939640" lon="-120.6489820"><ele>2540.2</ele></trkpt>
   <trkpt lat="39.5939730" lon="-120.6489990"><ele>2539.2</ele></trkpt>
   <trkpt lat="39.5939750" lon="-120.6490050"><ele>2539.0</ele></trkpt>
   <trkpt lat="39.5939860" lon="-120.6490390"><ele>2538.6</ele></trkpt>
   <trkpt lat="39.5939940" lon="-120.6490590"><ele>2538.6</ele></trkpt>
   <trkpt lat="39.5940030" lon="-120.6490780"><ele>2538.4</ele></trkpt>
   <trkpt lat="39.5940050" lon="-120.6490830"><ele>2538.0</ele></trkpt>
   <trkpt lat="39.5940060" lon="-120.6490830"><ele>2537.8</ele></trkpt>
   <trkpt lat="39.5940090" lon="-120.6490940"><ele>2537.4</ele></trkpt>
   <trkpt lat="39.5940310" lon="-120.6491180"><ele>2536.8</ele></trkpt>
   <trkpt lat="39.5940400" lon="-120.6491260"><ele>2536.6</ele></trkpt>
   <trkpt lat="39.5940510" lon="-120.6491390"><ele>2536.0</ele></trkpt>
   <trkpt lat="39.5940570" lon="-120.6491470"><ele>2535.6</ele></trkpt>
   <trkpt lat="39.5940620" lon="-120.6491480"><ele>2535.4</ele></trkpt>
   <trkpt lat="39.5940860" lon="-120.6491640"><ele>2534.6</ele></trkpt>
   <trkpt lat="39.5941320" lon="-120.6492060"><ele>2533.4</ele></trkpt>
   <trkpt lat="39.5941520" lon="-120.6492230"><ele>2532.6</ele></trkpt>
   <trkpt lat="39.5941590" lon="-120.6492280"><ele>2532.2</ele></trkpt>
   <trkpt lat="39.5942040" lon="-120.6492690"><ele>2531.2</ele></trkpt>
   <trkpt lat="39.5942400" lon="-120.6492900"><ele>2530.4</ele></trkpt>
   <trkpt lat="39.5942500" lon="-120.6492970"><ele>2530.2</ele></trkpt>
   <trkpt lat="39.5943030" lon="-120.6493290"><ele>2529.2</ele></trkpt>
   <trkpt lat="39.5943130" lon="-120.6493340"><ele>2529.0</ele></trkpt>
   <trkpt lat="39.5943310" lon="-120.6493480"><ele>2528.4</ele></trkpt>
   <trkpt lat="39.5943380" lon="-120.6493590"><ele>2528.2</ele></trkpt>
   <trkpt lat="39.5943460" lon="-120.6493650"><ele>2527.8</ele></trkpt>
   <trkpt lat="39.5943610" lon="-120.6493730"><ele>2527.4</ele></trkpt>
   <trkpt lat="39.5943870" lon="-120.6493990"><ele>2526.8</ele></trkpt>
   <trkpt lat="39.5944040" lon="-120.6494180"><ele>2526.4</ele></trkpt>
   <trkpt lat="39.5944270" lon="-120.6494420"><ele>2525.8</ele></trkpt>
   <trkpt lat="39.5944410" lon="-120.6494530"><ele>2525.6</ele></trkpt>
   <trkpt lat="39.5944960" lon="-120.6494940"><ele>2525.0</ele></trkpt>
   <trkpt lat="39.5945130" lon="-120.6495040"><ele>2524.8</ele></trkpt>
   <trkpt lat="39.5945220" lon="-120.6495070"><ele>2524.6</ele></trkpt>
   <trkpt lat="39.5945950" lon="-120.6495540"><ele>2523.8</ele></trkpt>
   <trkpt lat="39.5946010" lon="-120.6495630"><ele>2523.6</ele></trkpt>
   <trkpt lat="39.5946160" lon="-120.6495760"><ele>2523.4</ele></trkpt>
   <trkpt lat="39.5946290" lon="-120.6495880"><ele>2523.0</ele></trkpt>
   <trkpt lat="39.5946330" lon="-120.6495960"><ele>2522.8</ele></trkpt>
   <trkpt lat="39.5946400" lon="-120.6496010"><ele>2522.6</ele></trkpt>
   <trkpt lat="39.5946540" lon="-120.6496130"><ele>2522.2</ele></trkpt>
   <trkpt lat="39.5946650" lon="-120.6496170"><ele>2521.8</ele></trkpt>
   <trkpt lat="39.5946740" lon="-120.6496220"><ele>2521.6</ele></trkpt>
   <trkpt lat="39.5946800" lon="-120.6496260"><ele>2521.2</ele></trkpt>
   <trkpt lat="39.5946860" lon="-120.6496270"><ele>2521.0</ele></trkpt>
   <trkpt lat="39.5947040" lon="-120.6496380"><ele>2520.6</ele></trkpt>
   <trkpt lat="39.5947520" lon="-120.6496510"><ele>2520.2</ele></trkpt>
   <trkpt lat="39.5947610" lon="-120.6496550"><ele>2520.2</ele></trkpt>
   <trkpt lat="39.5948290" lon="-120.6496950"><ele>2518.8</ele></trkpt>
   <trkpt lat="39.5948510" lon="-120.6497230"><ele>2517.6</ele></trkpt>
   <trkpt lat="39.5948960" lon="-120.6497540"><ele>2516.8</ele></trkpt>
   <trkpt lat="39.5949210" lon="-120.6497590"><ele>2516.6</ele></trkpt>
   <trkpt lat="39.5949390" lon="-120.6497720"><ele>2516.2</ele></trkpt>
   <trkpt lat="39.5949460" lon="-120.6497800"><ele>2515.8</ele></trkpt>
   <trkpt lat="39.5949520" lon="-120.6497870"><ele>2515.4</ele></trkpt>
   <trkpt lat="39.5949780" lon="-120.6498090"><ele>2514.8</ele></trkpt>
   <trkpt lat="39.5950080" lon="-120.6498310"><ele>2514.4</ele></trkpt>
   <trkpt lat="39.5950090" lon="-120.6498350"><ele>2514.2</ele></trkpt>
   <trkpt lat="39.5950510" lon="-120.6498850"><ele>2513.2</ele></trkpt>
   <trkpt lat="39.5950650" lon="-120.6499030"><ele>2512.6</ele></trkpt>
   <trkpt lat="39.5950730" lon="-120.6499130"><ele>2512.2</ele></trkpt>
   <trkpt lat="39.5950810" lon="-120.6499220"><ele>2512.0</ele></trkpt>
   <trkpt lat="39.5951170" lon="-120.6499560"><ele>2510.8</ele></trkpt>
   <trkpt lat="39.5951710" lon="-120.6500190"><ele>2509.6</ele></trkpt>
   <trkpt lat="39.5951860" lon="-120.6500310"><ele>2509.2</ele></trkpt>
   <trkpt lat="39.5952370" lon="-120.6500690"><ele>2508.6</ele></trkpt>
   <trkpt lat="39.5952580" lon="-120.6500940"><ele>2508.2</ele></trkpt>
   <trkpt lat="39.5952720" lon="-120.6501060"><ele>2508.0</ele></trkpt>
   <trkpt lat="39.5952920" lon="-120.6501300"><ele>2507.4</ele></trkpt>
   <trkpt lat="39.5953000" lon="-120.6501440"><ele>2506.6</ele></trkpt>
   <trkpt lat="39.5953040" lon="-120.6501510"><ele>2506.2</ele></trkpt>
   <trkpt lat="39.5953100" lon="-120.6501550"><ele>2506.2</ele></trkpt>
   <trkpt lat="39.5953420" lon="-120.6501760"><ele>2505.4</ele></trkpt>
   <trkpt lat="39.5953500" lon="-120.6501820"><ele>2505.2</ele></trkpt>
   <trkpt lat="39.5953650" lon="-120.6501960"><ele>2505.0</ele></trkpt>
   <trkpt lat="39.5953880" lon="-120.6502270"><ele>2504.0</ele></trkpt>
   <trkpt lat="39.5954070" lon="-120.6502580"><ele>2502.8</ele></trkpt>
   <trkpt lat="39.5954100" lon="-120.6502660"><ele>2502.4</ele></trkpt>
   <trkpt lat="39.5954110" lon="-120.6502750"><ele>2502.4</ele></trkpt>
   <trkpt lat="39.5954100" lon="-120.6502930"><ele>2502.2</ele></trkpt>
   <trkpt lat="39.5953960" lon="-120.6503160"><ele>2501.8</ele></trkpt>
   <trkpt lat="39.5953880" lon="-120.6503200"><ele>2501.8</ele></trkpt>
   <trkpt lat="39.5953540" lon="-120.6503210"><ele>2501.4</ele></trkpt>
   <trkpt lat="39.5953290" lon="-120.6503100"><ele>2501.0</ele></trkpt>
   <trkpt lat="39.5952700" lon="-120.6502860"><ele>2500.6</ele></trkpt>
   <trkpt lat="39.5952380" lon="-120.6502740"><ele>2500.2</ele></trkpt>
   <trkpt lat="39.5952170" lon="-120.6502650"><ele>2500.2</ele></trkpt>
   <trkpt lat="39.5952070" lon="-120.6502630"><ele>2500.2</ele></trkpt>
   <trkpt lat="39.5951590" lon="-120.6502420"><ele>2500.6</ele></trkpt>
   <trkpt lat="39.5951300" lon="-120.6502460"><ele>2500.6</ele></trkpt>
   <trkpt lat="39.5950430" lon="-120.6502460"><ele>2499.6</ele></trkpt>
   <trkpt lat="39.5950140" lon="-120.6502460"><ele>2499.4</ele></trkpt>
   <trkpt lat="39.5949610" lon="-120.6502630"><ele>2498.4</ele></trkpt>
   <trkpt lat="39.5949410" lon="-120.6502670"><ele>2497.2</ele></trkpt>
   <trkpt lat="39.5949300" lon="-120.6502670"><ele>2496.4</ele></trkpt>
   <trkpt lat="39.5949270" lon="-120.6502640"><ele>2496.2</ele></trkpt>
   <trkpt lat="39.5949190" lon="-120.6502760"><ele>2495.8</ele></trkpt>
   <trkpt lat="39.5948880" lon="-120.6502970"><ele>2495.0</ele></trkpt>
   <trkpt lat="39.5948810" lon="-120.6503020"><ele>2495.0</ele></trkpt>
   <trkpt lat="39.5948570" lon="-120.6503050"><ele>2494.0</ele></trkpt>
   <trkpt lat="39.5948370" lon="-120.6502940"><ele>2493.2</ele></trkpt>
   <trkpt lat="39.5948240" lon="-120.6502950"><ele>2493.0</ele></trkpt>
   <trkpt lat="39.5948190" lon="-120.6502990"><ele>2492.8</ele></trkpt>
   <trkpt lat="39.5948160" lon="-120.6503060"><ele>2492.6</ele></trkpt>
   <trkpt lat="39.5948010" lon="-120.6503240"><ele>2491.8</ele></trkpt>
   <trkpt lat="39.5947730" lon="-120.6503290"><ele>2491.0</ele></trkpt>
   <trkpt lat="39.5947680" lon="-120.6503310"><ele>2490.8</ele></trkpt>
   <trkpt lat="39.5947600" lon="-120.6503340"><ele>2490.8</ele></trkpt>
   <trkpt lat="39.5947450" lon="-120.6503410"><ele>2490.4</ele></trkpt>
   <trkpt lat="39.5947460" lon="-120.6503530"><ele>2490.4</ele></trkpt>
   <trkpt lat="39.5947470" lon="-120.6503610"><ele>2490.4</ele></trkpt>
   <trkpt lat="39.5947590" lon="-120.6503640"><ele>2490.2</ele></trkpt>
   <trkpt lat="39.5947810" lon="-120.6503630"><ele>2490.0</ele></trkpt>
   <trkpt lat="39.5948000" lon="-120.6503810"><ele>2489.8</ele></trkpt>
   <trkpt lat="39.5948180" lon="-120.6504150"><ele>2488.4</ele></trkpt>
   <trkpt lat="39.5948350" lon="-120.6504450"><ele>2487.6</ele></trkpt>
   <trkpt lat="39.5948490" lon="-120.6504890"><ele>2487.4</ele></trkpt>
   <trkpt lat="39.5949020" lon="-120.6505620"><ele>2486.4</ele></trkpt>
   <trkpt lat="39.5949190" lon="-120.6505770"><ele>2486.0</ele></trkpt>
   <trkpt lat="39.5949840" lon="-120.6506320"><ele>2485.4</ele></trkpt>
   <trkpt lat="39.5950080" lon="-120.6506420"><ele>2485.2</ele></trkpt>
   <trkpt lat="39.5950130" lon="-120.6506420"><ele>2485.2</ele></trkpt>
   <trkpt lat="39.5950630" lon="-120.6506650"><ele>2485.0</ele></trkpt>
   <trkpt lat="39.5950630" lon="-120.6506920"><ele>2484.2</ele></trkpt>
   <trkpt lat="39.5950560" lon="-120.6507230"><ele>2483.6</ele></trkpt>
   <trkpt lat="39.5950460" lon="-120.6507320"><ele>2483.6</ele></trkpt>
   <trkpt lat="39.5950430" lon="-120.6507350"><ele>2483.6</ele></trkpt>
   <trkpt lat="39.5950410" lon="-120.6507370"><ele>2483.4</ele></trkpt>
   <trkpt lat="39.5950360" lon="-120.6507380"><ele>2483.2</ele></trkpt>
   <trkpt lat="39.5950310" lon="-120.6507430"><ele>2482.8</ele></trkpt>
   <trkpt lat="39.5950290" lon="-120.6507470"><ele>2482.6</ele></trkpt>
   <trkpt lat="39.5950140" lon="-120.6507510"><ele>2482.0</ele></trkpt>
   <trkpt lat="39.5949920" lon="-120.6507480"><ele>2481.2</ele></trkpt>
   <trkpt lat="39.5949790" lon="-120.6507370"><ele>2481.0</ele></trkpt>
   <trkpt lat="39.5949300" lon="-120.6507450"><ele>2480.2</ele></trkpt>
   <trkpt lat="39.5949010" lon="-120.6507510"><ele>2479.8</ele></trkpt>
   <trkpt lat="39.5948890" lon="-120.6507520"><ele>2479.4</ele></trkpt>
   <trkpt lat="39.5948690" lon="-120.6507640"><ele>2478.8</ele></trkpt>
   <trkpt lat="39.5948020" lon="-120.6507910"><ele>2477.8</ele></trkpt>
   <trkpt lat="39.5947840" lon="-120.6507960"><ele>2477.4</ele></trkpt>
   <trkpt lat="39.5947130" lon="-120.6508450"><ele>2476.6</ele></trkpt>
   <trkpt lat="39.5947130" lon="-120.6508540"><ele>2476.6</ele></trkpt>
   <trkpt lat="39.5947290" lon="-120.6509050"><ele>2475.6</ele></trkpt>
   <trkpt lat="39.5947440" lon="-120.6509250"><ele>2474.4</ele></trkpt>
   <trkpt lat="39.5947480" lon="-120.6509320"><ele>2474.2</ele></trkpt>
   <trkpt lat="39.5947620" lon="-120.6509690"><ele>2473.4</ele></trkpt>
   <trkpt lat="39.5947700" lon="-120.6509870"><ele>2473.0</ele></trkpt>
   <trkpt lat="39.5947740" lon="-120.6510060"><ele>2472.6</ele></trkpt>
   <trkpt lat="39.5947870" lon="-120.6510260"><ele>2472.2</ele></trkpt>
   <trkpt lat="39.5948010" lon="-120.6510430"><ele>2471.0</ele></trkpt>
   <trkpt lat="39.5948380" lon="-120.6510780"><ele>2470.4</ele></trkpt>
   <trkpt lat="39.5948490" lon="-120.6510820"><ele>2470.2</ele></trkpt>
   <trkpt lat="39.5948520" lon="-120.6510930"><ele>2470.0</ele></trkpt>
   <trkpt lat="39.5948750" lon="-120.6511200"><ele>2469.0</ele></trkpt>
   <trkpt lat="39.5949200" lon="-120.6511650"><ele>2468.0</ele></trkpt>
   <trkpt lat="39.5949340" lon="-120.6511820"><ele>2467.8</ele></trkpt>
   <trkpt lat="39.5949520" lon="-120.6512190"><ele>2466.6</ele></trkpt>
   <trkpt lat="39.5949720" lon="-120.6512590"><ele>2465.6</ele></trkpt>
   <trkpt lat="39.5949810" lon="-120.6512800"><ele>2464.8</ele></trkpt>
   <trkpt lat="39.5949840" lon="-120.6512840"><ele>2464.8</ele></trkpt>
   <trkpt lat="39.5949590" lon="-120.6513180"><ele>2465.0</ele></trkpt>
   <trkpt lat="39.5949570" lon="-120.6513210"><ele>2464.8</ele></trkpt>
   <trkpt lat="39.5949380" lon="-120.6513390"><ele>2464.6</ele></trkpt>
   <trkpt lat="39.5948990" lon="-120.6513780"><ele>2464.4</ele></trkpt>
   <trkpt lat="39.5948770" lon="-120.6514040"><ele>2464.2</ele></trkpt>
   <trkpt lat="39.5948680" lon="-120.6514220"><ele>2463.4</ele></trkpt>
   <trkpt lat="39.5948730" lon="-120.6514340"><ele>2462.8</ele></trkpt>
   <trkpt lat="39.5948720" lon="-120.6514460"><ele>2462.4</ele></trkpt>
   <trkpt lat="39.5948640" lon="-120.6514540"><ele>2462.0</ele></trkpt>
   <trkpt lat="39.5948550" lon="-120.6514920"><ele>2461.2</ele></trkpt>
   <trkpt lat="39.5948560" lon="-120.6515000"><ele>2461.0</ele></trkpt>
   <trkpt lat="39.5948570" lon="-120.6515190"><ele>2460.2</ele></trkpt>
   <trkpt lat="39.5948580" lon="-120.6515290"><ele>2460.0</ele></trkpt>
   <trkpt lat="39.5948580" lon="-120.6515530"><ele>2459.0</ele></trkpt>
   <trkpt lat="39.5948570" lon="-120.6515600"><ele>2458.8</ele></trkpt>
   <trkpt lat="39.5948710" lon="-120.6516400"><ele>2457.8</ele></trkpt>
   <trkpt lat="39.5948750" lon="-120.6516500"><ele>2457.2</ele></trkpt>
   <trkpt lat="39.5948890" lon="-120.6516680"><ele>2456.6</ele></trkpt>
   <trkpt lat="39.5949150" lon="-120.6516790"><ele>2456.0</ele></trkpt>
   <trkpt lat="39.5949160" lon="-120.6516830"><ele>2455.8</ele></trkpt>
   <trkpt lat="39.5949170" lon="-120.6516890"><ele>2455.8</ele></trkpt>
   <trkpt lat="39.5949240" lon="-120.6517140"><ele>2455.4</ele></trkpt>
   <trkpt lat="39.5949290" lon="-120.6517540"><ele>2454.6</ele></trkpt>
   <trkpt lat="39.5949270" lon="-120.6517580"><ele>2454.4</ele></trkpt>
   <trkpt lat="39.5949100" lon="-120.6517920"><ele>2453.4</ele></trkpt>
   <trkpt lat="39.5949050" lon="-120.6517970"><ele>2453.4</ele></trkpt>
   <trkpt lat="39.5949000" lon="-120.6518040"><ele>2453.4</ele></trkpt>
   <trkpt lat="39.5948890" lon="-120.6518220"><ele>2453.2</ele></trkpt>
   <trkpt lat="39.5948790" lon="-120.6518550"><ele>2452.0</ele></trkpt>
   <trkpt lat="39.5948770" lon="-120.6518750"><ele>2451.2</ele></trkpt>
   <trkpt lat="39.5948810" lon="-120.6518920"><ele>2451.0</ele></trkpt>
   <trkpt lat="39.5948840" lon="-120.6519240"><ele>2450.6</ele></trkpt>
   <trkpt lat="39.5948800" lon="-120.6519590"><ele>2450.0</ele></trkpt>
   <trkpt lat="39.5948880" lon="-120.6519840"><ele>2449.8</ele></trkpt>
   <trkpt lat="39.5948860" lon="-120.6520140"><ele>2449.0</ele></trkpt>
   <trkpt lat="39.5948640" lon="-120.6520690"><ele>2448.2</ele></trkpt>
   <trkpt lat="39.5948640" lon="-120.6520800"><ele>2448.0</ele></trkpt>
   <trkpt lat="39.5948640" lon="-120.6520890"><ele>2447.8</ele></trkpt>
   <trkpt lat="39.5948470" lon="-120.6521360"><ele>2447.6</ele></trkpt>
   <trkpt lat="39.5948430" lon="-120.6521470"><ele>2447.4</ele></trkpt>
   <trkpt lat="39.5948280" lon="-120.6521640"><ele>2447.2</ele></trkpt>
   <trkpt lat="39.5948230" lon="-120.6521720"><ele>2447.0</ele></trkpt>
   <trkpt lat="39.5948140" lon="-120.6521810"><ele>2446.8</ele></trkpt>
   <trkpt lat="39.5947760" lon="-120.6522530"><ele>2445.8</ele></trkpt>
   <trkpt lat="39.5947620" lon="-120.6522930"><ele>2445.0</ele></trkpt>
   <trkpt lat="39.5947610" lon="-120.6523090"><ele>2444.8</ele></trkpt>
   <trkpt lat="39.5947600" lon="-120.6523220"><ele>2444.6</ele></trkpt>
   <trkpt lat="39.5947640" lon="-120.6523730"><ele>2443.4</ele></trkpt>
   <trkpt lat="39.5947680" lon="-120.6523940"><ele>2443.2</ele></trkpt>
   <trkpt lat="39.5947790" lon="-120.6524240"><ele>2442.4</ele></trkpt>
   <trkpt lat="39.5947930" lon="-120.6525020"><ele>2441.4</ele></trkpt>
   <trkpt lat="39.5948110" lon="-120.6525320"><ele>2440.8</ele></trkpt>
   <trkpt lat="39.5948370" lon="-120.6525660"><ele>2440.0</ele></trkpt>
   <trkpt lat="39.5948620" lon="-120.6525960"><ele>2439.2</ele></trkpt>
   <trkpt lat="39.5948700" lon="-120.6526090"><ele>2439.0</ele></trkpt>
   <trkpt lat="39.5949030" lon="-120.6526490"><ele>2438.0</ele></trkpt>
   <trkpt lat="39.5949070" lon="-120.6526490"><ele>2437.8</ele></trkpt>
   <trkpt lat="39.5949080" lon="-120.6526530"><ele>2437.8</ele></trkpt>
   <trkpt lat="39.5948910" lon="-120.6527210"><ele>2436.6</ele></trkpt>
   <trkpt lat="39.5948790" lon="-120.6527450"><ele>2436.2</ele></trkpt>
   <trkpt lat="39.5948900" lon="-120.6527990"><ele>2435.6</ele></trkpt>
   <trkpt lat="39.5949010" lon="-120.6528020"><ele>2435.6</ele></trkpt>
   <trkpt lat="39.5949180" lon="-120.6528190"><ele>2435.4</ele></trkpt>
   <trkpt lat="39.5949280" lon="-120.6528410"><ele>2434.8</ele></trkpt>
   <trkpt lat="39.5949320" lon="-120.6528540"><ele>2434.4</ele></trkpt>
   <trkpt lat="39.5949550" lon="-120.6529410"><ele>2433.4</ele></trkpt>
   <trkpt lat="39.5949580" lon="-120.6529570"><ele>2433.0</ele></trkpt>
   <trkpt lat="39.5949580" lon="-120.6529720"><ele>2432.6</ele></trkpt>
   <trkpt lat="39.5949600" lon="-120.6529830"><ele>2432.6</ele></trkpt>
   <trkpt lat="39.5949630" lon="-120.6529940"><ele>2432.4</ele></trkpt>
   <trkpt lat="39.5949610" lon="-120.6530010"><ele>2432.4</ele></trkpt>
   <trkpt lat="39.5949610" lon="-120.6530060"><ele>2432.2</ele></trkpt>
   <trkpt lat="39.5949490" lon="-120.6530280"><ele>2432.2</ele></trkpt>
   <trkpt lat="39.5949420" lon="-120.6530350"><ele>2432.0</ele></trkpt>
   <trkpt lat="39.5949240" lon="-120.6530550"><ele>2432.0</ele></trkpt>
   <trkpt lat="39.5949190" lon="-120.6530610"><ele>2432.0</ele></trkpt>
   <trkpt lat="39.5948850" lon="-120.6530970"><ele>2432.4</ele></trkpt>
   <trkpt lat="39.5948780" lon="-120.6531250"><ele>2432.4</ele></trkpt>
   <trkpt lat="39.5948640" lon="-120.6531490"><ele>2431.8</ele></trkpt>
   <trkpt lat="39.5948590" lon="-120.6531520"><ele>2431.8</ele></trkpt>
   <trkpt lat="39.5948540" lon="-120.6531780"><ele>2431.8</ele></trkpt>
   <trkpt lat="39.5948450" lon="-120.6532370"><ele>2431.2</ele></trkpt>
   <trkpt lat="39.5948440" lon="-120.6532450"><ele>2431.2</ele></trkpt>
   <trkpt lat="39.5948560" lon="-120.6533100"><ele>2430.4</ele></trkpt>
   <trkpt lat="39.5948590" lon="-120.6533190"><ele>2430.2</ele></trkpt>
   <trkpt lat="39.5948880" lon="-120.6533440"><ele>2429.8</ele></trkpt>
   <trkpt lat="39.5949100" lon="-120.6533880"><ele>2429.0</ele></trkpt>
   <trkpt lat="39.5949150" lon="-120.6533960"><ele>2428.8</ele></trkpt>
   <trkpt lat="39.5949270" lon="-120.6533980"><ele>2428.8</ele></trkpt>
   <trkpt lat="39.5949630" lon="-120.6534130"><ele>2428.0</ele></trkpt>
   <trkpt lat="39.5949670" lon="-120.6534220"><ele>2428.0</ele></trkpt>
   <trkpt lat="39.5949580" lon="-120.6534660"><ele>2427.8</ele></trkpt>
   <trkpt lat="39.5949700" lon="-120.6535080"><ele>2426.8</ele></trkpt>
   <trkpt lat="39.5949700" lon="-120.6535580"><ele>2426.2</ele></trkpt>
   <trkpt lat="39.5949840" lon="-120.6535890"><ele>2425.8</ele></trkpt>
   <trkpt lat="39.5950000" lon="-120.6536350"><ele>2425.0</ele></trkpt>
   <trkpt lat="39.5950050" lon="-120.6536490"><ele>2424.8</ele></trkpt>
   <trkpt lat="39.5950730" lon="-120.6537160"><ele>2424.0</ele></trkpt>
   <trkpt lat="39.5950900" lon="-120.6537300"><ele>2423.6</ele></trkpt>
   <trkpt lat="39.5951360" lon="-120.6537560"><ele>2422.6</ele></trkpt>
   <trkpt lat="39.5951680" lon="-120.6537770"><ele>2421.4</ele></trkpt>
   <trkpt lat="39.5951810" lon="-120.6537750"><ele>2421.2</ele></trkpt>
   <trkpt lat="39.5952010" lon="-120.6537810"><ele>2421.0</ele></trkpt>
   <trkpt lat="39.5952070" lon="-120.6537830"><ele>2421.0</ele></trkpt>
   <trkpt lat="39.5952170" lon="-120.6537810"><ele>2420.8</ele></trkpt>
   <trkpt lat="39.5952360" lon="-120.6537800"><ele>2420.8</ele></trkpt>
   <trkpt lat="39.5952430" lon="-120.6537750"><ele>2420.8</ele></trkpt>
   <trkpt lat="39.5952450" lon="-120.6537760"><ele>2420.6</ele></trkpt>
   <trkpt lat="39.5952430" lon="-120.6537750"><ele>2420.2</ele></trkpt>
   <trkpt lat="39.5952480" lon="-120.6537650"><ele>2420.0</ele></trkpt>
   <trkpt lat="39.5952480" lon="-120.6537640"><ele>2419.8</ele></trkpt>
   <trkpt lat="39.5952570" lon="-120.6537650"><ele>2420.0</ele></trkpt>
   <trkpt lat="39.5952610" lon="-120.6537670"><ele>2420.4</ele></trkpt>
   <trkpt lat="39.5952680" lon="-120.6537640"><ele>2420.6</ele></trkpt>
   <trkpt lat="39.5953210" lon="-120.6537700"><ele>2420.4</ele></trkpt>
   <trkpt lat="39.5953720" lon="-120.6538590"><ele>2419.4</ele></trkpt>
   <trkpt lat="39.5953930" lon="-120.6539040"><ele>2419.2</ele></trkpt>
   <trkpt lat="39.5954020" lon="-120.6539240"><ele>2419.0</ele></trkpt>
   <trkpt lat="39.5954100" lon="-120.6539440"><ele>2418.6</ele></trkpt>
   <trkpt lat="39.5954210" lon="-120.6539670"><ele>2418.2</ele></trkpt>
   <trkpt lat="39.5954300" lon="-120.6539800"><ele>2418.0</ele></trkpt>
   <trkpt lat="39.5954420" lon="-120.6540180"><ele>2417.4</ele></trkpt>
   <trkpt lat="39.5954440" lon="-120.6540440"><ele>2417.4</ele></trkpt>
   <trkpt lat="39.5954270" lon="-120.6540500"><ele>2418.0</ele></trkpt>
   <trkpt lat="39.5954260" lon="-120.6540600"><ele>2417.4</ele></trkpt>
   <trkpt lat="39.5954250" lon="-120.6540650"><ele>2417.0</ele></trkpt>
   <trkpt lat="39.5954170" lon="-120.6540980"><ele>2416.4</ele></trkpt>
   <trkpt lat="39.5954080" lon="-120.6541280"><ele>2416.0</ele></trkpt>
   <trkpt lat="39.5954170" lon="-120.6541470"><ele>2415.6</ele></trkpt>
   <trkpt lat="39.5954540" lon="-120.6541860"><ele>2415.0</ele></trkpt>
   <trkpt lat="39.5954630" lon="-120.6542060"><ele>2415.0</ele></trkpt>
   <trkpt lat="39.5954690" lon="-120.6542250"><ele>2415.0</ele></trkpt>
   <trkpt lat="39.5954750" lon="-120.6542320"><ele>2414.8</ele></trkpt>
   <trkpt lat="39.5954810" lon="-120.6542400"><ele>2414.8</ele></trkpt>
   <trkpt lat="39.5955010" lon="-120.6542990"><ele>2414.6</ele></trkpt>
   <trkpt lat="39.5955130" lon="-120.6543310"><ele>2414.6</ele></trkpt>
   <trkpt lat="39.5955170" lon="-120.6543400"><ele>2414.6</ele></trkpt>
   <trkpt lat="39.5955270" lon="-120.6543660"><ele>2414.6</ele></trkpt>
   <trkpt lat="39.5955560" lon="-120.6544060"><ele>2414.4</ele></trkpt>
   <trkpt lat="39.5955690" lon="-120.6544180"><ele>2414.2</ele></trkpt>
   <trkpt lat="39.5955810" lon="-120.6544460"><ele>2413.8</ele></trkpt>
   <trkpt lat="39.5955980" lon="-120.6544660"><ele>2413.6</ele></trkpt>
   <trkpt lat="39.5956200" lon="-120.6544980"><ele>2412.6</ele></trkpt>
   <trkpt lat="39.5956780" lon="-120.6545690"><ele>2412.0</ele></trkpt>
   <trkpt lat="39.5957140" lon="-120.6546010"><ele>2411.6</ele></trkpt>
   <trkpt lat="39.5957740" lon="-120.6546750"><ele>2411.6</ele></trkpt>
   <trkpt lat="39.5958020" lon="-120.6547020"><ele>2411.8</ele></trkpt>
   <trkpt lat="39.5958470" lon="-120.6547440"><ele>2411.8</ele></trkpt>
   <trkpt lat="39.5958780" lon="-120.6547720"><ele>2411.6</ele></trkpt>
   <trkpt lat="39.5959930" lon="-120.6548280"><ele>2412.4</ele></trkpt>
   <trkpt lat="39.5960050" lon="-120.6548320"><ele>2412.4</ele></trkpt>
   <trkpt lat="39.5960320" lon="-120.6548370"><ele>2412.4</ele></trkpt>
   <trkpt lat="39.5960570" lon="-120.6548390"><ele>2412.2</ele></trkpt>
   <trkpt lat="39.5960810" lon="-120.6548450"><ele>2412.0</ele></trkpt>
   <trkpt lat="39.5961190" lon="-120.6548800"><ele>2412.2</ele></trkpt>
   <trkpt lat="39.5961460" lon="-120.6549050"><ele>2412.0</ele></trkpt>
   <trkpt lat="39.5961590" lon="-120.6549210"><ele>2411.8</ele></trkpt>
   <trkpt lat="39.5961810" lon="-120.6549610"><ele>2411.4</ele></trkpt>
   <trkpt lat="39.5962040" lon="-120.6549930"><ele>2411.4</ele></trkpt>
   <trkpt lat="39.5962880" lon="-120.6550650"><ele>2411.4</ele></trkpt>
   <trkpt lat="39.5962980" lon="-120.6550730"><ele>2411.4</ele></trkpt>
   <trkpt lat="39.5963110" lon="-120.6550870"><ele>2411.4</ele></trkpt>
   <trkpt lat="39.5963740" lon="-120.6552040"><ele>2411.4</ele></trkpt>
   <trkpt lat="39.5963790" lon="-120.6552150"><ele>2411.4</ele></trkpt>
   <trkpt lat="39.5964390" lon="-120.6553430"><ele>2410.8</ele></trkpt>
   <trkpt lat="39.5964560" lon="-120.6553740"><ele>2410.4</ele></trkpt>
   <trkpt lat="39.5965000" lon="-120.6554090"><ele>2409.4</ele></trkpt>
   <trkpt lat="39.5965480" lon="-120.6554590"><ele>2408.8</ele></trkpt>
   <trkpt lat="39.5965790" lon="-120.6554880"><ele>2409.0</ele></trkpt>
   <trkpt lat="39.5966190" lon="-120.6555250"><ele>2408.2</ele></trkpt>
   <trkpt lat="39.5966340" lon="-120.6555470"><ele>2407.4</ele></trkpt>
   <trkpt lat="39.5966440" lon="-120.6555690"><ele>2407.2</ele></trkpt>
   <trkpt lat="39.5966930" lon="-120.6556020"><ele>2406.2</ele></trkpt>
   <trkpt lat="39.5967240" lon="-120.6556140"><ele>2405.6</ele></trkpt>
   <trkpt lat="39.5967710" lon="-120.6556340"><ele>2405.0</ele></trkpt>
   <trkpt lat="39.5967910" lon="-120.6556430"><ele>2404.4</ele></trkpt>
   <trkpt lat="39.5968240" lon="-120.6556510"><ele>2403.8</ele></trkpt>
   <trkpt lat="39.5968380" lon="-120.6556500"><ele>2403.8</ele></trkpt>
   <trkpt lat="39.5968530" lon="-120.6556380"><ele>2403.8</ele></trkpt>
   <trkpt lat="39.5968650" lon="-120.6556290"><ele>2404.2</ele></trkpt>
   <trkpt lat="39.5968750" lon="-120.6556270"><ele>2404.2</ele></trkpt>
   <trkpt lat="39.5968850" lon="-120.6556290"><ele>2404.2</ele></trkpt>
   <trkpt lat="39.5969060" lon="-120.6556300"><ele>2404.4</ele></trkpt>
   <trkpt lat="39.5969330" lon="-120.6556430"><ele>2404.4</ele></trkpt>
   <trkpt lat="39.5969430" lon="-120.6556520"><ele>2404.4</ele></trkpt>
   <trkpt lat="39.5969520" lon="-120.6556580"><ele>2404.2</ele></trkpt>
   <trkpt lat="39.5970330" lon="-120.6556690"><ele>2403.8</ele></trkpt>
   <trkpt lat="39.5970420" lon="-120.6556700"><ele>2403.8</ele></trkpt>
   <trkpt lat="39.5970500" lon="-120.6556720"><ele>2403.8</ele></trkpt>
   <trkpt lat="39.5970570" lon="-120.6556730"><ele>2403.8</ele></trkpt>
   <trkpt lat="39.5970790" lon="-120.6556820"><ele>2403.8</ele></trkpt>
   <trkpt lat="39.5970830" lon="-120.6556850"><ele>2403.6</ele></trkpt>
   <trkpt lat="39.5970840" lon="-120.6556860"><ele>2403.6</ele></trkpt>
   <trkpt lat="39.5970920" lon="-120.6557020"><ele>2403.4</ele></trkpt>
   <trkpt lat="39.5971150" lon="-120.6557250"><ele>2403.2</ele></trkpt>
   <trkpt lat="39.5971520" lon="-120.6557280"><ele>2402.8</ele></trkpt>
   <trkpt lat="39.5971610" lon="-120.6557170"><ele>2402.8</ele></trkpt>
   <trkpt lat="39.5971740" lon="-120.6556960"><ele>2402.6</ele></trkpt>
   <trkpt lat="39.5971800" lon="-120.6556740"><ele>2402.4</ele></trkpt>
   <trkpt lat="39.5971930" lon="-120.6556570"><ele>2402.6</ele></trkpt>
   <trkpt lat="39.5972000" lon="-120.6556520"><ele>2402.6</ele></trkpt>
   <trkpt lat="39.5972140" lon="-120.6556380"><ele>2402.8</ele></trkpt>
   <trkpt lat="39.5972360" lon="-120.6556360"><ele>2402.8</ele></trkpt>
   <trkpt lat="39.5972650" lon="-120.6556260"><ele>2403.0</ele></trkpt>
   <trkpt lat="39.5972900" lon="-120.6555960"><ele>2403.0</ele></trkpt>
   <trkpt lat="39.5973570" lon="-120.6555380"><ele>2402.6</ele></trkpt>
   <trkpt lat="39.5973850" lon="-120.6555420"><ele>2402.2</ele></trkpt>
   <trkpt lat="39.5974060" lon="-120.6555590"><ele>2401.8</ele></trkpt>
   <trkpt lat="39.5974170" lon="-120.6555680"><ele>2401.6</ele></trkpt>
   <trkpt lat="39.5974380" lon="-120.6556210"><ele>2401.4</ele></trkpt>
   <trkpt lat="39.5974360" lon="-120.6556260"><ele>2401.4</ele></trkpt>
   <trkpt lat="39.5974280" lon="-120.6556380"><ele>2401.6</ele></trkpt>
   <trkpt lat="39.5974040" lon="-120.6556450"><ele>2402.0</ele></trkpt>
   <trkpt lat="39.5973850" lon="-120.6556520"><ele>2402.2</ele></trkpt>
   <trkpt lat="39.5973760" lon="-120.6556760"><ele>2402.0</ele></trkpt>
   <trkpt lat="39.5973670" lon="-120.6557040"><ele>2401.0</ele></trkpt>
   <trkpt lat="39.5973690" lon="-120.6557340"><ele>2400.8</ele></trkpt>
   <trkpt lat="39.5973220" lon="-120.6557960"><ele>2400.4</ele></trkpt>
   <trkpt lat="39.5972410" lon="-120.6558760"><ele>2400.0</ele></trkpt>
   <trkpt lat="39.5972230" lon="-120.6558950"><ele>2399.6</ele></trkpt>
   <trkpt lat="39.5971550" lon="-120.6559880"><ele>2399.6</ele></trkpt>
   <trkpt lat="39.5970820" lon="-120.6560520"><ele>2399.6</ele></trkpt>
   <trkpt lat="39.5970840" lon="-120.6560730"><ele>2399.4</ele></trkpt>
   <trkpt lat="39.5970650" lon="-120.6561100"><ele>2398.8</ele></trkpt>
   <trkpt lat="39.5970540" lon="-120.6561190"><ele>2398.6</ele></trkpt>
   <trkpt lat="39.5970210" lon="-120.6561220"><ele>2398.2</ele></trkpt>
   <trkpt lat="39.5970020" lon="-120.6561270"><ele>2398.4</ele></trkpt>
   <trkpt lat="39.5969840" lon="-120.6561550"><ele>2397.4</ele></trkpt>
   <trkpt lat="39.5969560" lon="-120.6561850"><ele>2397.2</ele></trkpt>
   <trkpt lat="39.5969500" lon="-120.6561930"><ele>2397.2</ele></trkpt>
   <trkpt lat="39.5968910" lon="-120.6562180"><ele>2396.6</ele></trkpt>
   <trkpt lat="39.5968860" lon="-120.6562210"><ele>2396.4</ele></trkpt>
   <trkpt lat="39.5968260" lon="-120.6562560"><ele>2395.4</ele></trkpt>
   <trkpt lat="39.5968230" lon="-120.6562570"><ele>2395.4</ele></trkpt>
   <trkpt lat="39.5967990" lon="-120.6562810"><ele>2395.2</ele></trkpt>
   <trkpt lat="39.5967960" lon="-120.6562810"><ele>2395.0</ele></trkpt>
   <trkpt lat="39.5968110" lon="-120.6562870"><ele>2394.8</ele></trkpt>
   <trkpt lat="39.5968100" lon="-120.6562890"><ele>2394.6</ele></trkpt>
   <trkpt lat="39.5968080" lon="-120.6563000"><ele>2394.8</ele></trkpt>
   <trkpt lat="39.5968080" lon="-120.6562990"><ele>2394.4</ele></trkpt>
   <trkpt lat="39.5968090" lon="-120.6562990"><ele>2394.4</ele></trkpt>
   <trkpt lat="39.5968090" lon="-120.6562990"><ele>2394.4</ele></trkpt>
   <trkpt lat="39.5968080" lon="-120.6563040"><ele>2393.8</ele></trkpt>
   <trkpt lat="39.5968400" lon="-120.6563860"><ele>2393.4</ele></trkpt>
   <trkpt lat="39.5968470" lon="-120.6563950"><ele>2393.4</ele></trkpt>
   <trkpt lat="39.5968540" lon="-120.6564010"><ele>2393.2</ele></trkpt>
   <trkpt lat="39.5968650" lon="-120.6564110"><ele>2393.0</ele></trkpt>
   <trkpt lat="39.5968710" lon="-120.6564210"><ele>2393.0</ele></trkpt>
   <trkpt lat="39.5968820" lon="-120.6564310"><ele>2392.8</ele></trkpt>
   <trkpt lat="39.5968920" lon="-120.6564390"><ele>2392.8</ele></trkpt>
   <trkpt lat="39.5969170" lon="-120.6564520"><ele>2392.6</ele></trkpt>
   <trkpt lat="39.5969260" lon="-120.6564570"><ele>2392.6</ele></trkpt>
   <trkpt lat="39.5969330" lon="-120.6564650"><ele>2392.4</ele></trkpt>
   <trkpt lat="39.5969370" lon="-120.6564760"><ele>2392.2</ele></trkpt>
   <trkpt lat="39.5969400" lon="-120.6564910"><ele>2392.0</ele></trkpt>
   <trkpt lat="39.5969530" lon="-120.6565150"><ele>2391.6</ele></trkpt>
   <trkpt lat="39.5970150" lon="-120.6565600"><ele>2391.2</ele></trkpt>
   <trkpt lat="39.5970490" lon="-120.6565780"><ele>2391.2</ele></trkpt>
   <trkpt lat="39.5970590" lon="-120.6565830"><ele>2391.4</ele></trkpt>
   <trkpt lat="39.5971900" lon="-120.6566400"><ele>2390.4</ele></trkpt>
   <trkpt lat="39.5971960" lon="-120.6566480"><ele>2390.2</ele></trkpt>
   <trkpt lat="39.5972100" lon="-120.6566880"><ele>2389.6</ele></trkpt>
   <trkpt lat="39.5972270" lon="-120.6567490"><ele>2389.0</ele></trkpt>
   <trkpt lat="39.5972250" lon="-120.6567590"><ele>2388.8</ele></trkpt>
   <trkpt lat="39.5972170" lon="-120.6567960"><ele>2388.0</ele></trkpt>
   <trkpt lat="39.5972470" lon="-120.6568620"><ele>2387.2</ele></trkpt>
   <trkpt lat="39.5972670" lon="-120.6568770"><ele>2386.8</ele></trkpt>
   <trkpt lat="39.5973020" lon="-120.6569020"><ele>2385.6</ele></trkpt>
   <trkpt lat="39.5973250" lon="-120.6569110"><ele>2385.4</ele></trkpt>
   <trkpt lat="39.5973560" lon="-120.6569300"><ele>2385.0</ele></trkpt>
   <trkpt lat="39.5973730" lon="-120.6569520"><ele>2384.6</ele></trkpt>
   <trkpt lat="39.5974180" lon="-120.6569760"><ele>2383.6</ele></trkpt>
   <trkpt lat="39.5974410" lon="-120.6569930"><ele>2382.8</ele></trkpt>
   <trkpt lat="39.5974450" lon="-120.6570040"><ele>2382.8</ele></trkpt>
   <trkpt lat="39.5974510" lon="-120.6570120"><ele>2382.6</ele></trkpt>
   <trkpt lat="39.5974610" lon="-120.6570390"><ele>2382.6</ele></trkpt>
   <trkpt lat="39.5974930" lon="-120.6571160"><ele>2381.4</ele></trkpt>
   <trkpt lat="39.5975340" lon="-120.6571780"><ele>2380.4</ele></trkpt>
   <trkpt lat="39.5975840" lon="-120.6572110"><ele>2380.0</ele></trkpt>
   <trkpt lat="39.5976040" lon="-120.6572350"><ele>2379.4</ele></trkpt>
   <trkpt lat="39.5976170" lon="-120.6572880"><ele>2379.2</ele></trkpt>
   <trkpt lat="39.5976200" lon="-120.6573040"><ele>2379.0</ele></trkpt>
   <trkpt lat="39.5976240" lon="-120.6573110"><ele>2378.6</ele></trkpt>
   <trkpt lat="39.5976250" lon="-120.6573170"><ele>2378.4</ele></trkpt>
   <trkpt lat="39.5976240" lon="-120.6573200"><ele>2378.2</ele></trkpt>
   <trkpt lat="39.5976240" lon="-120.6574110"><ele>2377.6</ele></trkpt>
   <trkpt lat="39.5976270" lon="-120.6574250"><ele>2377.6</ele></trkpt>
   <trkpt lat="39.5976330" lon="-120.6574460"><ele>2377.2</ele></trkpt>
   <trkpt lat="39.5976380" lon="-120.6574570"><ele>2377.0</ele></trkpt>
   <trkpt lat="39.5976540" lon="-120.6574780"><ele>2376.6</ele></trkpt>
   <trkpt lat="39.5976710" lon="-120.6574970"><ele>2376.2</ele></trkpt>
   <trkpt lat="39.5976790" lon="-120.6575050"><ele>2376.2</ele></trkpt>
   <trkpt lat="39.5976960" lon="-120.6575180"><ele>2376.0</ele></trkpt>
   <trkpt lat="39.5977120" lon="-120.6575590"><ele>2375.2</ele></trkpt>
   <trkpt lat="39.5977140" lon="-120.6575690"><ele>2374.8</ele></trkpt>
   <trkpt lat="39.5977150" lon="-120.6575780"><ele>2374.6</ele></trkpt>
   <trkpt lat="39.5977270" lon="-120.6576090"><ele>2374.2</ele></trkpt>
   <trkpt lat="39.5977610" lon="-120.6576590"><ele>2374.0</ele></trkpt>
   <trkpt lat="39.5977860" lon="-120.6576820"><ele>2373.8</ele></trkpt>
   <trkpt lat="39.5977970" lon="-120.6576960"><ele>2373.4</ele></trkpt>
   <trkpt lat="39.5978190" lon="-120.6577290"><ele>2372.6</ele></trkpt>
   <trkpt lat="39.5978250" lon="-120.6577880"><ele>2372.0</ele></trkpt>
   <trkpt lat="39.5978240" lon="-120.6577970"><ele>2372.0</ele></trkpt>
   <trkpt lat="39.5978170" lon="-120.6578130"><ele>2372.0</ele></trkpt>
   <trkpt lat="39.5977980" lon="-120.6578370"><ele>2372.2</ele></trkpt>
   <trkpt lat="39.5977740" lon="-120.6578680"><ele>2372.4</ele></trkpt>
   <trkpt lat="39.5977520" lon="-120.6578960"><ele>2372.4</ele></trkpt>
   <trkpt lat="39.5977420" lon="-120.6579610"><ele>2371.6</ele></trkpt>
   <trkpt lat="39.5977400" lon="-120.6580310"><ele>2371.4</ele></trkpt>
   <trkpt lat="39.5977340" lon="-120.6580670"><ele>2371.2</ele></trkpt>
   <trkpt lat="39.5977300" lon="-120.6580900"><ele>2371.2</ele></trkpt>
   <trkpt lat="39.5977350" lon="-120.6581260"><ele>2371.0</ele></trkpt>
   <trkpt lat="39.5977330" lon="-120.6581450"><ele>2370.6</ele></trkpt>
   <trkpt lat="39.5977320" lon="-120.6581510"><ele>2370.4</ele></trkpt>
   <trkpt lat="39.5977470" lon="-120.6581980"><ele>2370.0</ele></trkpt>
   <trkpt lat="39.5977650" lon="-120.6582320"><ele>2369.2</ele></trkpt>
   <trkpt lat="39.5977750" lon="-120.6582460"><ele>2369.0</ele></trkpt>
   <trkpt lat="39.5977770" lon="-120.6582900"><ele>2368.6</ele></trkpt>
   <trkpt lat="39.5977620" lon="-120.6583460"><ele>2368.2</ele></trkpt>
   <trkpt lat="39.5977040" lon="-120.6583970"><ele>2367.0</ele></trkpt>
   <trkpt lat="39.5976730" lon="-120.6584160"><ele>2366.8</ele></trkpt>
   <trkpt lat="39.5976620" lon="-120.6584190"><ele>2366.6</ele></trkpt>
   <trkpt lat="39.5976440" lon="-120.6584180"><ele>2366.0</ele></trkpt>
   <trkpt lat="39.5976200" lon="-120.6584260"><ele>2365.6</ele></trkpt>
   <trkpt lat="39.5976120" lon="-120.6584370"><ele>2365.4</ele></trkpt>
   <trkpt lat="39.5976060" lon="-120.6584420"><ele>2365.2</ele></trkpt>
   <trkpt lat="39.5975970" lon="-120.6584430"><ele>2365.0</ele></trkpt>
   <trkpt lat="39.5975930" lon="-120.6584440"><ele>2364.8</ele></trkpt>
   <trkpt lat="39.5975830" lon="-120.6584440"><ele>2364.8</ele></trkpt>
   <trkpt lat="39.5975730" lon="-120.6584450"><ele>2364.6</ele></trkpt>
   <trkpt lat="39.5975600" lon="-120.6584500"><ele>2364.2</ele></trkpt>
   <trkpt lat="39.5975290" lon="-120.6584510"><ele>2363.6</ele></trkpt>
   <trkpt lat="39.5975210" lon="-120.6584540"><ele>2363.6</ele></trkpt>
   <trkpt lat="39.5975130" lon="-120.6584720"><ele>2363.4</ele></trkpt>
   <trkpt lat="39.5975100" lon="-120.6584900"><ele>2363.0</ele></trkpt>
   <trkpt lat="39.5975070" lon="-120.6584980"><ele>2362.6</ele></trkpt>
   <trkpt lat="39.5974810" lon="-120.6585310"><ele>2361.6</ele></trkpt>
   <trkpt lat="39.5974680" lon="-120.6585540"><ele>2361.2</ele></trkpt>
   <trkpt lat="39.5974670" lon="-120.6585670"><ele>2361.0</ele></trkpt>
   <trkpt lat="39.5974670" lon="-120.6585840"><ele>2360.8</ele></trkpt>
   <trkpt lat="39.5974620" lon="-120.6585960"><ele>2360.4</ele></trkpt>
   <trkpt lat="39.5974600" lon="-120.6586080"><ele>2360.2</ele></trkpt>
   <trkpt lat="39.5974620" lon="-120.6586170"><ele>2360.0</ele></trkpt>
   <trkpt lat="39.5974660" lon="-120.6586380"><ele>2359.4</ele></trkpt>
   <trkpt lat="39.5974680" lon="-120.6586480"><ele>2359.2</ele></trkpt>
   <trkpt lat="39.5974700" lon="-120.6586590"><ele>2358.8</ele></trkpt>
   <trkpt lat="39.5974730" lon="-120.6586790"><ele>2358.4</ele></trkpt>
   <trkpt lat="39.5974780" lon="-120.6587130"><ele>2357.6</ele></trkpt>
   <trkpt lat="39.5974850" lon="-120.6587320"><ele>2357.2</ele></trkpt>
   <trkpt lat="39.5974970" lon="-120.6587640"><ele>2356.2</ele></trkpt>
   <trkpt lat="39.5975130" lon="-120.6587930"><ele>2355.2</ele></trkpt>
   <trkpt lat="39.5975180" lon="-120.6588050"><ele>2355.0</ele></trkpt>
   <trkpt lat="39.5975270" lon="-120.6588170"><ele>2354.8</ele></trkpt>
   <trkpt lat="39.5975440" lon="-120.6588450"><ele>2354.4</ele></trkpt>
   <trkpt lat="39.5975630" lon="-120.6588640"><ele>2353.8</ele></trkpt>
   <trkpt lat="39.5975660" lon="-120.6588700"><ele>2353.6</ele></trkpt>
   <trkpt lat="39.5975680" lon="-120.6588740"><ele>2353.4</ele></trkpt>
   <trkpt lat="39.5975720" lon="-120.6588760"><ele>2353.4</ele></trkpt>
   <trkpt lat="39.5975740" lon="-120.6589040"><ele>2352.6</ele></trkpt>
   <trkpt lat="39.5975880" lon="-120.6589410"><ele>2351.6</ele></trkpt>
   <trkpt lat="39.5976040" lon="-120.6589550"><ele>2351.2</ele></trkpt>
   <trkpt lat="39.5976130" lon="-120.6589640"><ele>2350.8</ele></trkpt>
   <trkpt lat="39.5976280" lon="-120.6589720"><ele>2350.4</ele></trkpt>
   <trkpt lat="39.5976440" lon="-120.6589800"><ele>2349.8</ele></trkpt>
   <trkpt lat="39.5976520" lon="-120.6589800"><ele>2349.4</ele></trkpt>
   <trkpt lat="39.5976600" lon="-120.6589840"><ele>2349.0</ele></trkpt>
   <trkpt lat="39.5976660" lon="-120.6589870"><ele>2348.8</ele></trkpt>
   <trkpt lat="39.5976870" lon="-120.6589960"><ele>2348.2</ele></trkpt>
   <trkpt lat="39.5976900" lon="-120.6590030"><ele>2348.0</ele></trkpt>
   <trkpt lat="39.5976930" lon="-120.6590220"><ele>2347.8</ele></trkpt>
   <trkpt lat="39.5976960" lon="-120.6590450"><ele>2347.6</ele></trkpt>
   <trkpt lat="39.5976990" lon="-120.6590520"><ele>2347.4</ele></trkpt>
   <trkpt lat="39.5977070" lon="-120.6590640"><ele>2347.0</ele></trkpt>
   <trkpt lat="39.5977120" lon="-120.6590710"><ele>2346.4</ele></trkpt>
   <trkpt lat="39.5977170" lon="-120.6590750"><ele>2345.8</ele></trkpt>
   <trkpt lat="39.5977420" lon="-120.6590970"><ele>2344.8</ele></trkpt>
   <trkpt lat="39.5977840" lon="-120.6591400"><ele>2343.8</ele></trkpt>
   <trkpt lat="39.5977910" lon="-120.6591470"><ele>2343.6</ele></trkpt>
   <trkpt lat="39.5977950" lon="-120.6591540"><ele>2343.6</ele></trkpt>
   <trkpt lat="39.5978000" lon="-120.6591590"><ele>2343.6</ele></trkpt>
   <trkpt lat="39.5977990" lon="-120.6591630"><ele>2343.4</ele></trkpt>
   <trkpt lat="39.5978210" lon="-120.6591900"><ele>2342.6</ele></trkpt>
   <trkpt lat="39.5978260" lon="-120.6591970"><ele>2342.6</ele></trkpt>
   <trkpt lat="39.5978470" lon="-120.6592200"><ele>2342.0</ele></trkpt>
   <trkpt lat="39.5978520" lon="-120.6592260"><ele>2341.6</ele></trkpt>
   <trkpt lat="39.5978650" lon="-120.6592710"><ele>2340.4</ele></trkpt>
   <trkpt lat="39.5978670" lon="-120.6592790"><ele>2340.4</ele></trkpt>
   <trkpt lat="39.5978530" lon="-120.6593000"><ele>2340.6</ele></trkpt>
   <trkpt lat="39.5978460" lon="-120.6592980"><ele>2340.0</ele></trkpt>
   <trkpt lat="39.5978450" lon="-120.6592960"><ele>2339.8</ele></trkpt>
   <trkpt lat="39.5978410" lon="-120.6592910"><ele>2339.4</ele></trkpt>
   <trkpt lat="39.5978410" lon="-120.6593000"><ele>2339.0</ele></trkpt>
   <trkpt lat="39.5978340" lon="-120.6593170"><ele>2338.6</ele></trkpt>
   <trkpt lat="39.5978370" lon="-120.6593290"><ele>2338.8</ele></trkpt>
   <trkpt lat="39.5978400" lon="-120.6593340"><ele>2338.8</ele></trkpt>
   <trkpt lat="39.5978440" lon="-120.6593410"><ele>2339.0</ele></trkpt>
   <trkpt lat="39.5978460" lon="-120.6593540"><ele>2339.2</ele></trkpt>
   <trkpt lat="39.5978400" lon="-120.6593760"><ele>2338.2</ele></trkpt>
   <trkpt lat="39.5978210" lon="-120.6593910"><ele>2338.0</ele></trkpt>
   <trkpt lat="39.5978140" lon="-120.6594100"><ele>2337.8</ele></trkpt>
   <trkpt lat="39.5978100" lon="-120.6594280"><ele>2337.2</ele></trkpt>
   <trkpt lat="39.5978130" lon="-120.6594380"><ele>2336.8</ele></trkpt>
   <trkpt lat="39.5978200" lon="-120.6594480"><ele>2336.6</ele></trkpt>
   <trkpt lat="39.5978280" lon="-120.6594580"><ele>2336.0</ele></trkpt>
   <trkpt lat="39.5978400" lon="-120.6594870"><ele>2335.2</ele></trkpt>
   <trkpt lat="39.5978450" lon="-120.6594930"><ele>2335.0</ele></trkpt>
   <trkpt lat="39.5978470" lon="-120.6595010"><ele>2334.6</ele></trkpt>
   <trkpt lat="39.5978480" lon="-120.6595040"><ele>2334.2</ele></trkpt>
   <trkpt lat="39.5978550" lon="-120.6595150"><ele>2333.8</ele></trkpt>
   <trkpt lat="39.5978690" lon="-120.6595380"><ele>2332.6</ele></trkpt>
   <trkpt lat="39.5978870" lon="-120.6595530"><ele>2332.4</ele></trkpt>
   <trkpt lat="39.5979270" lon="-120.6596030"><ele>2331.4</ele></trkpt>
   <trkpt lat="39.5979440" lon="-120.6596150"><ele>2331.2</ele></trkpt>
   <trkpt lat="39.5979570" lon="-120.6596280"><ele>2331.0</ele></trkpt>
   <trkpt lat="39.5979750" lon="-120.6596440"><ele>2330.8</ele></trkpt>
   <trkpt lat="39.5979850" lon="-120.6596560"><ele>2330.4</ele></trkpt>
   <trkpt lat="39.5979960" lon="-120.6596730"><ele>2329.8</ele></trkpt>
   <trkpt lat="39.5980040" lon="-120.6596880"><ele>2329.0</ele></trkpt>
   <trkpt lat="39.5980170" lon="-120.6597190"><ele>2328.2</ele></trkpt>
   <trkpt lat="39.5980200" lon="-120.6597290"><ele>2328.0</ele></trkpt>
   <trkpt lat="39.5980280" lon="-120.6597450"><ele>2327.4</ele></trkpt>
   <trkpt lat="39.5980320" lon="-120.6597500"><ele>2327.0</ele></trkpt>
   <trkpt lat="39.5980630" lon="-120.6597560"><ele>2326.0</ele></trkpt>
   <trkpt lat="39.5980950" lon="-120.6597450"><ele>2325.0</ele></trkpt>
   <trkpt lat="39.5980960" lon="-120.6597440"><ele>2324.8</ele></trkpt>
   <trkpt lat="39.5981510" lon="-120.6597590"><ele>2324.2</ele></trkpt>
   <trkpt lat="39.5981560" lon="-120.6597650"><ele>2324.2</ele></trkpt>
   <trkpt lat="39.5981640" lon="-120.6597860"><ele>2323.6</ele></trkpt>
   <trkpt lat="39.5981810" lon="-120.6598240"><ele>2323.2</ele></trkpt>
   <trkpt lat="39.5981890" lon="-120.6598350"><ele>2323.0</ele></trkpt>
   <trkpt lat="39.5981950" lon="-120.6598450"><ele>2323.0</ele></trkpt>
   <trkpt lat="39.5982070" lon="-120.6598680"><ele>2322.6</ele></trkpt>
   <trkpt lat="39.5982260" lon="-120.6598990"><ele>2322.0</ele></trkpt>
   <trkpt lat="39.5982370" lon="-120.6599100"><ele>2322.0</ele></trkpt>
   <trkpt lat="39.5982590" lon="-120.6599380"><ele>2321.2</ele></trkpt>
   <trkpt lat="39.5982690" lon="-120.6599630"><ele>2320.6</ele></trkpt>
   <trkpt lat="39.5982970" lon="-120.6599990"><ele>2320.4</ele></trkpt>
   <trkpt lat="39.5983170" lon="-120.6600070"><ele>2320.2</ele></trkpt>
   <trkpt lat="39.5983250" lon="-120.6600140"><ele>2320.0</ele></trkpt>
   <trkpt lat="39.5983590" lon="-120.6600670"><ele>2319.0</ele></trkpt>
   <trkpt lat="39.5983900" lon="-120.6601110"><ele>2319.0</ele></trkpt>
   <trkpt lat="39.5984200" lon="-120.6601460"><ele>2317.6</ele></trkpt>
   <trkpt lat="39.5984610" lon="-120.6601830"><ele>2316.8</ele></trkpt>
   <trkpt lat="39.5984670" lon="-120.6601880"><ele>2316.8</ele></trkpt>
   <trkpt lat="39.5984760" lon="-120.6601870"><ele>2316.6</ele></trkpt>
   <trkpt lat="39.5985290" lon="-120.6601990"><ele>2315.6</ele></trkpt>
   <trkpt lat="39.5985430" lon="-120.6602050"><ele>2315.2</ele></trkpt>
   <trkpt lat="39.5985510" lon="-120.6602170"><ele>2315.0</ele></trkpt>
   <trkpt lat="39.5985700" lon="-120.6602320"><ele>2314.8</ele></trkpt>
   <trkpt lat="39.5985910" lon="-120.6602470"><ele>2314.8</ele></trkpt>
   <trkpt lat="39.5986060" lon="-120.6602680"><ele>2314.4</ele></trkpt>
   <trkpt lat="39.5986340" lon="-120.6602890"><ele>2314.0</ele></trkpt>
   <trkpt lat="39.5986370" lon="-120.6602970"><ele>2313.8</ele></trkpt>
   <trkpt lat="39.5986420" lon="-120.6603050"><ele>2313.6</ele></trkpt>
   <trkpt lat="39.5986550" lon="-120.6603240"><ele>2313.4</ele></trkpt>
   <trkpt lat="39.5986880" lon="-120.6603450"><ele>2312.8</ele></trkpt>
   <trkpt lat="39.5986970" lon="-120.6603560"><ele>2312.6</ele></trkpt>
   <trkpt lat="39.5987140" lon="-120.6603660"><ele>2312.4</ele></trkpt>
   <trkpt lat="39.5987230" lon="-120.6603710"><ele>2312.2</ele></trkpt>
   <trkpt lat="39.5987410" lon="-120.6603900"><ele>2312.0</ele></trkpt>
   <trkpt lat="39.5987530" lon="-120.6604220"><ele>2311.8</ele></trkpt>
   <trkpt lat="39.5987780" lon="-120.6604540"><ele>2311.4</ele></trkpt>
   <trkpt lat="39.5988240" lon="-120.6604770"><ele>2311.0</ele></trkpt>
   <trkpt lat="39.5988810" lon="-120.6604780"><ele>2310.8</ele></trkpt>
   <trkpt lat="39.5989250" lon="-120.6604880"><ele>2310.2</ele></trkpt>
   <trkpt lat="39.5989420" lon="-120.6604930"><ele>2310.0</ele></trkpt>
   <trkpt lat="39.5990240" lon="-120.6605250"><ele>2309.2</ele></trkpt>
   <trkpt lat="39.5990460" lon="-120.6605310"><ele>2309.2</ele></trkpt>
   <trkpt lat="39.5990560" lon="-120.6605340"><ele>2308.8</ele></trkpt>
   <trkpt lat="39.5990660" lon="-120.6605390"><ele>2308.4</ele></trkpt>
   <trkpt lat="39.5990740" lon="-120.6605450"><ele>2308.0</ele></trkpt>
   <trkpt lat="39.5991200" lon="-120.6605720"><ele>2307.0</ele></trkpt>
   <trkpt lat="39.5991450" lon="-120.6606140"><ele>2306.8</ele></trkpt>
   <trkpt lat="39.5991550" lon="-120.6606320"><ele>2306.8</ele></trkpt>
   <trkpt lat="39.5991600" lon="-120.6606420"><ele>2306.6</ele></trkpt>
   <trkpt lat="39.5991810" lon="-120.6606860"><ele>2306.0</ele></trkpt>
   <trkpt lat="39.5991960" lon="-120.6607340"><ele>2305.4</ele></trkpt>
   <trkpt lat="39.5992130" lon="-120.6607810"><ele>2305.0</ele></trkpt>
   <trkpt lat="39.5992400" lon="-120.6608250"><ele>2303.8</ele></trkpt>
   <trkpt lat="39.5992540" lon="-120.6608520"><ele>2303.6</ele></trkpt>
   <trkpt lat="39.5993180" lon="-120.6609980"><ele>2302.6</ele></trkpt>
   <trkpt lat="39.5993350" lon="-120.6610520"><ele>2302.6</ele></trkpt>
   <trkpt lat="39.5993630" lon="-120.6611340"><ele>2302.2</ele></trkpt>
   <trkpt lat="39.5993730" lon="-120.6611590"><ele>2301.6</ele></trkpt>
   <trkpt lat="39.5993960" lon="-120.6612110"><ele>2300.6</ele></trkpt>
   <trkpt lat="39.5994010" lon="-120.6612200"><ele>2300.6</ele></trkpt>
   <trkpt lat="39.5994230" lon="-120.6612890"><ele>2300.2</ele></trkpt>
   <trkpt lat="39.5994300" lon="-120.6613000"><ele>2300.0</ele></trkpt>
   <trkpt lat="39.5994900" lon="-120.6613720"><ele>2299.6</ele></trkpt>
   <trkpt lat="39.5994980" lon="-120.6613820"><ele>2299.4</ele></trkpt>
   <trkpt lat="39.5995150" lon="-120.6614040"><ele>2298.6</ele></trkpt>
   <trkpt lat="39.5995220" lon="-120.6614170"><ele>2298.4</ele></trkpt>
   <trkpt lat="39.5995530" lon="-120.6614480"><ele>2297.0</ele></trkpt>
   <trkpt lat="39.5996330" lon="-120.6614960"><ele>2296.0</ele></trkpt>
   <trkpt lat="39.5996540" lon="-120.6615070"><ele>2295.6</ele></trkpt>
   <trkpt lat="39.5996670" lon="-120.6615130"><ele>2295.6</ele></trkpt>
   <trkpt lat="39.5996920" lon="-120.6615370"><ele>2295.2</ele></trkpt>
   <trkpt lat="39.5997080" lon="-120.6615580"><ele>2294.6</ele></trkpt>
   <trkpt lat="39.5997140" lon="-120.6615680"><ele>2294.4</ele></trkpt>
   <trkpt lat="39.5997200" lon="-120.6615760"><ele>2294.0</ele></trkpt>
   <trkpt lat="39.5997330" lon="-120.6615870"><ele>2293.6</ele></trkpt>
   <trkpt lat="39.5997420" lon="-120.6615940"><ele>2293.4</ele></trkpt>
   <trkpt lat="39.5997890" lon="-120.6616160"><ele>2293.4</ele></trkpt>
   <trkpt lat="39.5998310" lon="-120.6616370"><ele>2292.2</ele></trkpt>
   <trkpt lat="39.5998670" lon="-120.6616500"><ele>2291.6</ele></trkpt>
   <trkpt lat="39.5998850" lon="-120.6616550"><ele>2291.2</ele></trkpt>
   <trkpt lat="39.5998900" lon="-120.6616550"><ele>2291.0</ele></trkpt>
   <trkpt lat="39.5999120" lon="-120.6616490"><ele>2290.2</ele></trkpt>
   <trkpt lat="39.5999200" lon="-120.6616470"><ele>2290.0</ele></trkpt>
   <trkpt lat="39.5999370" lon="-120.6616500"><ele>2289.6</ele></trkpt>
   <trkpt lat="39.5999540" lon="-120.6616610"><ele>2289.4</ele></trkpt>
   <trkpt lat="39.5999740" lon="-120.6616640"><ele>2289.0</ele></trkpt>
   <trkpt lat="39.6000110" lon="-120.6616570"><ele>2287.8</ele></trkpt>
   <trkpt lat="39.6000150" lon="-120.6616540"><ele>2287.6</ele></trkpt>
   <trkpt lat="39.6000190" lon="-120.6616510"><ele>2286.8</ele></trkpt>
   <trkpt lat="39.6000220" lon="-120.6616480"><ele>2286.8</ele></trkpt>
   <trkpt lat="39.6000340" lon="-120.6616420"><ele>2286.6</ele></trkpt>
   <trkpt lat="39.6000810" lon="-120.6616460"><ele>2286.4</ele></trkpt>
   <trkpt lat="39.6001280" lon="-120.6616650"><ele>2285.8</ele></trkpt>
   <trkpt lat="39.6001420" lon="-120.6616690"><ele>2285.4</ele></trkpt>
   <trkpt lat="39.6001780" lon="-120.6616760"><ele>2284.6</ele></trkpt>
   <trkpt lat="39.6001870" lon="-120.6616820"><ele>2284.2</ele></trkpt>
   <trkpt lat="39.6001990" lon="-120.6616880"><ele>2283.4</ele></trkpt>
   <trkpt lat="39.6002040" lon="-120.6616890"><ele>2283.0</ele></trkpt>
   <trkpt lat="39.6002110" lon="-120.6616900"><ele>2282.8</ele></trkpt>
   <trkpt lat="39.6002190" lon="-120.6616910"><ele>2282.6</ele></trkpt>
   <trkpt lat="39.6002320" lon="-120.6616940"><ele>2282.2</ele></trkpt>
   <trkpt lat="39.6002460" lon="-120.6616950"><ele>2281.8</ele></trkpt>
   <trkpt lat="39.6002690" lon="-120.6616990"><ele>2281.2</ele></trkpt>
   <trkpt lat="39.6002810" lon="-120.6617010"><ele>2280.8</ele></trkpt>
   <trkpt lat="39.6002900" lon="-120.6616960"><ele>2280.6</ele></trkpt>
   <trkpt lat="39.6003130" lon="-120.6616770"><ele>2280.0</ele></trkpt>
   <trkpt lat="39.6003210" lon="-120.6616740"><ele>2279.8</ele></trkpt>
   <trkpt lat="39.6003370" lon="-120.6616800"><ele>2279.2</ele></trkpt>
   <trkpt lat="39.6003610" lon="-120.6616810"><ele>2278.4</ele></trkpt>
   <trkpt lat="39.6003640" lon="-120.6616800"><ele>2278.4</ele></trkpt>
   <trkpt lat="39.6003710" lon="-120.6616820"><ele>2278.2</ele></trkpt>
   <trkpt lat="39.6003870" lon="-120.6616910"><ele>2277.8</ele></trkpt>
   <trkpt lat="39.6003990" lon="-120.6617090"><ele>2277.8</ele></trkpt>
   <trkpt lat="39.6004030" lon="-120.6617190"><ele>2277.8</ele></trkpt>
   <trkpt lat="39.6004150" lon="-120.6617430"><ele>2277.4</ele></trkpt>
   <trkpt lat="39.6004260" lon="-120.6617550"><ele>2277.0</ele></trkpt>
   <trkpt lat="39.6004330" lon="-120.6617650"><ele>2277.0</ele></trkpt>
   <trkpt lat="39.6004610" lon="-120.6617810"><ele>2276.4</ele></trkpt>
   <trkpt lat="39.6004760" lon="-120.6617910"><ele>2275.8</ele></trkpt>
   <trkpt lat="39.6005030" lon="-120.6618030"><ele>2274.8</ele></trkpt>
   <trkpt lat="39.6005120" lon="-120.6618080"><ele>2274.6</ele></trkpt>
   <trkpt lat="39.6005320" lon="-120.6618200"><ele>2274.6</ele></trkpt>
   <trkpt lat="39.6006000" lon="-120.6618040"><ele>2274.6</ele></trkpt>
   <trkpt lat="39.6006360" lon="-120.6617690"><ele>2273.6</ele></trkpt>
   <trkpt lat="39.6006660" lon="-120.6617630"><ele>2272.6</ele></trkpt>
   <trkpt lat="39.6006740" lon="-120.6617650"><ele>2272.6</ele></trkpt>
   <trkpt lat="39.6006860" lon="-120.6617690"><ele>2272.6</ele></trkpt>
   <trkpt lat="39.6007590" lon="-120.6618020"><ele>2271.4</ele></trkpt>
   <trkpt lat="39.6007850" lon="-120.6618120"><ele>2271.0</ele></trkpt>
   <trkpt lat="39.6008060" lon="-120.6618210"><ele>2270.2</ele></trkpt>
   <trkpt lat="39.6008480" lon="-120.6618300"><ele>2269.2</ele></trkpt>
   <trkpt lat="39.6008960" lon="-120.6618310"><ele>2268.4</ele></trkpt>
   <trkpt lat="39.6009170" lon="-120.6618360"><ele>2268.0</ele></trkpt>
   <trkpt lat="39.6009640" lon="-120.6618440"><ele>2267.8</ele></trkpt>
   <trkpt lat="39.6009820" lon="-120.6618480"><ele>2267.6</ele></trkpt>
   <trkpt lat="39.6009870" lon="-120.6618450"><ele>2267.6</ele></trkpt>
   <trkpt lat="39.6009920" lon="-120.6618390"><ele>2267.4</ele></trkpt>
   <trkpt lat="39.6010010" lon="-120.6618330"><ele>2267.4</ele></trkpt>
   <trkpt lat="39.6010110" lon="-120.6618240"><ele>2267.0</ele></trkpt>
   <trkpt lat="39.6010230" lon="-120.6618090"><ele>2266.4</ele></trkpt>
   <trkpt lat="39.6010670" lon="-120.6618130"><ele>2265.8</ele></trkpt>
   <trkpt lat="39.6010730" lon="-120.6618140"><ele>2265.6</ele></trkpt>
   <trkpt lat="39.6011030" lon="-120.6618160"><ele>2265.2</ele></trkpt>
   <trkpt lat="39.6011280" lon="-120.6618240"><ele>2265.2</ele></trkpt>
   <trkpt lat="39.6011380" lon="-120.6618250"><ele>2265.2</ele></trkpt>
   <trkpt lat="39.6011740" lon="-120.6618290"><ele>2264.8</ele></trkpt>
   <trkpt lat="39.6012140" lon="-120.6618310"><ele>2264.4</ele></trkpt>
   <trkpt lat="39.6012430" lon="-120.6618340"><ele>2264.4</ele></trkpt>
   <trkpt lat="39.6013160" lon="-120.6618160"><ele>2263.8</ele></trkpt>
   <trkpt lat="39.6013460" lon="-120.6618090"><ele>2263.2</ele></trkpt>
   <trkpt lat="39.6013540" lon="-120.6618110"><ele>2263.2</ele></trkpt>
   <trkpt lat="39.6013630" lon="-120.6618140"><ele>2263.0</ele></trkpt>
   <trkpt lat="39.6013840" lon="-120.6618160"><ele>2262.8</ele></trkpt>
   <trkpt lat="39.6014210" lon="-120.6618280"><ele>2262.2</ele></trkpt>
   <trkpt lat="39.6014280" lon="-120.6618330"><ele>2262.0</ele></trkpt>
   <trkpt lat="39.6014830" lon="-120.6618460"><ele>2261.8</ele></trkpt>
   <trkpt lat="39.6015270" lon="-120.6618570"><ele>2260.8</ele></trkpt>
   <trkpt lat="39.6015890" lon="-120.6618820"><ele>2260.0</ele></trkpt>
   <trkpt lat="39.6015980" lon="-120.6618840"><ele>2260.0</ele></trkpt>
   <trkpt lat="39.6016230" lon="-120.6618880"><ele>2259.8</ele></trkpt>
   <trkpt lat="39.6016510" lon="-120.6618920"><ele>2260.0</ele></trkpt>
   <trkpt lat="39.6016850" lon="-120.6619070"><ele>2259.8</ele></trkpt>
   <trkpt lat="39.6016950" lon="-120.6619130"><ele>2259.6</ele></trkpt>
   <trkpt lat="39.6017050" lon="-120.6619160"><ele>2259.4</ele></trkpt>
   <trkpt lat="39.6017510" lon="-120.6619240"><ele>2258.6</ele></trkpt>
   <trkpt lat="39.6018100" lon="-120.6619170"><ele>2258.4</ele></trkpt>
   <trkpt lat="39.6018340" lon="-120.6618970"><ele>2258.2</ele></trkpt>
   <trkpt lat="39.6018630" lon="-120.6618460"><ele>2257.8</ele></trkpt>
   <trkpt lat="39.6018800" lon="-120.6618240"><ele>2257.4</ele></trkpt>
   <trkpt lat="39.6018930" lon="-120.6617940"><ele>2256.2</ele></trkpt>
   <trkpt lat="39.6019010" lon="-120.6617530"><ele>2255.2</ele></trkpt>
   <trkpt lat="39.6018830" lon="-120.6616620"><ele>2254.0</ele></trkpt>
   <trkpt lat="39.6017660" lon="-120.6615730"><ele>2253.2</ele></trkpt>
   <trkpt lat="39.6017580" lon="-120.6615650"><ele>2253.2</ele></trkpt>
   <trkpt lat="39.6017370" lon="-120.6615480"><ele>2253.0</ele></trkpt>
   <trkpt lat="39.6016640" lon="-120.6614870"><ele>2252.6</ele></trkpt>
   <trkpt lat="39.6016270" lon="-120.6614610"><ele>2252.4</ele></trkpt>
   <trkpt lat="39.6016160" lon="-120.6614550"><ele>2252.2</ele></trkpt>
   <trkpt lat="39.6016070" lon="-120.6614480"><ele>2252.2</ele></trkpt>
   <trkpt lat="39.6015980" lon="-120.6614430"><ele>2252.0</ele></trkpt>
   <trkpt lat="39.6015750" lon="-120.6614260"><ele>2251.2</ele></trkpt>
   <trkpt lat="39.6015550" lon="-120.6614220"><ele>2251.0</ele></trkpt>
   <trkpt lat="39.6015330" lon="-120.6614090"><ele>2251.0</ele></trkpt>
   <trkpt lat="39.6014520" lon="-120.6613540"><ele>2250.6</ele></trkpt>
   <trkpt lat="39.6014440" lon="-120.6613480"><ele>2250.4</ele></trkpt>
   <trkpt lat="39.6014270" lon="-120.6613400"><ele>2250.2</ele></trkpt>
   <trkpt lat="39.6014090" lon="-120.6613310"><ele>2249.8</ele></trkpt>
   <trkpt lat="39.6013870" lon="-120.6613180"><ele>2249.4</ele></trkpt>
   <trkpt lat="39.6013500" lon="-120.6612990"><ele>2249.0</ele></trkpt>
   <trkpt lat="39.6013120" lon="-120.6612640"><ele>2248.6</ele></trkpt>
   <trkpt lat="39.6012940" lon="-120.6612480"><ele>2247.6</ele></trkpt>
   <trkpt lat="39.6012950" lon="-120.6612480"><ele>2247.6</ele></trkpt>
   <trkpt lat="39.6013080" lon="-120.6612550"><ele>2247.2</ele></trkpt>
   <trkpt lat="39.6013560" lon="-120.6612720"><ele>2247.0</ele></trkpt>
   <trkpt lat="39.6013990" lon="-120.6612940"><ele>2247.0</ele></trkpt>
   <trkpt lat="39.6014630" lon="-120.6613190"><ele>2246.8</ele></trkpt>
   <trkpt lat="39.6015200" lon="-120.6613200"><ele>2246.6</ele></trkpt>
   <trkpt lat="39.6015320" lon="-120.6613190"><ele>2246.4</ele></trkpt>
   <trkpt lat="39.6015660" lon="-120.6613210"><ele>2245.2</ele></trkpt>
   <trkpt lat="39.6015980" lon="-120.6613280"><ele>2244.8</ele></trkpt>
   <trkpt lat="39.6016080" lon="-120.6613260"><ele>2244.8</ele></trkpt>
   <trkpt lat="39.6016650" lon="-120.6613330"><ele>2244.8</ele></trkpt>
   <trkpt lat="39.6016950" lon="-120.6613440"><ele>2244.6</ele></trkpt>
   <trkpt lat="39.6017060" lon="-120.6613440"><ele>2244.6</ele></trkpt>
   <trkpt lat="39.6017360" lon="-120.6613510"><ele>2244.2</ele></trkpt>
   <trkpt lat="39.6017450" lon="-120.6613530"><ele>2244.2</ele></trkpt>
   <trkpt lat="39.6018060" lon="-120.6613570"><ele>2244.2</ele></trkpt>
   <trkpt lat="39.6018270" lon="-120.6613550"><ele>2244.0</ele></trkpt>
   <trkpt lat="39.6018440" lon="-120.6613620"><ele>2243.8</ele></trkpt>
   <trkpt lat="39.6019030" lon="-120.6613680"><ele>2243.6</ele></trkpt>
   <trkpt lat="39.6019850" lon="-120.6613720"><ele>2244.4</ele></trkpt>
   <trkpt lat="39.6020690" lon="-120.6613710"><ele>2243.6</ele></trkpt>
   <trkpt lat="39.6020800" lon="-120.6613720"><ele>2243.4</ele></trkpt>
   <trkpt lat="39.6021100" lon="-120.6613780"><ele>2243.2</ele></trkpt>
   <trkpt lat="39.6021600" lon="-120.6613780"><ele>2243.2</ele></trkpt>
   <trkpt lat="39.6021690" lon="-120.6613820"><ele>2243.0</ele></trkpt>
   <trkpt lat="39.6021780" lon="-120.6613830"><ele>2243.0</ele></trkpt>
   <trkpt lat="39.6022300" lon="-120.6613740"><ele>2242.2</ele></trkpt>
   <trkpt lat="39.6022400" lon="-120.6613740"><ele>2242.0</ele></trkpt>
   <trkpt lat="39.6023170" lon="-120.6613910"><ele>2240.8</ele></trkpt>
   <trkpt lat="39.6023420" lon="-120.6613970"><ele>2240.4</ele></trkpt>
   <trkpt lat="39.6023620" lon="-120.6614000"><ele>2240.0</ele></trkpt>
   <trkpt lat="39.6023740" lon="-120.6614020"><ele>2240.0</ele></trkpt>
   <trkpt lat="39.6024120" lon="-120.6614080"><ele>2239.8</ele></trkpt>
   <trkpt lat="39.6025000" lon="-120.6614230"><ele>2238.8</ele></trkpt>
   <trkpt lat="39.6025130" lon="-120.6614270"><ele>2238.8</ele></trkpt>
   <trkpt lat="39.6026260" lon="-120.6614580"><ele>2238.6</ele></trkpt>
   <trkpt lat="39.6027380" lon="-120.6614800"><ele>2238.4</ele></trkpt>
   <trkpt lat="39.6027530" lon="-120.6614900"><ele>2238.2</ele></trkpt>
   <trkpt lat="39.6027700" lon="-120.6614970"><ele>2238.0</ele></trkpt>
   <trkpt lat="39.6027840" lon="-120.6615040"><ele>2237.6</ele></trkpt>
   <trkpt lat="39.6028120" lon="-120.6615190"><ele>2236.6</ele></trkpt>
   <trkpt lat="39.6028250" lon="-120.6615300"><ele>2236.0</ele></trkpt>
   <trkpt lat="39.6028320" lon="-120.6615340"><ele>2235.6</ele></trkpt>
   <trkpt lat="39.6028390" lon="-120.6615350"><ele>2235.4</ele></trkpt>
   <trkpt lat="39.6028550" lon="-120.6615430"><ele>2235.2</ele></trkpt>
   <trkpt lat="39.6028670" lon="-120.6615500"><ele>2235.2</ele></trkpt>
   <trkpt lat="39.6028920" lon="-120.6615720"><ele>2235.6</ele></trkpt>
   <trkpt lat="39.6029110" lon="-120.6615750"><ele>2235.6</ele></trkpt>
   <trkpt lat="39.6029280" lon="-120.6615750"><ele>2235.8</ele></trkpt>
   <trkpt lat="39.6029420" lon="-120.6615750"><ele>2236.0</ele></trkpt>
   <trkpt lat="39.6029680" lon="-120.6615780"><ele>2236.6</ele></trkpt>
   <trkpt lat="39.6029750" lon="-120.6615770"><ele>2236.8</ele></trkpt>
   <trkpt lat="39.6029940" lon="-120.6615790"><ele>2237.0</ele></trkpt>
   <trkpt lat="39.6030120" lon="-120.6615790"><ele>2236.8</ele></trkpt>
   <trkpt lat="39.6030370" lon="-120.6615830"><ele>2236.4</ele></trkpt>
   <trkpt lat="39.6030530" lon="-120.6615950"><ele>2236.2</ele></trkpt>
   <trkpt lat="39.6030860" lon="-120.6616020"><ele>2236.2</ele></trkpt>
   <trkpt lat="39.6031060" lon="-120.6616040"><ele>2236.4</ele></trkpt>
   <trkpt lat="39.6031890" lon="-120.6616400"><ele>2236.8</ele></trkpt>
   <trkpt lat="39.6032130" lon="-120.6616440"><ele>2236.8</ele></trkpt>
   <trkpt lat="39.6032240" lon="-120.6616490"><ele>2236.8</ele></trkpt>
   <trkpt lat="39.6032330" lon="-120.6616510"><ele>2236.8</ele></trkpt>
   <trkpt lat="39.6032450" lon="-120.6616600"><ele>2237.0</ele></trkpt>
   <trkpt lat="39.6032490" lon="-120.6616610"><ele>2237.0</ele></trkpt>
   <trkpt lat="39.6032570" lon="-120.6616670"><ele>2236.8</ele></trkpt>
   <trkpt lat="39.6032570" lon="-120.6616750"><ele>2235.4</ele></trkpt>
   <trkpt lat="39.6032530" lon="-120.6616730"><ele>2234.4</ele></trkpt>
   <trkpt lat="39.6032520" lon="-120.6616680"><ele>2234.0</ele></trkpt>
   <trkpt lat="39.6032660" lon="-120.6616460"><ele>2233.8</ele></trkpt>
   <trkpt lat="39.6032720" lon="-120.6616450"><ele>2233.8</ele></trkpt>
   <trkpt lat="39.6032810" lon="-120.6616330"><ele>2234.0</ele></trkpt>
   <trkpt lat="39.6033060" lon="-120.6616340"><ele>2234.0</ele></trkpt>
   <trkpt lat="39.6033250" lon="-120.6616360"><ele>2234.2</ele></trkpt>
   <trkpt lat="39.6033580" lon="-120.6616700"><ele>2234.6</ele></trkpt>
   <trkpt lat="39.6033810" lon="-120.6616810"><ele>2234.6</ele></trkpt>
   <trkpt lat="39.6034100" lon="-120.6616920"><ele>2234.4</ele></trkpt>
   <trkpt lat="39.6034920" lon="-120.6617190"><ele>2235.0</ele></trkpt>
   <trkpt lat="39.6036480" lon="-120.6617710"><ele>2234.0</ele></trkpt>
   <trkpt lat="39.6037100" lon="-120.6618070"><ele>2233.8</ele></trkpt>
   <trkpt lat="39.6037340" lon="-120.6618240"><ele>2234.0</ele></trkpt>
   <trkpt lat="39.6037500" lon="-120.6618390"><ele>2234.2</ele></trkpt>
   <trkpt lat="39.6038050" lon="-120.6618450"><ele>2233.8</ele></trkpt>
   <trkpt lat="39.6038470" lon="-120.6618560"><ele>2233.2</ele></trkpt>
   <trkpt lat="39.6038750" lon="-120.6618780"><ele>2232.6</ele></trkpt>
   <trkpt lat="39.6039050" lon="-120.6618990"><ele>2232.2</ele></trkpt>
   <trkpt lat="39.6039340" lon="-120.6619190"><ele>2231.2</ele></trkpt>
   <trkpt lat="39.6039450" lon="-120.6619280"><ele>2231.0</ele></trkpt>
   <trkpt lat="39.6039610" lon="-120.6619440"><ele>2230.8</ele></trkpt>
   <trkpt lat="39.6039940" lon="-120.6619560"><ele>2230.4</ele></trkpt>
   <trkpt lat="39.6040140" lon="-120.6619710"><ele>2230.4</ele></trkpt>
   <trkpt lat="39.6040350" lon="-120.6619870"><ele>2230.4</ele></trkpt>
   <trkpt lat="39.6040920" lon="-120.6620130"><ele>2231.2</ele></trkpt>
   <trkpt lat="39.6041200" lon="-120.6620290"><ele>2231.4</ele></trkpt>
   <trkpt lat="39.6041400" lon="-120.6620460"><ele>2231.4</ele></trkpt>
   <trkpt lat="39.6041460" lon="-120.6620530"><ele>2231.2</ele></trkpt>
   <trkpt lat="39.6041540" lon="-120.6620600"><ele>2231.2</ele></trkpt>
   <trkpt lat="39.6042470" lon="-120.6621130"><ele>2231.4</ele></trkpt>
   <trkpt lat="39.6043490" lon="-120.6621500"><ele>2231.0</ele></trkpt>
   <trkpt lat="39.6043910" lon="-120.6621630"><ele>2231.6</ele></trkpt>
   <trkpt lat="39.6044510" lon="-120.6621830"><ele>2232.2</ele></trkpt>
   <trkpt lat="39.6045430" lon="-120.6621850"><ele>2232.2</ele></trkpt>
   <trkpt lat="39.6045570" lon="-120.6621810"><ele>2232.0</ele></trkpt>
   <trkpt lat="39.6045700" lon="-120.6621790"><ele>2231.6</ele></trkpt>
   <trkpt lat="39.6045830" lon="-120.6621760"><ele>2231.6</ele></trkpt>
   <trkpt lat="39.6046050" lon="-120.6621690"><ele>2231.2</ele></trkpt>
   <trkpt lat="39.6046300" lon="-120.6621660"><ele>2230.4</ele></trkpt>
   <trkpt lat="39.6046400" lon="-120.6621640"><ele>2230.2</ele></trkpt>
   <trkpt lat="39.6046500" lon="-120.6621630"><ele>2229.8</ele></trkpt>
   <trkpt lat="39.6047160" lon="-120.6621690"><ele>2229.2</ele></trkpt>
   <trkpt lat="39.6047300" lon="-120.6621720"><ele>2229.2</ele></trkpt>
   <trkpt lat="39.6047540" lon="-120.6621760"><ele>2229.2</ele></trkpt>
   <trkpt lat="39.6047770" lon="-120.6621750"><ele>2229.2</ele></trkpt>
   <trkpt lat="39.6048040" lon="-120.6621830"><ele>2229.4</ele></trkpt>
   <trkpt lat="39.6048750" lon="-120.6621900"><ele>2228.6</ele></trkpt>
   <trkpt lat="39.6048960" lon="-120.6621930"><ele>2228.2</ele></trkpt>
   <trkpt lat="39.6049270" lon="-120.6621930"><ele>2227.6</ele></trkpt>
   <trkpt lat="39.6050640" lon="-120.6622130"><ele>2226.8</ele></trkpt>
   <trkpt lat="39.6050960" lon="-120.6622290"><ele>2226.6</ele></trkpt>
   <trkpt lat="39.6051470" lon="-120.6622310"><ele>2226.4</ele></trkpt>
   <trkpt lat="39.6051560" lon="-120.6622340"><ele>2226.2</ele></trkpt>
   <trkpt lat="39.6051820" lon="-120.6622400"><ele>2225.8</ele></trkpt>
   <trkpt lat="39.6052180" lon="-120.6622400"><ele>2225.4</ele></trkpt>
   <trkpt lat="39.6053020" lon="-120.6622170"><ele>2224.4</ele></trkpt>
   <trkpt lat="39.6053270" lon="-120.6622100"><ele>2224.4</ele></trkpt>
   <trkpt lat="39.6054220" lon="-120.6622080"><ele>2224.6</ele></trkpt>
   <trkpt lat="39.6054330" lon="-120.6622050"><ele>2224.6</ele></trkpt>
   <trkpt lat="39.6055010" lon="-120.6621900"><ele>2224.4</ele></trkpt>
   <trkpt lat="39.6055950" lon="-120.6621980"><ele>2224.4</ele></trkpt>
   <trkpt lat="39.6056470" lon="-120.6621890"><ele>2224.4</ele></trkpt>
   <trkpt lat="39.6056960" lon="-120.6621430"><ele>2223.2</ele></trkpt>
   <trkpt lat="39.6057110" lon="-120.6621120"><ele>2222.6</ele></trkpt>
   <trkpt lat="39.6057240" lon="-120.6620900"><ele>2222.4</ele></trkpt>
   <trkpt lat="39.6057360" lon="-120.6620860"><ele>2222.2</ele></trkpt>
   <trkpt lat="39.6057450" lon="-120.6620800"><ele>2222.0</ele></trkpt>
   <trkpt lat="39.6057640" lon="-120.6620690"><ele>2222.0</ele></trkpt>
   <trkpt lat="39.6058480" lon="-120.6620510"><ele>2221.2</ele></trkpt>
   <trkpt lat="39.6058570" lon="-120.6620510"><ele>2221.2</ele></trkpt>
   <trkpt lat="39.6059030" lon="-120.6620530"><ele>2221.0</ele></trkpt>
   <trkpt lat="39.6059290" lon="-120.6620470"><ele>2220.8</ele></trkpt>
   <trkpt lat="39.6059560" lon="-120.6620340"><ele>2220.4</ele></trkpt>
   <trkpt lat="39.6059810" lon="-120.6620140"><ele>2220.2</ele></trkpt>
   <trkpt lat="39.6059800" lon="-120.6620080"><ele>2220.0</ele></trkpt>
   <trkpt lat="39.6059780" lon="-120.6620020"><ele>2219.8</ele></trkpt>
   <trkpt lat="39.6059610" lon="-120.6619910"><ele>2219.6</ele></trkpt>
   <trkpt lat="39.6059470" lon="-120.6619880"><ele>2219.2</ele></trkpt>
   <trkpt lat="39.6059390" lon="-120.6619870"><ele>2219.0</ele></trkpt>
   <trkpt lat="39.6059280" lon="-120.6619840"><ele>2219.0</ele></trkpt>
   <trkpt lat="39.6058900" lon="-120.6619720"><ele>2218.0</ele></trkpt>
   <trkpt lat="39.6058760" lon="-120.6619570"><ele>2217.4</ele></trkpt>
   <trkpt lat="39.6058640" lon="-120.6619430"><ele>2217.2</ele></trkpt>
   <trkpt lat="39.6058450" lon="-120.6619270"><ele>2217.2</ele></trkpt>
   <trkpt lat="39.6058280" lon="-120.6619060"><ele>2217.2</ele></trkpt>
   <trkpt lat="39.6058030" lon="-120.6619100"><ele>2217.4</ele></trkpt>
   <trkpt lat="39.6057560" lon="-120.6619080"><ele>2217.4</ele></trkpt>
   <trkpt lat="39.6057280" lon="-120.6618950"><ele>2217.2</ele></trkpt>
   <trkpt lat="39.6057130" lon="-120.6618940"><ele>2217.2</ele></trkpt>
   <trkpt lat="39.6056850" lon="-120.6618860"><ele>2216.8</ele></trkpt>
   <trkpt lat="39.6056190" lon="-120.6618640"><ele>2216.2</ele></trkpt>
   <trkpt lat="39.6055860" lon="-120.6618600"><ele>2215.8</ele></trkpt>
   <trkpt lat="39.6055160" lon="-120.6618640"><ele>2215.4</ele></trkpt>
   <trkpt lat="39.6054920" lon="-120.6618660"><ele>2215.6</ele></trkpt>
   <trkpt lat="39.6054700" lon="-120.6618800"><ele>2215.4</ele></trkpt>
   <trkpt lat="39.6054460" lon="-120.6618850"><ele>2215.4</ele></trkpt>
   <trkpt lat="39.6053600" lon="-120.6618630"><ele>2214.4</ele></trkpt>
   <trkpt lat="39.6052760" lon="-120.6618570"><ele>2214.0</ele></trkpt>
   <trkpt lat="39.6051880" lon="-120.6618350"><ele>2214.0</ele></trkpt>
   <trkpt lat="39.6051630" lon="-120.6618330"><ele>2214.0</ele></trkpt>
   <trkpt lat="39.6051400" lon="-120.6618280"><ele>2214.0</ele></trkpt>
   <trkpt lat="39.6050880" lon="-120.6618160"><ele>2213.8</ele></trkpt>
   <trkpt lat="39.6050640" lon="-120.6618060"><ele>2213.6</ele></trkpt>
   <trkpt lat="39.6050580" lon="-120.6617990"><ele>2213.6</ele></trkpt>
   <trkpt lat="39.6050450" lon="-120.6617950"><ele>2213.4</ele></trkpt>
   <trkpt lat="39.6050360" lon="-120.6617940"><ele>2213.2</ele></trkpt>
   <trkpt lat="39.6050150" lon="-120.6617830"><ele>2213.2</ele></trkpt>
   <trkpt lat="39.6050030" lon="-120.6617630"><ele>2213.0</ele></trkpt>
   <trkpt lat="39.6049620" lon="-120.6617530"><ele>2212.8</ele></trkpt>
   <trkpt lat="39.6049370" lon="-120.6617470"><ele>2212.8</ele></trkpt>
   <trkpt lat="39.6048970" lon="-120.6617230"><ele>2212.6</ele></trkpt>
   <trkpt lat="39.6048170" lon="-120.6616980"><ele>2212.2</ele></trkpt>
   <trkpt lat="39.6048030" lon="-120.6616960"><ele>2212.2</ele></trkpt>
   <trkpt lat="39.6047300" lon="-120.6616390"><ele>2211.4</ele></trkpt>
   <trkpt lat="39.6047160" lon="-120.6616330"><ele>2211.2</ele></trkpt>
   <trkpt lat="39.6046510" lon="-120.6616030"><ele>2211.2</ele></trkpt>
   <trkpt lat="39.6046410" lon="-120.6616010"><ele>2211.2</ele></trkpt>
   <trkpt lat="39.6045400" lon="-120.6615600"><ele>2211.0</ele></trkpt>
   <trkpt lat="39.6044950" lon="-120.6615430"><ele>2211.4</ele></trkpt>
   <trkpt lat="39.6044690" lon="-120.6615240"><ele>2211.6</ele></trkpt>
   <trkpt lat="39.6044630" lon="-120.6615120"><ele>2211.4</ele></trkpt>
   <trkpt lat="39.6044200" lon="-120.6614730"><ele>2210.0</ele></trkpt>
   <trkpt lat="39.6044060" lon="-120.6614670"><ele>2209.8</ele></trkpt>
   <trkpt lat="39.6043220" lon="-120.6614470"><ele>2209.0</ele></trkpt>
   <trkpt lat="39.6043110" lon="-120.6614460"><ele>2208.8</ele></trkpt>
   <trkpt lat="39.6042340" lon="-120.6613940"><ele>2209.2</ele></trkpt>
   <trkpt lat="39.6042040" lon="-120.6613830"><ele>2209.0</ele></trkpt>
   <trkpt lat="39.6041450" lon="-120.6613570"><ele>2208.2</ele></trkpt>
   <trkpt lat="39.6041270" lon="-120.6613480"><ele>2208.0</ele></trkpt>
   <trkpt lat="39.6040690" lon="-120.6613180"><ele>2207.4</ele></trkpt>
   <trkpt lat="39.6039950" lon="-120.6612880"><ele>2207.0</ele></trkpt>
   <trkpt lat="39.6039860" lon="-120.6612830"><ele>2206.8</ele></trkpt>
   <trkpt lat="39.6039730" lon="-120.6612720"><ele>2206.2</ele></trkpt>
   <trkpt lat="39.6039830" lon="-120.6612760"><ele>2206.2</ele></trkpt>
   <trkpt lat="39.6039960" lon="-120.6612770"><ele>2206.0</ele></trkpt>
   <trkpt lat="39.6040130" lon="-120.6612830"><ele>2205.8</ele></trkpt>
   <trkpt lat="39.6040260" lon="-120.6612900"><ele>2205.8</ele></trkpt>
   <trkpt lat="39.6040720" lon="-120.6613090"><ele>2205.0</ele></trkpt>
   <trkpt lat="39.6040800" lon="-120.6613090"><ele>2205.0</ele></trkpt>
   <trkpt lat="39.6041060" lon="-120.6612970"><ele>2204.8</ele></trkpt>
   <trkpt lat="39.6041160" lon="-120.6612960"><ele>2204.4</ele></trkpt>
   <trkpt lat="39.6041570" lon="-120.6613050"><ele>2203.6</ele></trkpt>
   <trkpt lat="39.6041830" lon="-120.6613090"><ele>2203.2</ele></trkpt>
   <trkpt lat="39.6042080" lon="-120.6613120"><ele>2203.0</ele></trkpt>
   <trkpt lat="39.6042280" lon="-120.6613170"><ele>2203.0</ele></trkpt>
   <trkpt lat="39.6043060" lon="-120.6613450"><ele>2202.8</ele></trkpt>
   <trkpt lat="39.6043180" lon="-120.6613470"><ele>2202.8</ele></trkpt>
   <trkpt lat="39.6043940" lon="-120.6613580"><ele>2203.0</ele></trkpt>
   <trkpt lat="39.6044710" lon="-120.6613850"><ele>2202.6</ele></trkpt>
   <trkpt lat="39.6044820" lon="-120.6613920"><ele>2202.4</ele></trkpt>
   <trkpt lat="39.6045310" lon="-120.6614160"><ele>2201.8</ele></trkpt>
   <trkpt lat="39.6045640" lon="-120.6614280"><ele>2201.4</ele></trkpt>
   <trkpt lat="39.6046240" lon="-120.6614630"><ele>2200.4</ele></trkpt>
   <trkpt lat="39.6046380" lon="-120.6614700"><ele>2200.2</ele></trkpt>
   <trkpt lat="39.6047000" lon="-120.6615000"><ele>2199.8</ele></trkpt>
   <trkpt lat="39.6047780" lon="-120.6615240"><ele>2199.2</ele></trkpt>
   <trkpt lat="39.6047940" lon="-120.6615280"><ele>2199.2</ele></trkpt>
   <trkpt lat="39.6048600" lon="-120.6615330"><ele>2198.6</ele></trkpt>
   <trkpt lat="39.6048840" lon="-120.6615390"><ele>2198.2</ele></trkpt>
   <trkpt lat="39.6048960" lon="-120.6615430"><ele>2197.8</ele></trkpt>
   <trkpt lat="39.6049150" lon="-120.6615460"><ele>2197.4</ele></trkpt>
   <trkpt lat="39.6049470" lon="-120.6615430"><ele>2197.2</ele></trkpt>
   <trkpt lat="39.6049590" lon="-120.6615420"><ele>2197.0</ele></trkpt>
   <trkpt lat="39.6049720" lon="-120.6615440"><ele>2197.0</ele></trkpt>
   <trkpt lat="39.6049830" lon="-120.6615480"><ele>2197.0</ele></trkpt>
   <trkpt lat="39.6050400" lon="-120.6615540"><ele>2197.2</ele></trkpt>
   <trkpt lat="39.6050890" lon="-120.6615540"><ele>2196.2</ele></trkpt>
   <trkpt lat="39.6051030" lon="-120.6615580"><ele>2196.2</ele></trkpt>
   <trkpt lat="39.6051200" lon="-120.6615590"><ele>2196.0</ele></trkpt>
   <trkpt lat="39.6051510" lon="-120.6615520"><ele>2196.2</ele></trkpt>
   <trkpt lat="39.6052410" lon="-120.6615160"><ele>2195.6</ele></trkpt>
   <trkpt lat="39.6053250" lon="-120.6615200"><ele>2195.0</ele></trkpt>
   <trkpt lat="39.6053560" lon="-120.6615060"><ele>2194.2</ele></trkpt>
   <trkpt lat="39.6053650" lon="-120.6615080"><ele>2194.0</ele></trkpt>
   <trkpt lat="39.6053960" lon="-120.6615050"><ele>2193.6</ele></trkpt>
   <trkpt lat="39.6054110" lon="-120.6614990"><ele>2193.6</ele></trkpt>
   <trkpt lat="39.6054380" lon="-120.6614850"><ele>2193.0</ele></trkpt>
   <trkpt lat="39.6054700" lon="-120.6614690"><ele>2192.4</ele></trkpt>
   <trkpt lat="39.6055820" lon="-120.6614150"><ele>2193.0</ele></trkpt>
   <trkpt lat="39.6056500" lon="-120.6613720"><ele>2193.8</ele></trkpt>
   <trkpt lat="39.6057040" lon="-120.6613060"><ele>2192.8</ele></trkpt>
   <trkpt lat="39.6057540" lon="-120.6612100"><ele>2192.2</ele></trkpt>
   <trkpt lat="39.6057770" lon="-120.6611770"><ele>2192.0</ele></trkpt>
   <trkpt lat="39.6058050" lon="-120.6611450"><ele>2191.8</ele></trkpt>
   <trkpt lat="39.6058460" lon="-120.6610850"><ele>2191.6</ele></trkpt>
   <trkpt lat="39.6058630" lon="-120.6610620"><ele>2191.4</ele></trkpt>
   <trkpt lat="39.6058700" lon="-120.6610570"><ele>2191.2</ele></trkpt>
   <trkpt lat="39.6058820" lon="-120.6610450"><ele>2190.6</ele></trkpt>
   <trkpt lat="39.6058890" lon="-120.6610370"><ele>2190.6</ele></trkpt>
   <trkpt lat="39.6058860" lon="-120.6610000"><ele>2189.6</ele></trkpt>
   <trkpt lat="39.6058740" lon="-120.6609880"><ele>2189.4</ele></trkpt>
   <trkpt lat="39.6058620" lon="-120.6609840"><ele>2189.4</ele></trkpt>
   <trkpt lat="39.6058170" lon="-120.6609790"><ele>2189.0</ele></trkpt>
   <trkpt lat="39.6058060" lon="-120.6609770"><ele>2189.0</ele></trkpt>
   <trkpt lat="39.6057830" lon="-120.6609760"><ele>2188.8</ele></trkpt>
   <trkpt lat="39.6057730" lon="-120.6609780"><ele>2188.8</ele></trkpt>
   <trkpt lat="39.6057570" lon="-120.6609760"><ele>2188.4</ele></trkpt>
   <trkpt lat="39.6057490" lon="-120.6609870"><ele>2188.4</ele></trkpt>
   <trkpt lat="39.6057100" lon="-120.6610100"><ele>2188.2</ele></trkpt>
   <trkpt lat="39.6056580" lon="-120.6610530"><ele>2188.2</ele></trkpt>
   <trkpt lat="39.6056430" lon="-120.6610640"><ele>2188.0</ele></trkpt>
   <trkpt lat="39.6056290" lon="-120.6610680"><ele>2187.4</ele></trkpt>
   <trkpt lat="39.6056250" lon="-120.6610690"><ele>2187.0</ele></trkpt>
   <trkpt lat="39.6056290" lon="-120.6610500"><ele>2186.4</ele></trkpt>
   <trkpt lat="39.6056360" lon="-120.6610430"><ele>2186.2</ele></trkpt>
   <trkpt lat="39.6056440" lon="-120.6610320"><ele>2186.2</ele></trkpt>
   <trkpt lat="39.6056550" lon="-120.6610110"><ele>2185.6</ele></trkpt>
   <trkpt lat="39.6056730" lon="-120.6609950"><ele>2185.2</ele></trkpt>
   <trkpt lat="39.6056820" lon="-120.6609830"><ele>2185.0</ele></trkpt>
   <trkpt lat="39.6057270" lon="-120.6609460"><ele>2184.4</ele></trkpt>
   <trkpt lat="39.6057360" lon="-120.6609380"><ele>2184.2</ele></trkpt>
   <trkpt lat="39.6057420" lon="-120.6609340"><ele>2184.0</ele></trkpt>
   <trkpt lat="39.6057610" lon="-120.6609240"><ele>2183.8</ele></trkpt>
   <trkpt lat="39.6058020" lon="-120.6608760"><ele>2183.8</ele></trkpt>
   <trkpt lat="39.6058180" lon="-120.6608430"><ele>2183.6</ele></trkpt>
   <trkpt lat="39.6058260" lon="-120.6608350"><ele>2183.4</ele></trkpt>
   <trkpt lat="39.6058630" lon="-120.6607970"><ele>2183.2</ele></trkpt>
   <trkpt lat="39.6058900" lon="-120.6607860"><ele>2183.0</ele></trkpt>
   <trkpt lat="39.6059020" lon="-120.6607850"><ele>2183.0</ele></trkpt>
   <trkpt lat="39.6059360" lon="-120.6607890"><ele>2183.2</ele></trkpt>
   <trkpt lat="39.6059670" lon="-120.6608000"><ele>2183.2</ele></trkpt>
   <trkpt lat="39.6060450" lon="-120.6608160"><ele>2182.8</ele></trkpt>
   <trkpt lat="39.6060960" lon="-120.6608300"><ele>2183.0</ele></trkpt>
   <trkpt lat="39.6061080" lon="-120.6608280"><ele>2183.0</ele></trkpt>
   <trkpt lat="39.6061410" lon="-120.6608390"><ele>2182.8</ele></trkpt>
   <trkpt lat="39.6061620" lon="-120.6608550"><ele>2182.8</ele></trkpt>
   <trkpt lat="39.6061710" lon="-120.6608630"><ele>2182.8</ele></trkpt>
   <trkpt lat="39.6062280" lon="-120.6609160"><ele>2183.4</ele></trkpt>
   <trkpt lat="39.6062470" lon="-120.6609270"><ele>2183.4</ele></trkpt>
   <trkpt lat="39.6062710" lon="-120.6609370"><ele>2183.2</ele></trkpt>
   <trkpt lat="39.6063150" lon="-120.6609620"><ele>2182.6</ele></trkpt>
   <trkpt lat="39.6063430" lon="-120.6609710"><ele>2181.8</ele></trkpt>
   <trkpt lat="39.6063540" lon="-120.6609760"><ele>2181.4</ele></trkpt>
   <trkpt lat="39.6064310" lon="-120.6610070"><ele>2180.8</ele></trkpt>
   <trkpt lat="39.6064600" lon="-120.6610020"><ele>2180.2</ele></trkpt>
   <trkpt lat="39.6064750" lon="-120.6610050"><ele>2180.0</ele></trkpt>
   <trkpt lat="39.6065030" lon="-120.6610130"><ele>2179.6</ele></trkpt>
   <trkpt lat="39.6065140" lon="-120.6610140"><ele>2179.6</ele></trkpt>
   <trkpt lat="39.6065270" lon="-120.6610120"><ele>2179.6</ele></trkpt>
   <trkpt lat="39.6065350" lon="-120.6610110"><ele>2179.6</ele></trkpt>
   <trkpt lat="39.6065850" lon="-120.6610120"><ele>2178.6</ele></trkpt>
   <trkpt lat="39.6066300" lon="-120.6609970"><ele>2177.4</ele></trkpt>
   <trkpt lat="39.6066610" lon="-120.6609850"><ele>2176.8</ele></trkpt>
   <trkpt lat="39.6066760" lon="-120.6609990"><ele>2176.4</ele></trkpt>
   <trkpt lat="39.6066880" lon="-120.6610110"><ele>2176.2</ele></trkpt>
   <trkpt lat="39.6067530" lon="-120.6610310"><ele>2176.2</ele></trkpt>
   <trkpt lat="39.6068120" lon="-120.6610410"><ele>2176.4</ele></trkpt>
   <trkpt lat="39.6068280" lon="-120.6610430"><ele>2176.2</ele></trkpt>
   <trkpt lat="39.6068460" lon="-120.6610390"><ele>2176.2</ele></trkpt>
   <trkpt lat="39.6068600" lon="-120.6610320"><ele>2176.0</ele></trkpt>
   <trkpt lat="39.6068990" lon="-120.6610150"><ele>2176.0</ele></trkpt>
   <trkpt lat="39.6069210" lon="-120.6610050"><ele>2175.8</ele></trkpt>
   <trkpt lat="39.6069600" lon="-120.6609800"><ele>2175.4</ele></trkpt>
   <trkpt lat="39.6069780" lon="-120.6609680"><ele>2175.4</ele></trkpt>
   <trkpt lat="39.6070270" lon="-120.6609490"><ele>2175.0</ele></trkpt>
   <trkpt lat="39.6070800" lon="-120.6609490"><ele>2174.4</ele></trkpt>
   <trkpt lat="39.6071410" lon="-120.6609310"><ele>2174.0</ele></trkpt>
   <trkpt lat="39.6071470" lon="-120.6609320"><ele>2174.0</ele></trkpt>
   <trkpt lat="39.6071780" lon="-120.6609400"><ele>2173.2</ele></trkpt>
   <trkpt lat="39.6072090" lon="-120.6609410"><ele>2173.0</ele></trkpt>
   <trkpt lat="39.6072160" lon="-120.6609400"><ele>2173.0</ele></trkpt>
   <trkpt lat="39.6072240" lon="-120.6609380"><ele>2172.8</ele></trkpt>
   <trkpt lat="39.6072350" lon="-120.6609340"><ele>2172.8</ele></trkpt>
   <trkpt lat="39.6072670" lon="-120.6609360"><ele>2172.6</ele></trkpt>
   <trkpt lat="39.6073070" lon="-120.6609400"><ele>2172.6</ele></trkpt>
   <trkpt lat="39.6073740" lon="-120.6609670"><ele>2172.8</ele></trkpt>
   <trkpt lat="39.6074570" lon="-120.6609650"><ele>2173.2</ele></trkpt>
   <trkpt lat="39.6074920" lon="-120.6609570"><ele>2173.2</ele></trkpt>
   <trkpt lat="39.6075250" lon="-120.6609700"><ele>2173.2</ele></trkpt>
   <trkpt lat="39.6075360" lon="-120.6609730"><ele>2173.2</ele></trkpt>
   <trkpt lat="39.6076630" lon="-120.6610060"><ele>2173.2</ele></trkpt>
   <trkpt lat="39.6077250" lon="-120.6610520"><ele>2173.6</ele></trkpt>
   <trkpt lat="39.6077520" lon="-120.6610560"><ele>2173.6</ele></trkpt>
   <trkpt lat="39.6077680" lon="-120.6610470"><ele>2173.6</ele></trkpt>
   <trkpt lat="39.6078170" lon="-120.6610300"><ele>2174.2</ele></trkpt>
   <trkpt lat="39.6078230" lon="-120.6610280"><ele>2174.2</ele></trkpt>
   <trkpt lat="39.6078600" lon="-120.6610140"><ele>2174.2</ele></trkpt>
   <trkpt lat="39.6078870" lon="-120.6610090"><ele>2174.2</ele></trkpt>
   <trkpt lat="39.6079530" lon="-120.6609870"><ele>2174.0</ele></trkpt>
   <trkpt lat="39.6079760" lon="-120.6609720"><ele>2174.2</ele></trkpt>
   <trkpt lat="39.6080620" lon="-120.6609300"><ele>2173.4</ele></trkpt>
   <trkpt lat="39.6080750" lon="-120.6609270"><ele>2173.2</ele></trkpt>
   <trkpt lat="39.6081560" lon="-120.6609040"><ele>2171.8</ele></trkpt>
   <trkpt lat="39.6081710" lon="-120.6608970"><ele>2171.6</ele></trkpt>
   <trkpt lat="39.6082250" lon="-120.6608820"><ele>2170.8</ele></trkpt>
   <trkpt lat="39.6082740" lon="-120.6608590"><ele>2170.2</ele></trkpt>
   <trkpt lat="39.6083180" lon="-120.6608090"><ele>2169.6</ele></trkpt>
   <trkpt lat="39.6083250" lon="-120.6608010"><ele>2169.6</ele></trkpt>
   <trkpt lat="39.6083790" lon="-120.6607600"><ele>2169.6</ele></trkpt>
   <trkpt lat="39.6083930" lon="-120.6607480"><ele>2169.6</ele></trkpt>
   <trkpt lat="39.6084350" lon="-120.6607220"><ele>2169.6</ele></trkpt>
   <trkpt lat="39.6084610" lon="-120.6607160"><ele>2169.6</ele></trkpt>
   <trkpt lat="39.6084950" lon="-120.6607110"><ele>2169.2</ele></trkpt>
   <trkpt lat="39.6085010" lon="-120.6607100"><ele>2169.0</ele></trkpt>
   <trkpt lat="39.6085240" lon="-120.6606990"><ele>2168.8</ele></trkpt>
   <trkpt lat="39.6085340" lon="-120.6606910"><ele>2168.6</ele></trkpt>
   <trkpt lat="39.6085550" lon="-120.6606820"><ele>2168.4</ele></trkpt>
   <trkpt lat="39.6085690" lon="-120.6606700"><ele>2168.4</ele></trkpt>
   <trkpt lat="39.6086060" lon="-120.6606400"><ele>2167.8</ele></trkpt>
   <trkpt lat="39.6086140" lon="-120.6606350"><ele>2167.6</ele></trkpt>
   <trkpt lat="39.6086240" lon="-120.6606310"><ele>2167.4</ele></trkpt>
   <trkpt lat="39.6086490" lon="-120.6606220"><ele>2167.2</ele></trkpt>
   <trkpt lat="39.6086610" lon="-120.6606170"><ele>2167.0</ele></trkpt>
   <trkpt lat="39.6086820" lon="-120.6606070"><ele>2166.6</ele></trkpt>
   <trkpt lat="39.6086890" lon="-120.6606030"><ele>2166.4</ele></trkpt>
   <trkpt lat="39.6087460" lon="-120.6605740"><ele>2165.2</ele></trkpt>
   <trkpt lat="39.6087700" lon="-120.6605580"><ele>2165.2</ele></trkpt>
   <trkpt lat="39.6087810" lon="-120.6605560"><ele>2165.0</ele></trkpt>
   <trkpt lat="39.6087920" lon="-120.6605480"><ele>2165.0</ele></trkpt>
   <trkpt lat="39.6088030" lon="-120.6605380"><ele>2164.8</ele></trkpt>
   <trkpt lat="39.6088160" lon="-120.6605200"><ele>2164.8</ele></trkpt>
   <trkpt lat="39.6088240" lon="-120.6605020"><ele>2164.8</ele></trkpt>
   <trkpt lat="39.6088290" lon="-120.6604950"><ele>2164.8</ele></trkpt>
   <trkpt lat="39.6088320" lon="-120.6604870"><ele>2165.0</ele></trkpt>
   <trkpt lat="39.6088610" lon="-120.6604430"><ele>2165.0</ele></trkpt>
   <trkpt lat="39.6089010" lon="-120.6604110"><ele>2164.8</ele></trkpt>
   <trkpt lat="39.6089470" lon="-120.6603910"><ele>2164.4</ele></trkpt>
   <trkpt lat="39.6089580" lon="-120.6603870"><ele>2164.4</ele></trkpt>
   <trkpt lat="39.6089690" lon="-120.6603780"><ele>2164.2</ele></trkpt>
   <trkpt lat="39.6089880" lon="-120.6603520"><ele>2164.6</ele></trkpt>
   <trkpt lat="39.6090330" lon="-120.6602910"><ele>2164.0</ele></trkpt>
   <trkpt lat="39.6090570" lon="-120.6602490"><ele>2163.4</ele></trkpt>
   <trkpt lat="39.6090610" lon="-120.6602360"><ele>2163.2</ele></trkpt>
   <trkpt lat="39.6090800" lon="-120.6601960"><ele>2162.8</ele></trkpt>
   <trkpt lat="39.6090920" lon="-120.6601730"><ele>2162.6</ele></trkpt>
   <trkpt lat="39.6090940" lon="-120.6601640"><ele>2162.4</ele></trkpt>
   <trkpt lat="39.6090990" lon="-120.6601550"><ele>2162.2</ele></trkpt>
   <trkpt lat="39.6091170" lon="-120.6601420"><ele>2162.2</ele></trkpt>
   <trkpt lat="39.6091190" lon="-120.6601300"><ele>2161.8</ele></trkpt>
   <trkpt lat="39.6091070" lon="-120.6601220"><ele>2161.4</ele></trkpt>
   <trkpt lat="39.6090950" lon="-120.6601160"><ele>2160.6</ele></trkpt>
   <trkpt lat="39.6090770" lon="-120.6601090"><ele>2160.0</ele></trkpt>
   <trkpt lat="39.6090520" lon="-120.6601170"><ele>2159.4</ele></trkpt>
   <trkpt lat="39.6090600" lon="-120.6601260"><ele>2159.2</ele></trkpt>
   <trkpt lat="39.6090730" lon="-120.6601160"><ele>2158.8</ele></trkpt>
   <trkpt lat="39.6091070" lon="-120.6600660"><ele>2158.6</ele></trkpt>
   <trkpt lat="39.6091380" lon="-120.6600120"><ele>2158.4</ele></trkpt>
   <trkpt lat="39.6091390" lon="-120.6599990"><ele>2158.4</ele></trkpt>
   <trkpt lat="39.6091630" lon="-120.6599700"><ele>2158.4</ele></trkpt>
   <trkpt lat="39.6091830" lon="-120.6599320"><ele>2158.6</ele></trkpt>
   <trkpt lat="39.6091890" lon="-120.6599210"><ele>2158.6</ele></trkpt>
   <trkpt lat="39.6091940" lon="-120.6599140"><ele>2158.8</ele></trkpt>
   <trkpt lat="39.6091990" lon="-120.6599070"><ele>2158.8</ele></trkpt>
   <trkpt lat="39.6092000" lon="-120.6598990"><ele>2159.0</ele></trkpt>
   <trkpt lat="39.6092260" lon="-120.6598300"><ele>2159.4</ele></trkpt>
   <trkpt lat="39.6092300" lon="-120.6598030"><ele>2159.4</ele></trkpt>
   <trkpt lat="39.6092310" lon="-120.6597890"><ele>2159.6</ele></trkpt>
   <trkpt lat="39.6092360" lon="-120.6597750"><ele>2159.4</ele></trkpt>
   <trkpt lat="39.6092440" lon="-120.6597590"><ele>2159.4</ele></trkpt>
   <trkpt lat="39.6092610" lon="-120.6597380"><ele>2159.2</ele></trkpt>
   <trkpt lat="39.6092690" lon="-120.6597240"><ele>2159.2</ele></trkpt>
   <trkpt lat="39.6092760" lon="-120.6596960"><ele>2158.6</ele></trkpt>
   <trkpt lat="39.6092810" lon="-120.6596800"><ele>2158.4</ele></trkpt>
   <trkpt lat="39.6092980" lon="-120.6596400"><ele>2158.0</ele></trkpt>
   <trkpt lat="39.6093100" lon="-120.6596280"><ele>2157.8</ele></trkpt>
   <trkpt lat="39.6093230" lon="-120.6596170"><ele>2157.8</ele></trkpt>
   <trkpt lat="39.6093720" lon="-120.6595790"><ele>2157.2</ele></trkpt>
   <trkpt lat="39.6093880" lon="-120.6595760"><ele>2157.0</ele></trkpt>
   <trkpt lat="39.6094100" lon="-120.6595730"><ele>2156.8</ele></trkpt>
   <trkpt lat="39.6094370" lon="-120.6595660"><ele>2156.2</ele></trkpt>
   <trkpt lat="39.6094530" lon="-120.6595640"><ele>2156.0</ele></trkpt>
   <trkpt lat="39.6094620" lon="-120.6595650"><ele>2155.8</ele></trkpt>
   <trkpt lat="39.6094650" lon="-120.6595670"><ele>2155.6</ele></trkpt>
   <trkpt lat="39.6094640" lon="-120.6595730"><ele>2155.4</ele></trkpt>
   <trkpt lat="39.6094570" lon="-120.6595870"><ele>2155.0</ele></trkpt>
   <trkpt lat="39.6094400" lon="-120.6596420"><ele>2154.8</ele></trkpt>
   <trkpt lat="39.6094360" lon="-120.6597240"><ele>2154.2</ele></trkpt>
   <trkpt lat="39.6094330" lon="-120.6597480"><ele>2153.8</ele></trkpt>
   <trkpt lat="39.6094100" lon="-120.6598340"><ele>2152.8</ele></trkpt>
   <trkpt lat="39.6094060" lon="-120.6598430"><ele>2152.8</ele></trkpt>
   <trkpt lat="39.6094010" lon="-120.6598550"><ele>2152.8</ele></trkpt>
   <trkpt lat="39.6093730" lon="-120.6599130"><ele>2152.8</ele></trkpt>
   <trkpt lat="39.6093600" lon="-120.6599360"><ele>2152.6</ele></trkpt>
   <trkpt lat="39.6093560" lon="-120.6599510"><ele>2152.6</ele></trkpt>
   <trkpt lat="39.6093510" lon="-120.6599660"><ele>2152.6</ele></trkpt>
   <trkpt lat="39.6093380" lon="-120.6599940"><ele>2152.4</ele></trkpt>
   <trkpt lat="39.6093160" lon="-120.6600890"><ele>2152.2</ele></trkpt>
   <trkpt lat="39.6093140" lon="-120.6601620"><ele>2152.0</ele></trkpt>
   <trkpt lat="39.6093080" lon="-120.6601760"><ele>2152.0</ele></trkpt>
   <trkpt lat="39.6093020" lon="-120.6601910"><ele>2152.0</ele></trkpt>
   <trkpt lat="39.6092540" lon="-120.6602840"><ele>2152.2</ele></trkpt>
   <trkpt lat="39.6092540" lon="-120.6602980"><ele>2152.0</ele></trkpt>
   <trkpt lat="39.6092230" lon="-120.6603690"><ele>2151.8</ele></trkpt>
   <trkpt lat="39.6092140" lon="-120.6603880"><ele>2151.8</ele></trkpt>
   <trkpt lat="39.6091520" lon="-120.6605160"><ele>2151.0</ele></trkpt>
   <trkpt lat="39.6091260" lon="-120.6605590"><ele>2150.8</ele></trkpt>
   <trkpt lat="39.6091170" lon="-120.6605880"><ele>2150.8</ele></trkpt>
   <trkpt lat="39.6091190" lon="-120.6606270"><ele>2151.0</ele></trkpt>
   <trkpt lat="39.6091160" lon="-120.6607190"><ele>2150.2</ele></trkpt>
   <trkpt lat="39.6091330" lon="-120.6607580"><ele>2150.2</ele></trkpt>
   <trkpt lat="39.6091660" lon="-120.6607770"><ele>2149.8</ele></trkpt>
   <trkpt lat="39.6091750" lon="-120.6607750"><ele>2149.8</ele></trkpt>
   <trkpt lat="39.6091890" lon="-120.6607570"><ele>2149.4</ele></trkpt>
   <trkpt lat="39.6092070" lon="-120.6607340"><ele>2149.0</ele></trkpt>
   <trkpt lat="39.6092400" lon="-120.6606610"><ele>2149.4</ele></trkpt>
   <trkpt lat="39.6092930" lon="-120.6605940"><ele>2149.2</ele></trkpt>
   <trkpt lat="39.6092990" lon="-120.6605770"><ele>2149.2</ele></trkpt>
   <trkpt lat="39.6093220" lon="-120.6605370"><ele>2148.6</ele></trkpt>
   <trkpt lat="39.6093340" lon="-120.6605110"><ele>2148.2</ele></trkpt>
   <trkpt lat="39.6093550" lon="-120.6604640"><ele>2148.0</ele></trkpt>
   <trkpt lat="39.6093850" lon="-120.6604260"><ele>2147.8</ele></trkpt>
   <trkpt lat="39.6094000" lon="-120.6604080"><ele>2147.4</ele></trkpt>
   <trkpt lat="39.6094090" lon="-120.6603960"><ele>2147.4</ele></trkpt>
   <trkpt lat="39.6094180" lon="-120.6603840"><ele>2147.2</ele></trkpt>
   <trkpt lat="39.6094970" lon="-120.6603200"><ele>2146.6</ele></trkpt>
   <trkpt lat="39.6095070" lon="-120.6603080"><ele>2146.4</ele></trkpt>
   <trkpt lat="39.6095220" lon="-120.6602830"><ele>2146.2</ele></trkpt>
   <trkpt lat="39.6095290" lon="-120.6602680"><ele>2146.2</ele></trkpt>
   <trkpt lat="39.6095400" lon="-120.6602420"><ele>2146.0</ele></trkpt>
   <trkpt lat="39.6095520" lon="-120.6602120"><ele>2145.8</ele></trkpt>
   <trkpt lat="39.6095740" lon="-120.6601560"><ele>2145.8</ele></trkpt>
   <trkpt lat="39.6095880" lon="-120.6601230"><ele>2146.0</ele></trkpt>
   <trkpt lat="39.6096050" lon="-120.6600770"><ele>2146.2</ele></trkpt>
   <trkpt lat="39.6096190" lon="-120.6600460"><ele>2146.4</ele></trkpt>
   <trkpt lat="39.6096230" lon="-120.6600380"><ele>2146.4</ele></trkpt>
   <trkpt lat="39.6096490" lon="-120.6599570"><ele>2146.0</ele></trkpt>
   <trkpt lat="39.6096590" lon="-120.6599320"><ele>2145.8</ele></trkpt>
   <trkpt lat="39.6096790" lon="-120.6599090"><ele>2145.6</ele></trkpt>
   <trkpt lat="39.6096890" lon="-120.6598840"><ele>2145.4</ele></trkpt>
   <trkpt lat="39.6096920" lon="-120.6598710"><ele>2145.4</ele></trkpt>
   <trkpt lat="39.6097230" lon="-120.6597600"><ele>2144.2</ele></trkpt>
   <trkpt lat="39.6097310" lon="-120.6597490"><ele>2143.8</ele></trkpt>
   <trkpt lat="39.6097410" lon="-120.6597380"><ele>2143.6</ele></trkpt>
   <trkpt lat="39.6097590" lon="-120.6596990"><ele>2143.4</ele></trkpt>
   <trkpt lat="39.6097810" lon="-120.6596390"><ele>2143.2</ele></trkpt>
   <trkpt lat="39.6097880" lon="-120.6596090"><ele>2143.2</ele></trkpt>
   <trkpt lat="39.6097910" lon="-120.6595930"><ele>2143.2</ele></trkpt>
   <trkpt lat="39.6098090" lon="-120.6595610"><ele>2143.2</ele></trkpt>
   <trkpt lat="39.6098320" lon="-120.6594260"><ele>2142.6</ele></trkpt>
   <trkpt lat="39.6098440" lon="-120.6593460"><ele>2142.2</ele></trkpt>
   <trkpt lat="39.6098530" lon="-120.6593280"><ele>2142.0</ele></trkpt>
   <trkpt lat="39.6098670" lon="-120.6592780"><ele>2141.4</ele></trkpt>
   <trkpt lat="39.6098640" lon="-120.6592590"><ele>2141.2</ele></trkpt>
   <trkpt lat="39.6098680" lon="-120.6592290"><ele>2141.0</ele></trkpt>
   <trkpt lat="39.6098960" lon="-120.6591980"><ele>2140.0</ele></trkpt>
   <trkpt lat="39.6099010" lon="-120.6591970"><ele>2139.8</ele></trkpt>
   <trkpt lat="39.6099110" lon="-120.6591990"><ele>2139.6</ele></trkpt>
   <trkpt lat="39.6099300" lon="-120.6592150"><ele>2139.0</ele></trkpt>
   <trkpt lat="39.6099340" lon="-120.6592250"><ele>2138.6</ele></trkpt>
   <trkpt lat="39.6099520" lon="-120.6592630"><ele>2138.2</ele></trkpt>
   <trkpt lat="39.6099560" lon="-120.6592780"><ele>2138.2</ele></trkpt>
   <trkpt lat="39.6099610" lon="-120.6593030"><ele>2138.0</ele></trkpt>
   <trkpt lat="39.6099590" lon="-120.6593400"><ele>2137.6</ele></trkpt>
   <trkpt lat="39.6099550" lon="-120.6593680"><ele>2137.6</ele></trkpt>
   <trkpt lat="39.6099510" lon="-120.6593840"><ele>2137.4</ele></trkpt>
   <trkpt lat="39.6099420" lon="-120.6594340"><ele>2137.0</ele></trkpt>
   <trkpt lat="39.6099390" lon="-120.6594490"><ele>2136.8</ele></trkpt>
   <trkpt lat="39.6099360" lon="-120.6594640"><ele>2136.8</ele></trkpt>
   <trkpt lat="39.6099350" lon="-120.6594980"><ele>2137.0</ele></trkpt>
   <trkpt lat="39.6099280" lon="-120.6595370"><ele>2136.8</ele></trkpt>
   <trkpt lat="39.6099270" lon="-120.6595520"><ele>2136.4</ele></trkpt>
   <trkpt lat="39.6099220" lon="-120.6595620"><ele>2136.2</ele></trkpt>
   <trkpt lat="39.6099270" lon="-120.6596430"><ele>2135.6</ele></trkpt>
   <trkpt lat="39.6099360" lon="-120.6596550"><ele>2135.4</ele></trkpt>
   <trkpt lat="39.6099530" lon="-120.6596520"><ele>2134.4</ele></trkpt>
   <trkpt lat="39.6099550" lon="-120.6596460"><ele>2134.2</ele></trkpt>
   <trkpt lat="39.6099570" lon="-120.6596410"><ele>2133.8</ele></trkpt>
   <trkpt lat="39.6099620" lon="-120.6596330"><ele>2133.6</ele></trkpt>
   <trkpt lat="39.6099750" lon="-120.6596010"><ele>2133.2</ele></trkpt>
   <trkpt lat="39.6099770" lon="-120.6595910"><ele>2133.0</ele></trkpt>
   <trkpt lat="39.6099950" lon="-120.6595610"><ele>2132.6</ele></trkpt>
   <trkpt lat="39.6100020" lon="-120.6595480"><ele>2132.6</ele></trkpt>
   <trkpt lat="39.6100270" lon="-120.6595080"><ele>2132.2</ele></trkpt>
   <trkpt lat="39.6100330" lon="-120.6594960"><ele>2132.2</ele></trkpt>
   <trkpt lat="39.6100560" lon="-120.6594510"><ele>2132.0</ele></trkpt>
   <trkpt lat="39.6100730" lon="-120.6593920"><ele>2132.0</ele></trkpt>
   <trkpt lat="39.6100800" lon="-120.6593610"><ele>2132.2</ele></trkpt>
   <trkpt lat="39.6100840" lon="-120.6593360"><ele>2132.2</ele></trkpt>
   <trkpt lat="39.6100860" lon="-120.6593180"><ele>2132.2</ele></trkpt>
   <trkpt lat="39.6100900" lon="-120.6593010"><ele>2132.2</ele></trkpt>
   <trkpt lat="39.6100990" lon="-120.6592750"><ele>2132.2</ele></trkpt>
   <trkpt lat="39.6101280" lon="-120.6592290"><ele>2132.0</ele></trkpt>
   <trkpt lat="39.6101510" lon="-120.6591220"><ele>2131.2</ele></trkpt>
   <trkpt lat="39.6101640" lon="-120.6590180"><ele>2131.2</ele></trkpt>
   <trkpt lat="39.6101350" lon="-120.6589240"><ele>2131.8</ele></trkpt>
   <trkpt lat="39.6101230" lon="-120.6588670"><ele>2130.8</ele></trkpt>
   <trkpt lat="39.6101120" lon="-120.6588500"><ele>2130.4</ele></trkpt>
   <trkpt lat="39.6101090" lon="-120.6588400"><ele>2130.2</ele></trkpt>
   <trkpt lat="39.6101080" lon="-120.6588280"><ele>2129.8</ele></trkpt>
   <trkpt lat="39.6100980" lon="-120.6587890"><ele>2128.8</ele></trkpt>
   <trkpt lat="39.6100840" lon="-120.6587670"><ele>2128.4</ele></trkpt>
   <trkpt lat="39.6100440" lon="-120.6587040"><ele>2127.6</ele></trkpt>
   <trkpt lat="39.6100260" lon="-120.6586820"><ele>2127.0</ele></trkpt>
   <trkpt lat="39.6100000" lon="-120.6586650"><ele>2126.8</ele></trkpt>
   <trkpt lat="39.6099790" lon="-120.6586350"><ele>2126.6</ele></trkpt>
   <trkpt lat="39.6099740" lon="-120.6586280"><ele>2126.8</ele></trkpt>
   <trkpt lat="39.6099570" lon="-120.6586080"><ele>2126.8</ele></trkpt>
   <trkpt lat="39.6099450" lon="-120.6585960"><ele>2126.8</ele></trkpt>
   <trkpt lat="39.6099160" lon="-120.6585700"><ele>2126.4</ele></trkpt>
   <trkpt lat="39.6098620" lon="-120.6585210"><ele>2125.4</ele></trkpt>
   <trkpt lat="39.6098450" lon="-120.6585070"><ele>2125.4</ele></trkpt>
   <trkpt lat="39.6098200" lon="-120.6584640"><ele>2125.2</ele></trkpt>
   <trkpt lat="39.6098260" lon="-120.6584710"><ele>2124.8</ele></trkpt>
   <trkpt lat="39.6098410" lon="-120.6584840"><ele>2124.2</ele></trkpt>
   <trkpt lat="39.6098520" lon="-120.6584870"><ele>2123.6</ele></trkpt>
   <trkpt lat="39.6098710" lon="-120.6584820"><ele>2123.2</ele></trkpt>
   <trkpt lat="39.6099010" lon="-120.6584880"><ele>2123.0</ele></trkpt>
   <trkpt lat="39.6099260" lon="-120.6584950"><ele>2122.8</ele></trkpt>
   <trkpt lat="39.6099350" lon="-120.6584980"><ele>2122.8</ele></trkpt>
   <trkpt lat="39.6100020" lon="-120.6585500"><ele>2122.4</ele></trkpt>
   <trkpt lat="39.6100340" lon="-120.6585850"><ele>2122.2</ele></trkpt>
   <trkpt lat="39.6100450" lon="-120.6585960"><ele>2122.2</ele></trkpt>
   <trkpt lat="39.6101680" lon="-120.6586690"><ele>2121.2</ele></trkpt>
   <trkpt lat="39.6101750" lon="-120.6586740"><ele>2121.0</ele></trkpt>
   <trkpt lat="39.6102380" lon="-120.6587140"><ele>2120.2</ele></trkpt>
   <trkpt lat="39.6102790" lon="-120.6587620"><ele>2119.4</ele></trkpt>
   <trkpt lat="39.6103140" lon="-120.6588320"><ele>2119.2</ele></trkpt>
   <trkpt lat="39.6103420" lon="-120.6589050"><ele>2119.4</ele></trkpt>
   <trkpt lat="39.6103680" lon="-120.6590070"><ele>2119.4</ele></trkpt>
   <trkpt lat="39.6103750" lon="-120.6590340"><ele>2119.2</ele></trkpt>
   <trkpt lat="39.6103790" lon="-120.6590490"><ele>2119.0</ele></trkpt>
   <trkpt lat="39.6103900" lon="-120.6590770"><ele>2118.8</ele></trkpt>
   <trkpt lat="39.6104140" lon="-120.6591110"><ele>2118.6</ele></trkpt>
   <trkpt lat="39.6104560" lon="-120.6591850"><ele>2117.8</ele></trkpt>
   <trkpt lat="39.6104700" lon="-120.6592120"><ele>2117.6</ele></trkpt>
   <trkpt lat="39.6104940" lon="-120.6593660"><ele>2116.8</ele></trkpt>
   <trkpt lat="39.6105050" lon="-120.6594240"><ele>2116.6</ele></trkpt>
   <trkpt lat="39.6105050" lon="-120.6594390"><ele>2116.4</ele></trkpt>
   <trkpt lat="39.6105090" lon="-120.6594820"><ele>2115.8</ele></trkpt>
   <trkpt lat="39.6105030" lon="-120.6595790"><ele>2115.0</ele></trkpt>
   <trkpt lat="39.6105030" lon="-120.6595970"><ele>2114.8</ele></trkpt>
   <trkpt lat="39.6105070" lon="-120.6596170"><ele>2114.8</ele></trkpt>
   <trkpt lat="39.6105130" lon="-120.6596990"><ele>2114.6</ele></trkpt>
   <trkpt lat="39.6105310" lon="-120.6597700"><ele>2114.6</ele></trkpt>
   <trkpt lat="39.6105750" lon="-120.6598580"><ele>2113.8</ele></trkpt>
   <trkpt lat="39.6105900" lon="-120.6598850"><ele>2113.6</ele></trkpt>
   <trkpt lat="39.6106160" lon="-120.6599900"><ele>2112.6</ele></trkpt>
   <trkpt lat="39.6106270" lon="-120.6600500"><ele>2112.4</ele></trkpt>
   <trkpt lat="39.6106350" lon="-120.6600660"><ele>2112.4</ele></trkpt>
   <trkpt lat="39.6106460" lon="-120.6600810"><ele>2112.4</ele></trkpt>
   <trkpt lat="39.6106540" lon="-120.6600960"><ele>2112.4</ele></trkpt>
   <trkpt lat="39.6106910" lon="-120.6601320"><ele>2112.4</ele></trkpt>
   <trkpt lat="39.6107110" lon="-120.6601210"><ele>2111.6</ele></trkpt>
   <trkpt lat="39.6107120" lon="-120.6600970"><ele>2111.2</ele></trkpt>
   <trkpt lat="39.6107110" lon="-120.6600810"><ele>2111.0</ele></trkpt>
   <trkpt lat="39.6107120" lon="-120.6600050"><ele>2110.6</ele></trkpt>
   <trkpt lat="39.6107160" lon="-120.6599760"><ele>2110.2</ele></trkpt>
   <trkpt lat="39.6107170" lon="-120.6599470"><ele>2109.4</ele></trkpt>
   <trkpt lat="39.6107150" lon="-120.6598570"><ele>2108.6</ele></trkpt>
   <trkpt lat="39.6107150" lon="-120.6598220"><ele>2108.4</ele></trkpt>
   <trkpt lat="39.6107120" lon="-120.6597880"><ele>2108.0</ele></trkpt>
   <trkpt lat="39.6106990" lon="-120.6597470"><ele>2107.6</ele></trkpt>
   <trkpt lat="39.6107310" lon="-120.6596480"><ele>2107.6</ele></trkpt>
   <trkpt lat="39.6107570" lon="-120.6596190"><ele>2107.2</ele></trkpt>
   <trkpt lat="39.6107790" lon="-120.6595920"><ele>2107.0</ele></trkpt>
   <trkpt lat="39.6108130" lon="-120.6595430"><ele>2106.8</ele></trkpt>
   <trkpt lat="39.6108360" lon="-120.6594660"><ele>2106.6</ele></trkpt>
   <trkpt lat="39.6108390" lon="-120.6594490"><ele>2106.6</ele></trkpt>
   <trkpt lat="39.6108510" lon="-120.6593820"><ele>2106.6</ele></trkpt>
   <trkpt lat="39.6108570" lon="-120.6593580"><ele>2106.2</ele></trkpt>
   <trkpt lat="39.6108620" lon="-120.6592770"><ele>2106.0</ele></trkpt>
   <trkpt lat="39.6108490" lon="-120.6591820"><ele>2106.0</ele></trkpt>
   <trkpt lat="39.6108200" lon="-120.6590730"><ele>2106.2</ele></trkpt>
   <trkpt lat="39.6108100" lon="-120.6590650"><ele>2106.4</ele></trkpt>
   <trkpt lat="39.6107830" lon="-120.6590140"><ele>2107.0</ele></trkpt>
   <trkpt lat="39.6107680" lon="-120.6589660"><ele>2107.0</ele></trkpt>
   <trkpt lat="39.6107520" lon="-120.6589210"><ele>2106.8</ele></trkpt>
   <trkpt lat="39.6107450" lon="-120.6588920"><ele>2106.6</ele></trkpt>
   <trkpt lat="39.6107320" lon="-120.6588410"><ele>2107.2</ele></trkpt>
   <trkpt lat="39.6107270" lon="-120.6588280"><ele>2107.4</ele></trkpt>
   <trkpt lat="39.6106940" lon="-120.6587550"><ele>2107.4</ele></trkpt>
   <trkpt lat="39.6106480" lon="-120.6586600"><ele>2106.6</ele></trkpt>
   <trkpt lat="39.6106060" lon="-120.6586030"><ele>2106.4</ele></trkpt>
   <trkpt lat="39.6105860" lon="-120.6585780"><ele>2106.0</ele></trkpt>
   <trkpt lat="39.6105600" lon="-120.6585390"><ele>2105.6</ele></trkpt>
   <trkpt lat="39.6105170" lon="-120.6584490"><ele>2105.4</ele></trkpt>
   <trkpt lat="39.6104850" lon="-120.6584090"><ele>2105.4</ele></trkpt>
   <trkpt lat="39.6104740" lon="-120.6583870"><ele>2105.6</ele></trkpt>
   <trkpt lat="39.6104690" lon="-120.6583790"><ele>2105.6</ele></trkpt>
   <trkpt lat="39.6104530" lon="-120.6583140"><ele>2105.4</ele></trkpt>
   <trkpt lat="39.6104560" lon="-120.6582850"><ele>2105.0</ele></trkpt>
   <trkpt lat="39.6104580" lon="-120.6582670"><ele>2105.0</ele></trkpt>
   <trkpt lat="39.6104710" lon="-120.6582040"><ele>2104.2</ele></trkpt>
   <trkpt lat="39.6104700" lon="-120.6581560"><ele>2104.0</ele></trkpt>
   <trkpt lat="39.6104660" lon="-120.6580630"><ele>2103.4</ele></trkpt>
   <trkpt lat="39.6104700" lon="-120.6579740"><ele>2103.4</ele></trkpt>
   <trkpt lat="39.6104560" lon="-120.6579330"><ele>2103.2</ele></trkpt>
   <trkpt lat="39.6104290" lon="-120.6578460"><ele>2102.8</ele></trkpt>
   <trkpt lat="39.6104150" lon="-120.6578280"><ele>2102.8</ele></trkpt>
   <trkpt lat="39.6104070" lon="-120.6577950"><ele>2102.6</ele></trkpt>
   <trkpt lat="39.6103850" lon="-120.6577480"><ele>2102.2</ele></trkpt>
   <trkpt lat="39.6102860" lon="-120.6576940"><ele>2102.6</ele></trkpt>
   <trkpt lat="39.6102080" lon="-120.6576840"><ele>2102.0</ele></trkpt>
   <trkpt lat="39.6101940" lon="-120.6576840"><ele>2102.0</ele></trkpt>
   <trkpt lat="39.6101130" lon="-120.6577110"><ele>2102.2</ele></trkpt>
   <trkpt lat="39.6100890" lon="-120.6577210"><ele>2101.8</ele></trkpt>
   <trkpt lat="39.6100730" lon="-120.6577210"><ele>2101.8</ele></trkpt>
   <trkpt lat="39.6100400" lon="-120.6577360"><ele>2101.8</ele></trkpt>
   <trkpt lat="39.6099950" lon="-120.6577420"><ele>2101.6</ele></trkpt>
   <trkpt lat="39.6099840" lon="-120.6577420"><ele>2101.6</ele></trkpt>
   <trkpt lat="39.6099740" lon="-120.6577460"><ele>2101.6</ele></trkpt>
   <trkpt lat="39.6099650" lon="-120.6577520"><ele>2101.6</ele></trkpt>
   <trkpt lat="39.6099500" lon="-120.6577570"><ele>2101.6</ele></trkpt>
   <trkpt lat="39.6099150" lon="-120.6577630"><ele>2101.6</ele></trkpt>
   <trkpt lat="39.6098890" lon="-120.6577750"><ele>2101.6</ele></trkpt>
   <trkpt lat="39.6098460" lon="-120.6577810"><ele>2102.0</ele></trkpt>
   <trkpt lat="39.6098050" lon="-120.6577780"><ele>2102.0</ele></trkpt>
   <trkpt lat="39.6097940" lon="-120.6577680"><ele>2101.8</ele></trkpt>
   <trkpt lat="39.6097850" lon="-120.6577650"><ele>2101.8</ele></trkpt>
   <trkpt lat="39.6097280" lon="-120.6577620"><ele>2101.2</ele></trkpt>
   <trkpt lat="39.6097060" lon="-120.6577730"><ele>2101.0</ele></trkpt>
   <trkpt lat="39.6096250" lon="-120.6577810"><ele>2100.8</ele></trkpt>
   <trkpt lat="39.6096000" lon="-120.6577800"><ele>2100.8</ele></trkpt>
   <trkpt lat="39.6095850" lon="-120.6577780"><ele>2100.6</ele></trkpt>
   <trkpt lat="39.6095380" lon="-120.6577710"><ele>2100.4</ele></trkpt>
   <trkpt lat="39.6094890" lon="-120.6577650"><ele>2100.4</ele></trkpt>
   <trkpt lat="39.6094780" lon="-120.6577620"><ele>2100.2</ele></trkpt>
   <trkpt lat="39.6094510" lon="-120.6577590"><ele>2100.2</ele></trkpt>
   <trkpt lat="39.6094390" lon="-120.6577630"><ele>2100.2</ele></trkpt>
   <trkpt lat="39.6094060" lon="-120.6577680"><ele>2099.8</ele></trkpt>
   <trkpt lat="39.6093840" lon="-120.6577750"><ele>2099.4</ele></trkpt>
   <trkpt lat="39.6093730" lon="-120.6577820"><ele>2099.4</ele></trkpt>
   <trkpt lat="39.6093480" lon="-120.6577990"><ele>2099.2</ele></trkpt>
   <trkpt lat="39.6093370" lon="-120.6578020"><ele>2099.4</ele></trkpt>
   <trkpt lat="39.6092830" lon="-120.6578670"><ele>2098.8</ele></trkpt>
   <trkpt lat="39.6092740" lon="-120.6578730"><ele>2098.6</ele></trkpt>
   <trkpt lat="39.6092390" lon="-120.6578860"><ele>2098.2</ele></trkpt>
   <trkpt lat="39.6092130" lon="-120.6579040"><ele>2098.0</ele></trkpt>
   <trkpt lat="39.6091960" lon="-120.6579350"><ele>2098.2</ele></trkpt>
   <trkpt lat="39.6091370" lon="-120.6579410"><ele>2097.8</ele></trkpt>
   <trkpt lat="39.6091220" lon="-120.6579360"><ele>2097.6</ele></trkpt>
   <trkpt lat="39.6090670" lon="-120.6579200"><ele>2097.6</ele></trkpt>
   <trkpt lat="39.6089780" lon="-120.6579250"><ele>2097.8</ele></trkpt>
   <trkpt lat="39.6089010" lon="-120.6579340"><ele>2097.6</ele></trkpt>
   <trkpt lat="39.6088950" lon="-120.6579260"><ele>2097.4</ele></trkpt>
   <trkpt lat="39.6089030" lon="-120.6579280"><ele>2097.2</ele></trkpt>
   <trkpt lat="39.6089130" lon="-120.6579290"><ele>2097.2</ele></trkpt>
   <trkpt lat="39.6089300" lon="-120.6579250"><ele>2097.0</ele></trkpt>
   <trkpt lat="39.6089380" lon="-120.6579190"><ele>2096.8</ele></trkpt>
   <trkpt lat="39.6089690" lon="-120.6579110"><ele>2096.6</ele></trkpt>
   <trkpt lat="39.6089920" lon="-120.6578900"><ele>2095.8</ele></trkpt>
   <trkpt lat="39.6089940" lon="-120.6578790"><ele>2095.4</ele></trkpt>
   <trkpt lat="39.6090000" lon="-120.6578570"><ele>2095.2</ele></trkpt>
   <trkpt lat="39.6090250" lon="-120.6578330"><ele>2094.8</ele></trkpt>
   <trkpt lat="39.6090340" lon="-120.6578210"><ele>2094.4</ele></trkpt>
   <trkpt lat="39.6090430" lon="-120.6578170"><ele>2094.4</ele></trkpt>
   <trkpt lat="39.6090630" lon="-120.6577870"><ele>2094.2</ele></trkpt>
   <trkpt lat="39.6090720" lon="-120.6577760"><ele>2094.2</ele></trkpt>
   <trkpt lat="39.6090750" lon="-120.6577690"><ele>2094.0</ele></trkpt>
   <trkpt lat="39.6090820" lon="-120.6577490"><ele>2093.2</ele></trkpt>
   <trkpt lat="39.6090850" lon="-120.6577340"><ele>2092.8</ele></trkpt>
   <trkpt lat="39.6090890" lon="-120.6577240"><ele>2092.4</ele></trkpt>
   <trkpt lat="39.6091060" lon="-120.6577120"><ele>2092.0</ele></trkpt>
   <trkpt lat="39.6091130" lon="-120.6577020"><ele>2091.8</ele></trkpt>
   <trkpt lat="39.6091510" lon="-120.6576770"><ele>2091.2</ele></trkpt>
   <trkpt lat="39.6091710" lon="-120.6576630"><ele>2091.0</ele></trkpt>
   <trkpt lat="39.6091860" lon="-120.6576560"><ele>2090.4</ele></trkpt>
   <trkpt lat="39.6091980" lon="-120.6576400"><ele>2089.8</ele></trkpt>
   <trkpt lat="39.6092010" lon="-120.6576340"><ele>2089.6</ele></trkpt>
   <trkpt lat="39.6092180" lon="-120.6576100"><ele>2088.8</ele></trkpt>
   <trkpt lat="39.6092200" lon="-120.6575980"><ele>2088.6</ele></trkpt>
   <trkpt lat="39.6092250" lon="-120.6575850"><ele>2088.4</ele></trkpt>
   <trkpt lat="39.6092460" lon="-120.6575770"><ele>2088.0</ele></trkpt>
   <trkpt lat="39.6092520" lon="-120.6575750"><ele>2087.6</ele></trkpt>
   <trkpt lat="39.6092890" lon="-120.6575710"><ele>2086.8</ele></trkpt>
   <trkpt lat="39.6092990" lon="-120.6575670"><ele>2086.6</ele></trkpt>
   <trkpt lat="39.6093230" lon="-120.6575610"><ele>2086.2</ele></trkpt>
   <trkpt lat="39.6093420" lon="-120.6575540"><ele>2085.8</ele></trkpt>
   <trkpt lat="39.6093610" lon="-120.6575450"><ele>2085.6</ele></trkpt>
   <trkpt lat="39.6093890" lon="-120.6574970"><ele>2084.8</ele></trkpt>
   <trkpt lat="39.6093930" lon="-120.6574880"><ele>2084.4</ele></trkpt>
   <trkpt lat="39.6094070" lon="-120.6574720"><ele>2083.6</ele></trkpt>
   <trkpt lat="39.6094100" lon="-120.6574670"><ele>2083.6</ele></trkpt>
   <trkpt lat="39.6094120" lon="-120.6574650"><ele>2083.4</ele></trkpt>
   <trkpt lat="39.6094130" lon="-120.6574650"><ele>2083.4</ele></trkpt>
   <trkpt lat="39.6094600" lon="-120.6574420"><ele>2083.2</ele></trkpt>
   <trkpt lat="39.6094720" lon="-120.6574320"><ele>2083.2</ele></trkpt>
   <trkpt lat="39.6094770" lon="-120.6574260"><ele>2083.0</ele></trkpt>
   <trkpt lat="39.6095100" lon="-120.6574140"><ele>2083.0</ele></trkpt>
   <trkpt lat="39.6095500" lon="-120.6573800"><ele>2082.4</ele></trkpt>
   <trkpt lat="39.6095590" lon="-120.6573730"><ele>2082.2</ele></trkpt>
   <trkpt lat="39.6095730" lon="-120.6573640"><ele>2082.0</ele></trkpt>
   <trkpt lat="39.6096020" lon="-120.6573570"><ele>2081.6</ele></trkpt>
   <trkpt lat="39.6096220" lon="-120.6573560"><ele>2081.2</ele></trkpt>
   <trkpt lat="39.6096530" lon="-120.6573340"><ele>2080.2</ele></trkpt>
   <trkpt lat="39.6096780" lon="-120.6572950"><ele>2079.0</ele></trkpt>
   <trkpt lat="39.6097050" lon="-120.6572760"><ele>2078.0</ele></trkpt>
   <trkpt lat="39.6097070" lon="-120.6572770"><ele>2077.8</ele></trkpt>
   <trkpt lat="39.6097160" lon="-120.6572720"><ele>2077.6</ele></trkpt>
   <trkpt lat="39.6097520" lon="-120.6572670"><ele>2076.8</ele></trkpt>
   <trkpt lat="39.6097910" lon="-120.6572620"><ele>2075.6</ele></trkpt>
   <trkpt lat="39.6098250" lon="-120.6572480"><ele>2074.6</ele></trkpt>
   <trkpt lat="39.6098340" lon="-120.6572480"><ele>2074.4</ele></trkpt>
   <trkpt lat="39.6098520" lon="-120.6572400"><ele>2073.6</ele></trkpt>
   <trkpt lat="39.6098810" lon="-120.6572250"><ele>2072.4</ele></trkpt>
   <trkpt lat="39.6099040" lon="-120.6572050"><ele>2072.2</ele></trkpt>
   <trkpt lat="39.6099240" lon="-120.6572030"><ele>2071.8</ele></trkpt>
   <trkpt lat="39.6099340" lon="-120.6571960"><ele>2071.8</ele></trkpt>
   <trkpt lat="39.6099570" lon="-120.6571800"><ele>2071.4</ele></trkpt>
   <trkpt lat="39.6099620" lon="-120.6571750"><ele>2071.4</ele></trkpt>
   <trkpt lat="39.6099860" lon="-120.6571700"><ele>2070.8</ele></trkpt>
   <trkpt lat="39.6100240" lon="-120.6571550"><ele>2070.8</ele></trkpt>
   <trkpt lat="39.6100720" lon="-120.6571330"><ele>2070.4</ele></trkpt>
   <trkpt lat="39.6100790" lon="-120.6571250"><ele>2070.4</ele></trkpt>
   <trkpt lat="39.6100880" lon="-120.6571210"><ele>2070.2</ele></trkpt>
   <trkpt lat="39.6101470" lon="-120.6570910"><ele>2069.6</ele></trkpt>
   <trkpt lat="39.6101660" lon="-120.6570800"><ele>2069.2</ele></trkpt>
   <trkpt lat="39.6101790" lon="-120.6570760"><ele>2069.0</ele></trkpt>
   <trkpt lat="39.6102240" lon="-120.6570430"><ele>2068.2</ele></trkpt>
   <trkpt lat="39.6102660" lon="-120.6570110"><ele>2067.4</ele></trkpt>
   <trkpt lat="39.6102790" lon="-120.6569980"><ele>2067.0</ele></trkpt>
   <trkpt lat="39.6103770" lon="-120.6569530"><ele>2066.2</ele></trkpt>
   <trkpt lat="39.6103960" lon="-120.6569390"><ele>2065.8</ele></trkpt>
   <trkpt lat="39.6104380" lon="-120.6569260"><ele>2065.2</ele></trkpt>
   <trkpt lat="39.6104540" lon="-120.6569200"><ele>2065.2</ele></trkpt>
   <trkpt lat="39.6105050" lon="-120.6568820"><ele>2064.8</ele></trkpt>
   <trkpt lat="39.6105220" lon="-120.6568700"><ele>2064.8</ele></trkpt>
   <trkpt lat="39.6106500" lon="-120.6567750"><ele>2064.8</ele></trkpt>
   <trkpt lat="39.6106760" lon="-120.6567430"><ele>2064.8</ele></trkpt>
   <trkpt lat="39.6107650" lon="-120.6566130"><ele>2065.6</ele></trkpt>
   <trkpt lat="39.6108170" lon="-120.6565300"><ele>2065.8</ele></trkpt>
   <trkpt lat="39.6108250" lon="-120.6565190"><ele>2066.0</ele></trkpt>
   <trkpt lat="39.6108410" lon="-120.6564810"><ele>2066.2</ele></trkpt>
   <trkpt lat="39.6108450" lon="-120.6564650"><ele>2066.4</ele></trkpt>
   <trkpt lat="39.6108640" lon="-120.6563870"><ele>2066.6</ele></trkpt>
   <trkpt lat="39.6108660" lon="-120.6563610"><ele>2066.6</ele></trkpt>
   <trkpt lat="39.6108850" lon="-120.6563010"><ele>2066.4</ele></trkpt>
   <trkpt lat="39.6108880" lon="-120.6562900"><ele>2066.2</ele></trkpt>
   <trkpt lat="39.6108900" lon="-120.6562790"><ele>2066.2</ele></trkpt>
   <trkpt lat="39.6108910" lon="-120.6562260"><ele>2066.2</ele></trkpt>
   <trkpt lat="39.6108940" lon="-120.6562020"><ele>2066.6</ele></trkpt>
   <trkpt lat="39.6108960" lon="-120.6561400"><ele>2066.8</ele></trkpt>
   <trkpt lat="39.6108830" lon="-120.6561240"><ele>2067.0</ele></trkpt>
   <trkpt lat="39.6108780" lon="-120.6561060"><ele>2067.0</ele></trkpt>
   <trkpt lat="39.6108740" lon="-120.6560910"><ele>2067.0</ele></trkpt>
   <trkpt lat="39.6108720" lon="-120.6560740"><ele>2067.0</ele></trkpt>
   <trkpt lat="39.6108500" lon="-120.6559690"><ele>2066.4</ele></trkpt>
   <trkpt lat="39.6108460" lon="-120.6559360"><ele>2066.2</ele></trkpt>
   <trkpt lat="39.6108270" lon="-120.6557820"><ele>2066.2</ele></trkpt>
   <trkpt lat="39.6108160" lon="-120.6557400"><ele>2066.4</ele></trkpt>
   <trkpt lat="39.6108010" lon="-120.6557240"><ele>2066.2</ele></trkpt>
   <trkpt lat="39.6107940" lon="-120.6557140"><ele>2065.8</ele></trkpt>
   <trkpt lat="39.6107870" lon="-120.6557110"><ele>2065.2</ele></trkpt>
   <trkpt lat="39.6107850" lon="-120.6557090"><ele>2065.0</ele></trkpt>
   <trkpt lat="39.6107760" lon="-120.6557240"><ele>2064.6</ele></trkpt>
   <trkpt lat="39.6107450" lon="-120.6557090"><ele>2064.6</ele></trkpt>
   <trkpt lat="39.6107350" lon="-120.6557060"><ele>2065.8</ele></trkpt>
   <trkpt lat="39.6107400" lon="-120.6557030"><ele>2066.0</ele></trkpt>
   <trkpt lat="39.6107620" lon="-120.6557020"><ele>2064.6</ele></trkpt>
   <trkpt lat="39.6107660" lon="-120.6557010"><ele>2064.2</ele></trkpt>
   <trkpt lat="39.6107710" lon="-120.6557030"><ele>2064.0</ele></trkpt>
   <trkpt lat="39.6107450" lon="-120.6556800"><ele>2063.8</ele></trkpt>
   <trkpt lat="39.6107240" lon="-120.6556580"><ele>2064.0</ele></trkpt>
   <trkpt lat="39.6106960" lon="-120.6556300"><ele>2063.6</ele></trkpt>
   <trkpt lat="39.6106750" lon="-120.6556040"><ele>2063.8</ele></trkpt>
   <trkpt lat="39.6106610" lon="-120.6555980"><ele>2064.0</ele></trkpt>
   <trkpt lat="39.6106540" lon="-120.6556010"><ele>2063.8</ele></trkpt>
   <trkpt lat="39.6106280" lon="-120.6556000"><ele>2063.4</ele></trkpt>
   <trkpt lat="39.6106250" lon="-120.6555660"><ele>2063.2</ele></trkpt>
   <trkpt lat="39.6106170" lon="-120.6555420"><ele>2062.6</ele></trkpt>
   <trkpt lat="39.6105850" lon="-120.6554980"><ele>2061.4</ele></trkpt>
   <trkpt lat="39.6105640" lon="-120.6554860"><ele>2061.2</ele></trkpt>
   <trkpt lat="39.6105610" lon="-120.6554950"><ele>2061.0</ele></trkpt>
   <trkpt lat="39.6105590" lon="-120.6554960"><ele>2060.8</ele></trkpt>
   <trkpt lat="39.6105570" lon="-120.6554980"><ele>2060.2</ele></trkpt>
   <trkpt lat="39.6105700" lon="-120.6554960"><ele>2059.4</ele></trkpt>
   <trkpt lat="39.6105710" lon="-120.6554980"><ele>2059.2</ele></trkpt>
   <trkpt lat="39.6105680" lon="-120.6555040"><ele>2058.6</ele></trkpt>
   <trkpt lat="39.6105700" lon="-120.6555060"><ele>2058.6</ele></trkpt>
   <trkpt lat="39.6105630" lon="-120.6555240"><ele>2058.6</ele></trkpt>
   <trkpt lat="39.6105630" lon="-120.6555130"><ele>2058.0</ele></trkpt>
   <trkpt lat="39.6105670" lon="-120.6555090"><ele>2057.8</ele></trkpt>
   <trkpt lat="39.6105640" lon="-120.6554970"><ele>2058.2</ele></trkpt>
   <trkpt lat="39.6105640" lon="-120.6554950"><ele>2058.2</ele></trkpt>
   <trkpt lat="39.6105540" lon="-120.6555090"><ele>2057.2</ele></trkpt>
   <trkpt lat="39.6105530" lon="-120.6555100"><ele>2057.2</ele></trkpt>
   <trkpt lat="39.6105530" lon="-120.6555090"><ele>2057.0</ele></trkpt>
   <trkpt lat="39.6105520" lon="-120.6555090"><ele>2056.8</ele></trkpt>
   <trkpt lat="39.6105520" lon="-120.6555090"><ele>2056.6</ele></trkpt>
   <trkpt lat="39.6105520" lon="-120.6555100"><ele>2056.6</ele></trkpt>
   <trkpt lat="39.6105510" lon="-120.6555120"><ele>2056.6</ele></trkpt>
   <trkpt lat="39.6105430" lon="-120.6555130"><ele>2057.0</ele></trkpt>
   <trkpt lat="39.6105440" lon="-120.6555130"><ele>2057.2</ele></trkpt>
   <trkpt lat="39.6105590" lon="-120.6554910"><ele>2057.6</ele></trkpt>
   <trkpt lat="39.6105600" lon="-120.6554900"><ele>2057.8</ele></trkpt>
   <trkpt lat="39.6105730" lon="-120.6555120"><ele>2057.8</ele></trkpt>
   <trkpt lat="39.6105740" lon="-120.6555130"><ele>2057.8</ele></trkpt>
   <trkpt lat="39.6105640" lon="-120.6555210"><ele>2057.0</ele></trkpt>
   <trkpt lat="39.6105660" lon="-120.6555230"><ele>2057.4</ele></trkpt>
   <trkpt lat="39.6105640" lon="-120.6554900"><ele>2057.8</ele></trkpt>
   <trkpt lat="39.6105700" lon="-120.6554820"><ele>2057.0</ele></trkpt>
   <trkpt lat="39.6105730" lon="-120.6554810"><ele>2057.0</ele></trkpt>
   <trkpt lat="39.6105930" lon="-120.6554540"><ele>2057.0</ele></trkpt>
   <trkpt lat="39.6105890" lon="-120.6554550"><ele>2057.0</ele></trkpt>
   <trkpt lat="39.6105870" lon="-120.6554580"><ele>2057.0</ele></trkpt>
   <trkpt lat="39.6105860" lon="-120.6554580"><ele>2057.0</ele></trkpt>
   <trkpt lat="39.6105850" lon="-120.6554690"><ele>2057.0</ele></trkpt>
   <trkpt lat="39.6105860" lon="-120.6554700"><ele>2057.0</ele></trkpt>
   <trkpt lat="39.6105840" lon="-120.6554860"><ele>2057.0</ele></trkpt>
   <trkpt lat="39.6105730" lon="-120.6555070"><ele>2057.0</ele></trkpt>
   <trkpt lat="39.6105650" lon="-120.6555090"><ele>2057.0</ele></trkpt>
   <trkpt lat="39.6105650" lon="-120.6555060"><ele>2057.0</ele></trkpt>
   <trkpt lat="39.6105740" lon="-120.6555090"><ele>2057.0</ele></trkpt>
   <trkpt lat="39.6105800" lon="-120.6555110"><ele>2057.0</ele></trkpt>
   <trkpt lat="39.6105810" lon="-120.6555100"><ele>2057.0</ele></trkpt>
   <trkpt lat="39.6105810" lon="-120.6555100"><ele>2057.0</ele></trkpt>
   <trkpt lat="39.6105820" lon="-120.6555080"><ele>2057.0</ele></trkpt>
   <trkpt lat="39.6105690" lon="-120.6555160"><ele>2057.0</ele></trkpt>
   <trkpt lat="39.6105710" lon="-120.6555110"><ele>2057.0</ele></trkpt>
   <trkpt lat="39.6105630" lon="-120.6555130"><ele>2057.0</ele></trkpt>
   <trkpt lat="39.6105520" lon="-120.6555250"><ele>2057.0</ele></trkpt>
   <trkpt lat="39.6105500" lon="-120.6555290"><ele>2057.0</ele></trkpt>
   <trkpt lat="39.6105450" lon="-120.6555340"><ele>2057.0</ele></trkpt>
   <trkpt lat="39.6105430" lon="-120.6555230"><ele>2057.0</ele></trkpt>
   <trkpt lat="39.6105490" lon="-120.6555180"><ele>2057.0</ele></trkpt>
   <trkpt lat="39.6105500" lon="-120.6555160"><ele>2057.0</ele></trkpt>
   <trkpt lat="39.6105530" lon="-120.6555150"><ele>2057.0</ele></trkpt>
   <trkpt lat="39.6105550" lon="-120.6555130"><ele>2057.0</ele></trkpt>
   <trkpt lat="39.6105580" lon="-120.6555130"><ele>2057.0</ele></trkpt>
   <trkpt lat="39.6105630" lon="-120.6555010"><ele>2057.0</ele></trkpt>
   <trkpt lat="39.6105630" lon="-120.6554970"><ele>2057.0</ele></trkpt>
   <trkpt lat="39.6105640" lon="-120.6555320"><ele>2057.0</ele></trkpt>
   <trkpt lat="39.6105680" lon="-120.6555360"><ele>2057.0</ele></trkpt>
   <trkpt lat="39.6105930" lon="-120.6555420"><ele>2057.0</ele></trkpt>
   <trkpt lat="39.6105980" lon="-120.6555380"><ele>2057.0</ele></trkpt>
   <trkpt lat="39.6106060" lon="-120.6555430"><ele>2057.0</ele></trkpt>
   <trkpt lat="39.6106170" lon="-120.6555590"><ele>2057.0</ele></trkpt>
   <trkpt lat="39.6106200" lon="-120.6555640"><ele>2057.0</ele></trkpt>
   <trkpt lat="39.6106340" lon="-120.6555810"><ele>2057.0</ele></trkpt>
   <trkpt lat="39.6106330" lon="-120.6555830"><ele>2057.0</ele></trkpt>
   <trkpt lat="39.6106380" lon="-120.6555870"><ele>2057.0</ele></trkpt>
   <trkpt lat="39.6106400" lon="-120.6555910"><ele>2057.0</ele></trkpt>
   <trkpt lat="39.6106440" lon="-120.6555950"><ele>2057.0</ele></trkpt>
   <trkpt lat="39.6106480" lon="-120.6555990"><ele>2057.0</ele></trkpt>
   <trkpt lat="39.6106520" lon="-120.6556030"><ele>2057.0</ele></trkpt>
   <trkpt lat="39.6106560" lon="-120.6556080"><ele>2057.0</ele></trkpt>
   <trkpt lat="39.6106610" lon="-120.6556160"><ele>2057.0</ele></trkpt>
   <trkpt lat="39.6106630" lon="-120.6556200"><ele>2061.8</ele></trkpt>
   <trkpt lat="39.6106640" lon="-120.6556280"><ele>2061.8</ele></trkpt>
   <trkpt lat="39.6106680" lon="-120.6556320"><ele>2062.0</ele></trkpt>
   <trkpt lat="39.6106740" lon="-120.6556450"><ele>2062.2</ele></trkpt>
   <trkpt lat="39.6106750" lon="-120.6556510"><ele>2062.2</ele></trkpt>
   <trkpt lat="39.6106730" lon="-120.6556740"><ele>2062.0</ele></trkpt>
   <trkpt lat="39.6106700" lon="-120.6556890"><ele>2062.0</ele></trkpt>
   <trkpt lat="39.6106670" lon="-120.6557010"><ele>2062.0</ele></trkpt>
   <trkpt lat="39.6106660" lon="-120.6557070"><ele>2062.8</ele></trkpt>
   <trkpt lat="39.6106670" lon="-120.6556950"><ele>2062.8</ele></trkpt>
   <trkpt lat="39.6106680" lon="-120.6556930"><ele>2062.8</ele></trkpt>
   <trkpt lat="39.6106700" lon="-120.6556920"><ele>2062.8</ele></trkpt>
   <trkpt lat="39.6106710" lon="-120.6556900"><ele>2062.8</ele></trkpt>
   <trkpt lat="39.6106740" lon="-120.6556940"><ele>2063.2</ele></trkpt>
   <trkpt lat="39.6106770" lon="-120.6557160"><ele>2063.6</ele></trkpt>
   <trkpt lat="39.6106770" lon="-120.6557120"><ele>2063.8</ele></trkpt>
   <trkpt lat="39.6106790" lon="-120.6557100"><ele>2063.4</ele></trkpt>
   <trkpt lat="39.6106760" lon="-120.6557090"><ele>2063.2</ele></trkpt>
   <trkpt lat="39.6106720" lon="-120.6557120"><ele>2061.4</ele></trkpt>
   <trkpt lat="39.6106760" lon="-120.6557290"><ele>2061.4</ele></trkpt>
   <trkpt lat="39.6106710" lon="-120.6557240"><ele>2061.4</ele></trkpt>
   <trkpt lat="39.6106840" lon="-120.6557390"><ele>2061.4</ele></trkpt>
   <trkpt lat="39.6106850" lon="-120.6557420"><ele>2061.4</ele></trkpt>
   <trkpt lat="39.6106990" lon="-120.6557540"><ele>2061.4</ele></trkpt>
   <trkpt lat="39.6107000" lon="-120.6557600"><ele>2061.4</ele></trkpt>
   <trkpt lat="39.6106970" lon="-120.6557630"><ele>2061.4</ele></trkpt>
   <trkpt lat="39.6106980" lon="-120.6557630"><ele>2061.4</ele></trkpt>
   <trkpt lat="39.6107010" lon="-120.6557520"><ele>2061.4</ele></trkpt>
   <trkpt lat="39.6107020" lon="-120.6557490"><ele>2061.4</ele></trkpt>
   <trkpt lat="39.6107020" lon="-120.6557460"><ele>2061.4</ele></trkpt>
   <trkpt lat="39.6107030" lon="-120.6557430"><ele>2064.2</ele></trkpt>
   <trkpt lat="39.6107030" lon="-120.6557610"><ele>2063.8</ele></trkpt>
   <trkpt lat="39.6107030" lon="-120.6557690"><ele>2063.6</ele></trkpt>
   <trkpt lat="39.6106980" lon="-120.6557780"><ele>2063.4</ele></trkpt>
   <trkpt lat="39.6106880" lon="-120.6557640"><ele>2064.2</ele></trkpt>
   <trkpt lat="39.6106860" lon="-120.6557770"><ele>2063.8</ele></trkpt>
   <trkpt lat="39.6106820" lon="-120.6557900"><ele>2063.2</ele></trkpt>
   <trkpt lat="39.6106780" lon="-120.6557940"><ele>2063.0</ele></trkpt>
   <trkpt lat="39.6106780" lon="-120.6557930"><ele>2063.0</ele></trkpt>
   <trkpt lat="39.6106770" lon="-120.6557980"><ele>2063.0</ele></trkpt>
   <trkpt lat="39.6106760" lon="-120.6558040"><ele>2064.2</ele></trkpt>
   <trkpt lat="39.6106760" lon="-120.6558050"><ele>2064.4</ele></trkpt>
   <trkpt lat="39.6106800" lon="-120.6558130"><ele>2064.6</ele></trkpt>
   <trkpt lat="39.6106820" lon="-120.6558070"><ele>2064.6</ele></trkpt>
   <trkpt lat="39.6106820" lon="-120.6558040"><ele>2064.6</ele></trkpt>
   <trkpt lat="39.6106710" lon="-120.6558080"><ele>2064.6</ele></trkpt>
   <trkpt lat="39.6106680" lon="-120.6558070"><ele>2064.6</ele></trkpt>
   <trkpt lat="39.6106590" lon="-120.6557930"><ele>2064.6</ele></trkpt>
   <trkpt lat="39.6106530" lon="-120.6557820"><ele>2064.6</ele></trkpt>
   <trkpt lat="39.6106570" lon="-120.6557700"><ele>2064.6</ele></trkpt>
   <trkpt lat="39.6106540" lon="-120.6557670"><ele>2064.6</ele></trkpt>
  </trkseg>
 </trk>
</gpx>
